order_id,order_date,year,quarter_name,month_num,month_name,year_month,day_name,is_weekend,region,sales_channel,customer_type,product_category,product,price_tier,salesperson,quantity,unit_price,discount_pct,discount_band,gross_revenue,discount_amount,net_revenue
ORD-1001,2026-01-09,2026,Q1,1,January,2026-01,Friday,0,West,Online,New,Accessories,Mouse Pad,Budget,Sofia Tan,4,13.1,0.0,No discount,52.4,0.02,52.38
ORD-1002,2026-03-17,2026,Q1,3,March,2026-03,Tuesday,0,East,Retail Store,Returning,Storage,Memory Card 256GB,Budget,Nora Chen,3,81.0,0.03,Low (1-5%),243.0,7.29,235.71
ORD-1003,2026-06-10,2026,Q2,6,June,2026-06,Wednesday,0,West,Online,New,Networking,Ethernet Cable,Budget,Ben Ho,2,17.46,0.0,No discount,34.92,0.0,34.92
ORD-1004,2026-08-26,2026,Q3,8,August,2026-08,Wednesday,0,North,Retail Store,New,Networking,Wi-Fi Router,Mid-range,Aisha Lim,6,252.0,0.05,Low (1-5%),1512.0,75.6,1436.4
ORD-1005,2026-08-23,2026,Q3,8,August,2026-08,Sunday,1,North,Corporate Sales,Returning,Networking,Mesh Wi-Fi Set,Mid-range,Aisha Lim,7,654.75,0.05,Low (1-5%),4583.25,229.16,4354.09
ORD-1006,2026-12-03,2026,Q4,12,December,2026-12,Thursday,0,North,Online,Returning,Storage,External HDD 2TB,Mid-range,Daniel Wong,2,288.0,0.05,Low (1-5%),576.0,28.8,547.2
ORD-1007,2026-08-09,2026,Q3,8,August,2026-08,Sunday,1,West,Marketplace,Returning,Accessories,Wireless Mouse,Budget,Priya Shah,3,41.31,0.0,No discount,123.93,0.0,123.93
ORD-1008,2026-11-11,2026,Q4,11,November,2026-11,Wednesday,0,North,Retail Store,Returning,Storage,External HDD 2TB,Mid-range,Daniel Wong,2,288.0,0.15,High (>10%),576.0,86.4,489.6
ORD-1009,2026-04-19,2026,Q2,4,April,2026-04,Sunday,1,East,Retail Store,Returning,Networking,Mesh Wi-Fi Set,Mid-range,Nora Chen,2,715.5,0.0,No discount,1431.0,0.0,1431.0
ORD-1010,2026-06-03,2026,Q2,6,June,2026-06,Wednesday,0,Central,Retail Store,New,Computers,Gaming Laptop,Premium,Chloe Lim,5,3780.0,0.1,Medium (6-10%),18900.0,1890.0,17010.0
ORD-1011,2026-04-09,2026,Q2,4,April,2026-04,Thursday,0,West,Retail Store,New,Storage,External SSD 1TB,Mid-range,Priya Shah,3,405.0,0.05,Low (1-5%),1215.0,60.75,1154.25
ORD-1012,2026-09-11,2026,Q3,9,September,2026-09,Friday,0,Central,Corporate Sales,Returning,Computers,Desktop Mini,Premium,Kevin Yap,2,1620.0,0.15,High (>10%),3240.0,486.0,2754.0
ORD-1013,2026-12-30,2026,Q4,12,December,2026-12,Wednesday,0,East,Online,New,Accessories,Laptop Stand,Budget,Grace Ng,2,34.2,0.05,Low (1-5%),68.4,3.42,64.98
ORD-1014,2026-03-12,2026,Q1,3,March,2026-03,Thursday,0,West,Marketplace,Returning,Monitors,27-inch Monitor,Mid-range,Sofia Tan,3,765.0,0.2,High (>10%),2295.0,459.0,1836.0
ORD-1015,2026-04-28,2026,Q2,4,April,2026-04,Tuesday,0,East,Marketplace,Returning,Storage,External HDD 2TB,Mid-range,Amir Hassan,3,288.0,0.1,Medium (6-10%),864.0,86.4,777.6
ORD-1016,2026-06-17,2026,Q2,6,June,2026-06,Wednesday,0,East,Online,New,Accessories,Webcam,Budget,Grace Ng,4,72.0,0.0,No discount,288.0,0.0,288.0
ORD-1017,2026-08-09,2026,Q3,8,August,2026-08,Sunday,1,North,Online,New,Monitors,Ultrawide Monitor,Premium,Daniel Wong,2,1431.0,0.0,No discount,2862.0,0.0,2862.0
ORD-1018,2026-08-08,2026,Q3,8,August,2026-08,Saturday,1,Central,Marketplace,New,Accessories,USB-C Hub,Budget,Kevin Yap,3,50.49,0.08,Medium (6-10%),151.47,12.12,139.35
ORD-1019,2026-01-21,2026,Q1,1,January,2026-01,Wednesday,0,Central,Online,Returning,Computers,Laptop Pro 14,Premium,Chloe Lim,2,2880.0,0.05,Low (1-5%),5760.0,288.0,5472.0
ORD-1020,2026-09-06,2026,Q3,9,September,2026-09,Sunday,1,East,Marketplace,New,Office Supplies,Sticky Notes,Budget,Nora Chen,2,6.98,0.2,High (>10%),13.96,2.79,11.17
ORD-1021,2026-12-30,2026,Q4,12,December,2026-12,Wednesday,0,West,Online,Returning,Monitors,Portable Monitor,Mid-range,Ben Ho,2,598.5,0.0,No discount,1197.0,0.0,1197.0
ORD-1022,2026-04-26,2026,Q2,4,April,2026-04,Sunday,1,Central,Online,Returning,Storage,Memory Card 256GB,Budget,Chloe Lim,2,81.0,0.03,Low (1-5%),162.0,4.86,157.14
ORD-1023,2026-08-18,2026,Q3,8,August,2026-08,Tuesday,0,North,Online,New,Monitors,27-inch Monitor,Mid-range,Mei Tan,5,726.75,0.0,No discount,3633.75,0.0,3633.75
ORD-1024,2026-03-01,2026,Q1,3,March,2026-03,Sunday,1,West,Online,New,Office Supplies,Pen Pack,Budget,Priya Shah,4,10.26,0.03,Low (1-5%),41.04,1.23,39.81
ORD-1025,2026-11-08,2026,Q4,11,November,2026-11,Sunday,1,Central,Online,Returning,Accessories,USB-C Hub,Budget,Hafiz Rahman,5,49.5,0.03,Low (1-5%),247.5,7.42,240.08
ORD-1026,2026-12-30,2026,Q4,12,December,2026-12,Wednesday,0,North,Retail Store,Returning,Networking,Wi-Fi Router,Mid-range,Aisha Lim,4,252.0,0.03,Low (1-5%),1008.0,30.24,977.76
ORD-1027,2026-11-29,2026,Q4,11,November,2026-11,Sunday,1,South,Online,Returning,Monitors,Ultrawide Monitor,Premium,Jason Lee,3,1282.5,0.08,Medium (6-10%),3847.5,307.8,3539.7
ORD-1028,2026-05-02,2026,Q2,5,May,2026-05,Saturday,1,South,Marketplace,Returning,Accessories,Laptop Stand,Budget,Jason Lee,5,34.2,0.03,Low (1-5%),171.0,5.13,165.87
ORD-1029,2026-11-17,2026,Q4,11,November,2026-11,Tuesday,0,East,Marketplace,Returning,Accessories,USB-C Hub,Budget,Nora Chen,2,49.5,0.05,Low (1-5%),99.0,4.95,94.05
ORD-1030,2026-09-09,2026,Q3,9,September,2026-09,Wednesday,0,North,Retail Store,Returning,Monitors,24-inch Monitor,Mid-range,Mei Tan,5,506.34,0.08,Medium (6-10%),2531.7,202.54,2329.16
ORD-1031,2026-07-27,2026,Q3,7,July,2026-07,Monday,0,South,Retail Store,Returning,Accessories,Laptop Stand,Budget,Raj Kumar,7,32.49,0.03,Low (1-5%),227.43,6.82,220.61
ORD-1032,2026-12-09,2026,Q4,12,December,2026-12,Wednesday,0,Central,Marketplace,Returning,Storage,External HDD 2TB,Mid-range,Chloe Lim,6,288.0,0.2,High (>10%),1728.0,345.6,1382.4
ORD-1033,2026-01-11,2026,Q1,1,January,2026-01,Sunday,1,North,Marketplace,Returning,Computers,Laptop Air 13,Premium,Aisha Lim,2,2250.0,0.1,Medium (6-10%),4500.0,450.0,4050.0
ORD-1034,2026-11-28,2026,Q4,11,November,2026-11,Saturday,1,East,Online,Returning,Computers,Laptop Air 13,Premium,Amir Hassan,2,2250.0,0.05,Low (1-5%),4500.0,225.0,4275.0
ORD-1035,2026-03-04,2026,Q1,3,March,2026-03,Wednesday,0,Central,Online,Returning,Computers,All-in-One PC,Premium,Hafiz Rahman,4,2754.0,0.0,No discount,11016.0,0.0,11016.0
ORD-1036,2026-03-31,2026,Q1,3,March,2026-03,Tuesday,0,Central,Online,Returning,Computers,Desktop Mini,Premium,Hafiz Rahman,2,1684.8,0.05,Low (1-5%),3369.6,168.48,3201.12
ORD-1037,2026-07-11,2026,Q3,7,July,2026-07,Saturday,1,South,Corporate Sales,New,Networking,Mesh Wi-Fi Set,Mid-range,Farah Ali,7,688.5,0.2,High (>10%),4819.5,963.9,3855.6
ORD-1038,2026-08-22,2026,Q3,8,August,2026-08,Saturday,1,Central,Corporate Sales,New,Computers,Gaming Laptop,Premium,Chloe Lim,2,3855.6,0.05,Low (1-5%),7711.2,385.56,7325.64
ORD-1039,2026-03-22,2026,Q1,3,March,2026-03,Sunday,1,Central,Corporate Sales,Returning,Monitors,Ultrawide Monitor,Premium,Hafiz Rahman,3,1404.0,0.0,No discount,4212.0,0.0,4212.0
ORD-1040,2026-03-26,2026,Q1,3,March,2026-03,Thursday,0,East,Corporate Sales,Returning,Monitors,27-inch Monitor,Mid-range,Grace Ng,4,810.9,0.2,High (>10%),3243.6,648.72,2594.88
ORD-1041,2026-03-03,2026,Q1,3,March,2026-03,Tuesday,0,South,Corporate Sales,Returning,Computers,Laptop Air 13,Premium,Raj Kumar,2,2250.0,0.03,Low (1-5%),4500.0,135.0,4365.0
ORD-1042,2026-01-16,2026,Q1,1,January,2026-01,Friday,0,East,Corporate Sales,Returning,Networking,Mesh Wi-Fi Set,Mid-range,Grace Ng,8,702.0,0.05,Low (1-5%),5616.0,280.8,5335.2
ORD-1043,2026-09-29,2026,Q3,9,September,2026-09,Tuesday,0,West,Corporate Sales,New,Monitors,27-inch Monitor,Mid-range,Sofia Tan,2,810.9,0.05,Low (1-5%),1621.8,81.09,1540.71
ORD-1044,2026-06-26,2026,Q2,6,June,2026-06,Friday,0,East,Retail Store,Returning,Computers,Gaming Laptop,Premium,Nora Chen,3,3931.2,0.08,Medium (6-10%),11793.6,943.49,10850.11
ORD-1045,2026-10-16,2026,Q4,10,October,2026-10,Friday,0,East,Corporate Sales,Returning,Computers,All-in-One PC,Premium,Nora Chen,2,2862.0,0.05,Low (1-5%),5724.0,286.2,5437.8
ORD-1046,2026-08-09,2026,Q3,8,August,2026-08,Sunday,1,South,Online,Returning,Accessories,Keyboard,Budget,Raj Kumar,5,60.84,0.08,Medium (6-10%),304.2,24.34,279.86
ORD-1047,2026-11-06,2026,Q4,11,November,2026-11,Friday,0,East,Retail Store,New,Monitors,24-inch Monitor,Mid-range,Amir Hassan,2,542.88,0.2,High (>10%),1085.76,217.15,868.61
ORD-1048,2026-10-28,2026,Q4,10,October,2026-10,Wednesday,0,Central,Marketplace,Returning,Storage,External HDD 2TB,Mid-range,Chloe Lim,2,305.28,0.05,Low (1-5%),610.56,30.53,580.03
ORD-1049,2026-06-22,2026,Q2,6,June,2026-06,Monday,0,West,Retail Store,New,Monitors,27-inch Monitor,Mid-range,Priya Shah,5,726.75,0.1,Medium (6-10%),3633.75,363.37,3270.38
ORD-1050,2026-01-21,2026,Q1,1,January,2026-01,Wednesday,0,East,Marketplace,New,Accessories,Laptop Stand,Budget,Amir Hassan,3,34.2,0.05,Low (1-5%),102.6,5.13,97.47
ORD-1051,2026-04-27,2026,Q2,4,April,2026-04,Monday,0,East,Marketplace,Returning,Storage,External SSD 1TB,Mid-range,Grace Ng,2,413.1,0.0,No discount,826.2,0.0,826.2
ORD-1052,2026-01-01,2026,Q1,1,January,2026-01,Thursday,0,Central,Online,New,Accessories,Keyboard,Budget,Chloe Lim,4,62.01,0.05,Low (1-5%),248.04,12.4,235.64
ORD-1053,2026-09-06,2026,Q3,9,September,2026-09,Sunday,1,West,Online,Returning,Storage,External SSD 1TB,Mid-range,Sofia Tan,8,405.0,0.03,Low (1-5%),3240.0,97.2,3142.8
ORD-1054,2026-12-19,2026,Q4,12,December,2026-12,Saturday,1,West,Marketplace,Returning,Storage,External SSD 1TB,Mid-range,Priya Shah,2,405.0,0.15,High (>10%),810.0,121.5,688.5
ORD-1055,2026-04-08,2026,Q2,4,April,2026-04,Wednesday,0,Central,Retail Store,New,Monitors,Ultrawide Monitor,Premium,Hafiz Rahman,3,1309.5,0.03,Low (1-5%),3928.5,117.85,3810.65
ORD-1056,2026-04-11,2026,Q2,4,April,2026-04,Saturday,1,East,Online,Returning,Monitors,27-inch Monitor,Mid-range,Grace Ng,2,795.6,0.08,Medium (6-10%),1591.2,127.3,1463.9
ORD-1057,2026-04-26,2026,Q2,4,April,2026-04,Sunday,1,Central,Corporate Sales,Returning,Office Supplies,Sticky Notes,Budget,Chloe Lim,6,7.2,0.05,Low (1-5%),43.2,2.16,41.04
ORD-1058,2026-04-15,2026,Q2,4,April,2026-04,Wednesday,0,South,Retail Store,Returning,Computers,Laptop Pro 14,Premium,Raj Kumar,3,3052.8,0.03,Low (1-5%),9158.4,274.75,8883.65
ORD-1059,2026-09-05,2026,Q3,9,September,2026-09,Saturday,1,South,Marketplace,Returning,Accessories,Wireless Mouse,Budget,Farah Ali,2,40.5,0.1,Medium (6-10%),81.0,8.1,72.9
ORD-1060,2026-08-07,2026,Q3,8,August,2026-08,Friday,0,West,Corporate Sales,Returning,Office Supplies,Notebook Set,Budget,Ben Ho,5,22.5,0.1,Medium (6-10%),112.5,11.25,101.25
ORD-1061,2026-12-09,2026,Q4,12,December,2026-12,Wednesday,0,East,Retail Store,Returning,Office Supplies,Desk Organizer,Budget,Amir Hassan,5,32.13,0.03,Low (1-5%),160.65,4.82,155.83
ORD-1062,2026-03-24,2026,Q1,3,March,2026-03,Tuesday,0,North,Online,Returning,Storage,External HDD 2TB,Mid-range,Daniel Wong,2,288.0,0.05,Low (1-5%),576.0,28.8,547.2
ORD-1063,2026-08-25,2026,Q3,8,August,2026-08,Tuesday,0,East,Online,New,Accessories,Keyboard,Budget,Grace Ng,2,59.67,0.0,No discount,119.34,0.0,119.34
ORD-1064,2026-02-02,2026,Q1,2,February,2026-02,Monday,0,Central,Retail Store,Returning,Accessories,USB-C Hub,Budget,Hafiz Rahman,6,48.02,0.08,Medium (6-10%),288.12,23.08,265.04
ORD-1065,2026-11-06,2026,Q4,11,November,2026-11,Friday,0,North,Online,Returning,Monitors,24-inch Monitor,Mid-range,Daniel Wong,2,542.88,0.1,Medium (6-10%),1085.76,108.58,977.18
ORD-1066,2026-05-01,2026,Q2,5,May,2026-05,Friday,0,Central,Marketplace,New,Accessories,Webcam,Budget,Chloe Lim,4,74.88,0.1,Medium (6-10%),299.52,29.95,269.57
ORD-1067,2026-10-13,2026,Q4,10,October,2026-10,Tuesday,0,East,Retail Store,Returning,Networking,Ethernet Cable,Budget,Nora Chen,4,17.1,0.1,Medium (6-10%),68.4,6.84,61.56
ORD-1068,2026-09-08,2026,Q3,9,September,2026-09,Tuesday,0,West,Online,New,Accessories,Wireless Mouse,Budget,Ben Ho,3,42.12,0.05,Low (1-5%),126.36,6.32,120.04
ORD-1069,2026-10-01,2026,Q4,10,October,2026-10,Thursday,0,West,Corporate Sales,Returning,Storage,USB Drive 128GB,Budget,Priya Shah,7,54.0,0.08,Medium (6-10%),378.0,30.24,347.76
ORD-1070,2026-09-03,2026,Q3,9,September,2026-09,Thursday,0,Central,Online,New,Computers,All-in-One PC,Premium,Hafiz Rahman,2,2700.0,0.05,Low (1-5%),5400.0,270.0,5130.0
ORD-1071,2026-09-09,2026,Q3,9,September,2026-09,Wednesday,0,East,Retail Store,New,Accessories,USB-C Hub,Budget,Nora Chen,4,50.49,0.0,No discount,201.96,0.0,201.96
ORD-1072,2026-12-27,2026,Q4,12,December,2026-12,Sunday,1,Central,Retail Store,New,Office Supplies,Desk Organizer,Budget,Kevin Yap,5,29.93,0.03,Low (1-5%),149.65,4.51,145.14
ORD-1073,2026-09-30,2026,Q3,9,September,2026-09,Wednesday,0,South,Marketplace,Returning,Office Supplies,Notebook Set,Budget,Jason Lee,3,23.85,0.05,Low (1-5%),71.55,3.58,67.97
ORD-1074,2026-06-02,2026,Q2,6,June,2026-06,Tuesday,0,South,Corporate Sales,New,Networking,Wi-Fi Router,Mid-range,Raj Kumar,4,267.12,0.05,Low (1-5%),1068.48,53.42,1015.06
ORD-1075,2026-12-13,2026,Q4,12,December,2026-12,Sunday,1,Central,Marketplace,New,Office Supplies,Printer Paper,Budget,Kevin Yap,2,16.85,0.08,Medium (6-10%),33.7,2.7,31.0
ORD-1076,2026-10-21,2026,Q4,10,October,2026-10,Wednesday,0,East,Online,New,Accessories,Laptop Stand,Budget,Nora Chen,7,36.25,0.05,Low (1-5%),253.75,12.67,241.08
ORD-1077,2026-12-20,2026,Q4,12,December,2026-12,Sunday,1,Central,Corporate Sales,New,Accessories,USB-C Hub,Budget,Chloe Lim,5,48.02,0.15,High (>10%),240.1,36.04,204.06
ORD-1078,2026-04-06,2026,Q2,4,April,2026-04,Monday,0,West,Online,Returning,Accessories,Mouse Pad,Budget,Ben Ho,3,13.5,0.08,Medium (6-10%),40.5,3.24,37.26
ORD-1079,2026-04-18,2026,Q2,4,April,2026-04,Saturday,1,North,Online,Returning,Storage,External HDD 2TB,Mid-range,Aisha Lim,3,279.36,0.1,Medium (6-10%),838.08,83.81,754.27
ORD-1080,2026-05-26,2026,Q2,5,May,2026-05,Tuesday,0,East,Marketplace,New,Accessories,Webcam,Budget,Amir Hassan,6,76.32,0.05,Low (1-5%),457.92,22.9,435.02
ORD-1081,2026-05-18,2026,Q2,5,May,2026-05,Monday,0,West,Online,Returning,Office Supplies,Pen Pack,Budget,Sofia Tan,2,11.23,0.1,Medium (6-10%),22.46,2.24,20.22
ORD-1082,2026-05-16,2026,Q2,5,May,2026-05,Saturday,1,West,Marketplace,Returning,Storage,External HDD 2TB,Mid-range,Priya Shah,8,305.28,0.03,Low (1-5%),2442.24,73.27,2368.97
ORD-1083,2026-04-05,2026,Q2,4,April,2026-04,Sunday,1,Central,Retail Store,Returning,Monitors,27-inch Monitor,Mid-range,Chloe Lim,4,795.6,0.2,High (>10%),3182.4,636.48,2545.92
ORD-1084,2026-09-06,2026,Q3,9,September,2026-09,Sunday,1,South,Corporate Sales,Returning,Networking,Network Switch,Mid-range,Farah Ali,9,165.24,0.15,High (>10%),1487.16,223.07,1264.09
ORD-1085,2026-02-11,2026,Q1,2,February,2026-02,Wednesday,0,East,Online,Returning,Accessories,Keyboard,Budget,Grace Ng,3,56.75,0.03,Low (1-5%),170.25,5.12,165.13
ORD-1086,2026-04-09,2026,Q2,4,April,2026-04,Thursday,0,East,Corporate Sales,Returning,Accessories,Wireless Mouse,Budget,Nora Chen,6,40.5,0.05,Low (1-5%),243.0,12.15,230.85
ORD-1087,2026-07-19,2026,Q3,7,July,2026-07,Sunday,1,West,Online,New,Storage,Memory Card 256GB,Budget,Sofia Tan,4,81.0,0.05,Low (1-5%),324.0,16.2,307.8
ORD-1088,2026-09-06,2026,Q3,9,September,2026-09,Sunday,1,East,Corporate Sales,Returning,Monitors,Ultrawide Monitor,Premium,Grace Ng,2,1350.0,0.2,High (>10%),2700.0,540.0,2160.0
ORD-1089,2026-04-14,2026,Q2,4,April,2026-04,Tuesday,0,West,Retail Store,New,Networking,Network Switch,Mid-range,Priya Shah,2,157.14,0.05,Low (1-5%),314.28,15.71,298.57
ORD-1090,2026-04-23,2026,Q2,4,April,2026-04,Thursday,0,South,Marketplace,Returning,Accessories,Webcam,Budget,Farah Ali,7,68.4,0.1,Medium (6-10%),478.8,47.88,430.92
ORD-1091,2026-08-10,2026,Q3,8,August,2026-08,Monday,0,East,Online,Returning,Storage,External HDD 2TB,Mid-range,Amir Hassan,7,279.36,0.08,Medium (6-10%),1955.52,156.44,1799.08
ORD-1092,2026-02-10,2026,Q1,2,February,2026-02,Tuesday,0,East,Corporate Sales,New,Computers,Gaming Laptop,Premium,Amir Hassan,2,3780.0,0.1,Medium (6-10%),7560.0,756.0,6804.0
ORD-1093,2026-07-30,2026,Q3,7,July,2026-07,Thursday,0,South,Online,Returning,Networking,Ethernet Cable,Budget,Raj Kumar,6,18.36,0.05,Low (1-5%),110.16,5.51,104.65
ORD-1094,2026-03-31,2026,Q1,3,March,2026-03,Tuesday,0,North,Corporate Sales,Returning,Monitors,Ultrawide Monitor,Premium,Daniel Wong,4,1309.5,0.0,No discount,5238.0,0.0,5238.0
ORD-1095,2026-12-02,2026,Q4,12,December,2026-12,Wednesday,0,West,Corporate Sales,Returning,Office Supplies,Desk Organizer,Budget,Priya Shah,9,30.56,0.08,Medium (6-10%),275.04,22.04,253.0
ORD-1096,2026-11-18,2026,Q4,11,November,2026-11,Wednesday,0,South,Retail Store,Returning,Storage,Memory Card 256GB,Budget,Raj Kumar,4,81.0,0.03,Low (1-5%),324.0,9.72,314.28
ORD-1097,2026-10-12,2026,Q4,10,October,2026-10,Monday,0,Central,Online,New,Monitors,Portable Monitor,Mid-range,Kevin Yap,2,667.8,0.2,High (>10%),1335.6,267.12,1068.48
ORD-1098,2026-12-14,2026,Q4,12,December,2026-12,Monday,0,East,Corporate Sales,Returning,Storage,Memory Card 256GB,Budget,Grace Ng,14,84.24,0.05,Low (1-5%),1179.36,58.97,1120.39
ORD-1099,2026-05-15,2026,Q2,5,May,2026-05,Friday,0,East,Online,Returning,Networking,Ethernet Cable,Budget,Nora Chen,2,18.36,0.03,Low (1-5%),36.72,1.1,35.62
ORD-1100,2026-12-27,2026,Q4,12,December,2026-12,Sunday,1,East,Corporate Sales,Returning,Monitors,24-inch Monitor,Mid-range,Nora Chen,4,495.9,0.05,Low (1-5%),1983.6,99.18,1884.42
ORD-1101,2026-07-10,2026,Q3,7,July,2026-07,Friday,0,North,Corporate Sales,New,Computers,Laptop Air 13,Premium,Daniel Wong,3,2295.0,0.1,Medium (6-10%),6885.0,688.5,6196.5
ORD-1102,2026-01-28,2026,Q1,1,January,2026-01,Wednesday,0,Central,Marketplace,Returning,Office Supplies,Notebook Set,Budget,Chloe Lim,2,21.38,0.05,Low (1-5%),42.76,2.15,40.61
ORD-1103,2026-01-08,2026,Q1,1,January,2026-01,Thursday,0,North,Online,Returning,Monitors,24-inch Monitor,Mid-range,Daniel Wong,2,553.32,0.05,Low (1-5%),1106.64,55.33,1051.31
ORD-1104,2026-02-17,2026,Q1,2,February,2026-02,Tuesday,0,North,Retail Store,Returning,Office Supplies,Sticky Notes,Budget,Mei Tan,3,7.2,0.2,High (>10%),21.6,4.32,17.28
ORD-1105,2026-12-28,2026,Q4,12,December,2026-12,Monday,0,South,Corporate Sales,Returning,Networking,Wi-Fi Router,Mid-range,Raj Kumar,6,244.44,0.03,Low (1-5%),1466.64,44.0,1422.64
ORD-1106,2026-04-21,2026,Q2,4,April,2026-04,Tuesday,0,East,Corporate Sales,Returning,Monitors,Ultrawide Monitor,Premium,Grace Ng,3,1431.0,0.05,Low (1-5%),4293.0,214.65,4078.35
ORD-1107,2026-02-21,2026,Q1,2,February,2026-02,Saturday,1,West,Corporate Sales,Returning,Computers,Gaming Laptop,Premium,Ben Ho,2,3780.0,0.15,High (>10%),7560.0,1134.0,6426.0
ORD-1108,2026-04-06,2026,Q2,4,April,2026-04,Monday,0,South,Online,New,Networking,Network Switch,Mid-range,Farah Ali,2,157.14,0.03,Low (1-5%),314.28,9.43,304.85
ORD-1109,2026-02-24,2026,Q1,2,February,2026-02,Tuesday,0,South,Online,New,Networking,Ethernet Cable,Budget,Farah Ali,3,17.46,0.1,Medium (6-10%),52.38,5.24,47.14
ORD-1110,2026-11-24,2026,Q4,11,November,2026-11,Tuesday,0,North,Online,New,Accessories,Webcam,Budget,Mei Tan,2,72.0,0.08,Medium (6-10%),144.0,11.52,132.48
ORD-1111,2026-05-18,2026,Q2,5,May,2026-05,Monday,0,South,Corporate Sales,Returning,Office Supplies,Sticky Notes,Budget,Jason Lee,9,6.84,0.1,Medium (6-10%),61.56,6.16,55.4
ORD-1112,2026-06-04,2026,Q2,6,June,2026-06,Thursday,0,South,Corporate Sales,Returning,Computers,Laptop Air 13,Premium,Raj Kumar,2,2250.0,0.05,Low (1-5%),4500.0,225.0,4275.0
ORD-1113,2026-01-10,2026,Q1,1,January,2026-01,Saturday,1,North,Retail Store,Returning,Monitors,27-inch Monitor,Mid-range,Daniel Wong,2,780.3,0.03,Low (1-5%),1560.6,46.82,1513.78
ORD-1114,2026-08-29,2026,Q3,8,August,2026-08,Saturday,1,North,Online,Returning,Storage,USB Drive 128GB,Budget,Aisha Lim,4,57.24,0.05,Low (1-5%),228.96,11.45,217.51
ORD-1115,2026-07-06,2026,Q3,7,July,2026-07,Monday,0,West,Online,Returning,Accessories,Mouse Pad,Budget,Sofia Tan,4,14.31,0.05,Low (1-5%),57.24,2.86,54.38
ORD-1116,2026-06-20,2026,Q2,6,June,2026-06,Saturday,1,North,Online,Returning,Storage,USB Drive 128GB,Budget,Daniel Wong,3,54.0,0.0,No discount,162.0,0.0,162.0
ORD-1117,2026-05-06,2026,Q2,5,May,2026-05,Wednesday,0,South,Corporate Sales,Returning,Office Supplies,Desk Organizer,Budget,Farah Ali,7,30.56,0.15,High (>10%),213.92,32.12,181.8
ORD-1118,2026-01-30,2026,Q1,1,January,2026-01,Friday,0,North,Online,Returning,Computers,Gaming Laptop,Premium,Aisha Lim,2,3780.0,0.0,No discount,7560.0,0.0,7560.0
ORD-1119,2026-03-31,2026,Q1,3,March,2026-03,Tuesday,0,East,Marketplace,Returning,Accessories,Wireless Mouse,Budget,Nora Chen,3,40.5,0.05,Low (1-5%),121.5,6.07,115.43
ORD-1120,2026-10-06,2026,Q4,10,October,2026-10,Tuesday,0,West,Online,Returning,Accessories,Mouse Pad,Budget,Ben Ho,4,13.1,0.05,Low (1-5%),52.4,2.64,49.76
ORD-1121,2026-05-31,2026,Q2,5,May,2026-05,Sunday,1,Central,Marketplace,New,Accessories,Keyboard,Budget,Kevin Yap,4,58.5,0.1,Medium (6-10%),234.0,23.4,210.6
ORD-1122,2026-02-25,2026,Q1,2,February,2026-02,Wednesday,0,West,Retail Store,Returning,Monitors,Ultrawide Monitor,Premium,Ben Ho,2,1377.0,0.0,No discount,2754.0,0.0,2754.0
ORD-1123,2026-09-26,2026,Q3,9,September,2026-09,Saturday,1,South,Online,Returning,Computers,Gaming Laptop,Premium,Raj Kumar,2,3591.0,0.1,Medium (6-10%),7182.0,718.2,6463.8
ORD-1124,2026-09-28,2026,Q3,9,September,2026-09,Monday,0,North,Retail Store,Returning,Monitors,24-inch Monitor,Mid-range,Mei Tan,5,553.32,0.08,Medium (6-10%),2766.6,221.33,2545.27
ORD-1125,2026-05-16,2026,Q2,5,May,2026-05,Saturday,1,East,Marketplace,Returning,Office Supplies,Desk Organizer,Budget,Nora Chen,4,30.56,0.03,Low (1-5%),122.24,3.69,118.55
ORD-1126,2026-09-15,2026,Q3,9,September,2026-09,Tuesday,0,East,Retail Store,Returning,Office Supplies,Printer Paper,Budget,Nora Chen,5,16.85,0.08,Medium (6-10%),84.25,6.75,77.5
ORD-1127,2026-10-21,2026,Q4,10,October,2026-10,Wednesday,0,South,Online,Returning,Computers,Desktop Mini,Premium,Raj Kumar,2,1620.0,0.08,Medium (6-10%),3240.0,259.2,2980.8
ORD-1128,2026-10-12,2026,Q4,10,October,2026-10,Monday,0,Central,Corporate Sales,Returning,Monitors,24-inch Monitor,Mid-range,Hafiz Rahman,3,522.0,0.1,Medium (6-10%),1566.0,156.6,1409.4
ORD-1129,2026-11-22,2026,Q4,11,November,2026-11,Sunday,1,West,Marketplace,Returning,Office Supplies,Notebook Set,Budget,Ben Ho,4,23.4,0.0,No discount,93.6,0.0,93.6
ORD-1130,2026-07-03,2026,Q3,7,July,2026-07,Friday,0,South,Corporate Sales,New,Networking,Mesh Wi-Fi Set,Mid-range,Jason Lee,6,654.75,0.1,Medium (6-10%),3928.5,392.85,3535.65
ORD-1131,2026-10-27,2026,Q4,10,October,2026-10,Tuesday,0,West,Retail Store,Returning,Office Supplies,Sticky Notes,Budget,Sofia Tan,4,7.2,0.0,No discount,28.8,0.0,28.8
ORD-1132,2026-11-25,2026,Q4,11,November,2026-11,Wednesday,0,West,Marketplace,Returning,Accessories,Laptop Stand,Budget,Priya Shah,8,34.2,0.1,Medium (6-10%),273.6,27.36,246.24
ORD-1133,2026-08-10,2026,Q3,8,August,2026-08,Monday,0,East,Online,Returning,Monitors,27-inch Monitor,Mid-range,Amir Hassan,3,780.3,0.08,Medium (6-10%),2340.9,187.27,2153.63
ORD-1134,2026-10-06,2026,Q4,10,October,2026-10,Tuesday,0,West,Retail Store,Returning,Accessories,Keyboard,Budget,Ben Ho,6,58.5,0.0,No discount,351.0,0.0,351.0
ORD-1135,2026-11-18,2026,Q4,11,November,2026-11,Wednesday,0,Central,Corporate Sales,Returning,Computers,Laptop Pro 14,Premium,Chloe Lim,2,2880.0,0.2,High (>10%),5760.0,1152.0,4608.0
ORD-1136,2026-03-11,2026,Q1,3,March,2026-03,Wednesday,0,Central,Online,Returning,Computers,Laptop Pro 14,Premium,Chloe Lim,2,2995.2,0.08,Medium (6-10%),5990.4,479.23,5511.17
ORD-1137,2026-03-06,2026,Q1,3,March,2026-03,Friday,0,South,Online,Returning,Office Supplies,Desk Organizer,Budget,Farah Ali,2,31.5,0.05,Low (1-5%),63.0,3.15,59.85
ORD-1138,2026-05-09,2026,Q2,5,May,2026-05,Saturday,1,West,Retail Store,Returning,Office Supplies,Notebook Set,Budget,Priya Shah,2,22.5,0.0,No discount,45.0,0.0,45.0
ORD-1139,2026-08-14,2026,Q3,8,August,2026-08,Friday,0,North,Online,New,Accessories,USB-C Hub,Budget,Aisha Lim,2,52.47,0.1,Medium (6-10%),104.94,10.49,94.45
ORD-1140,2026-01-08,2026,Q1,1,January,2026-01,Thursday,0,West,Retail Store,Returning,Computers,Laptop Pro 14,Premium,Priya Shah,2,2937.6,0.05,Low (1-5%),5875.2,293.76,5581.44
ORD-1141,2026-09-17,2026,Q3,9,September,2026-09,Thursday,0,Central,Online,Returning,Monitors,24-inch Monitor,Mid-range,Hafiz Rahman,4,542.88,0.0,No discount,2171.52,0.0,2171.52
ORD-1142,2026-09-12,2026,Q3,9,September,2026-09,Saturday,1,West,Online,New,Accessories,Mouse Pad,Budget,Ben Ho,5,13.1,0.1,Medium (6-10%),65.5,6.57,58.93
ORD-1143,2026-12-02,2026,Q4,12,December,2026-12,Wednesday,0,East,Marketplace,New,Office Supplies,Printer Paper,Budget,Nora Chen,4,17.17,0.15,High (>10%),68.68,10.3,58.38
ORD-1144,2026-09-15,2026,Q3,9,September,2026-09,Tuesday,0,North,Online,Returning,Office Supplies,Desk Organizer,Budget,Daniel Wong,4,31.5,0.2,High (>10%),126.0,25.2,100.8
ORD-1145,2026-02-06,2026,Q1,2,February,2026-02,Friday,0,West,Online,New,Storage,USB Drive 128GB,Budget,Ben Ho,2,54.0,0.08,Medium (6-10%),108.0,8.64,99.36
ORD-1146,2026-10-29,2026,Q4,10,October,2026-10,Thursday,0,Central,Online,New,Storage,USB Drive 128GB,Budget,Chloe Lim,6,54.0,0.08,Medium (6-10%),324.0,25.92,298.08
ORD-1147,2026-06-27,2026,Q2,6,June,2026-06,Saturday,1,North,Online,New,Computers,Desktop Mini,Premium,Mei Tan,2,1620.0,0.1,Medium (6-10%),3240.0,324.0,2916.0
ORD-1148,2026-12-09,2026,Q4,12,December,2026-12,Wednesday,0,East,Corporate Sales,Returning,Monitors,Portable Monitor,Mid-range,Nora Chen,3,630.0,0.1,Medium (6-10%),1890.0,189.0,1701.0
ORD-1149,2026-02-21,2026,Q1,2,February,2026-02,Saturday,1,South,Retail Store,Returning,Accessories,Wireless Mouse,Budget,Farah Ali,6,40.5,0.08,Medium (6-10%),243.0,19.44,223.56
ORD-1150,2026-03-01,2026,Q1,3,March,2026-03,Sunday,1,North,Corporate Sales,Returning,Networking,Wi-Fi Router,Mid-range,Aisha Lim,9,252.0,0.2,High (>10%),2268.0,453.6,1814.4
ORD-1151,2026-03-06,2026,Q1,3,March,2026-03,Friday,0,East,Retail Store,Returning,Storage,External HDD 2TB,Mid-range,Grace Ng,2,279.36,0.05,Low (1-5%),558.72,27.94,530.78
ORD-1152,2026-06-18,2026,Q2,6,June,2026-06,Thursday,0,North,Corporate Sales,Returning,Computers,All-in-One PC,Premium,Mei Tan,2,2700.0,0.2,High (>10%),5400.0,1080.0,4320.0
ORD-1153,2026-02-28,2026,Q1,2,February,2026-02,Saturday,1,North,Online,Returning,Networking,Ethernet Cable,Budget,Aisha Lim,5,18.36,0.05,Low (1-5%),91.8,4.59,87.21
ORD-1154,2026-11-28,2026,Q4,11,November,2026-11,Saturday,1,North,Corporate Sales,Returning,Computers,Desktop Mini,Premium,Mei Tan,2,1620.0,0.05,Low (1-5%),3240.0,162.0,3078.0
ORD-1155,2026-04-16,2026,Q2,4,April,2026-04,Thursday,0,North,Retail Store,Returning,Office Supplies,Sticky Notes,Budget,Aisha Lim,4,7.2,0.0,No discount,28.8,0.0,28.8
ORD-1156,2026-06-23,2026,Q2,6,June,2026-06,Tuesday,0,West,Retail Store,Returning,Office Supplies,Notebook Set,Budget,Ben Ho,8,22.5,0.1,Medium (6-10%),180.0,18.0,162.0
ORD-1157,2026-06-17,2026,Q2,6,June,2026-06,Wednesday,0,South,Marketplace,Returning,Storage,External HDD 2TB,Mid-range,Raj Kumar,3,288.0,0.2,High (>10%),864.0,172.8,691.2
ORD-1158,2026-11-17,2026,Q4,11,November,2026-11,Tuesday,0,North,Online,New,Storage,USB Drive 128GB,Budget,Daniel Wong,6,54.0,0.05,Low (1-5%),324.0,16.2,307.8
ORD-1159,2026-09-12,2026,Q3,9,September,2026-09,Saturday,1,North,Online,Returning,Monitors,27-inch Monitor,Mid-range,Daniel Wong,2,765.0,0.1,Medium (6-10%),1530.0,153.0,1377.0
ORD-1160,2026-05-30,2026,Q2,5,May,2026-05,Saturday,1,East,Marketplace,New,Accessories,Mouse Pad,Budget,Amir Hassan,4,13.5,0.1,Medium (6-10%),54.0,5.4,48.6
ORD-1161,2026-01-08,2026,Q1,1,January,2026-01,Thursday,0,East,Retail Store,New,Networking,Network Switch,Mid-range,Amir Hassan,6,162.0,0.08,Medium (6-10%),972.0,77.76,894.24
ORD-1162,2026-06-23,2026,Q2,6,June,2026-06,Tuesday,0,North,Retail Store,Returning,Accessories,Webcam,Budget,Daniel Wong,3,72.0,0.1,Medium (6-10%),216.0,21.6,194.4
ORD-1163,2026-12-12,2026,Q4,12,December,2026-12,Saturday,1,Central,Online,Returning,Monitors,Ultrawide Monitor,Premium,Chloe Lim,2,1350.0,0.05,Low (1-5%),2700.0,135.0,2565.0
ORD-1164,2026-02-03,2026,Q1,2,February,2026-02,Tuesday,0,South,Retail Store,Returning,Computers,Laptop Air 13,Premium,Raj Kumar,4,2295.0,0.08,Medium (6-10%),9180.0,734.4,8445.6
ORD-1165,2026-10-16,2026,Q4,10,October,2026-10,Friday,0,Central,Retail Store,Returning,Monitors,24-inch Monitor,Mid-range,Chloe Lim,3,542.88,0.2,High (>10%),1628.64,325.73,1302.91
ORD-1166,2026-02-08,2026,Q1,2,February,2026-02,Sunday,1,North,Retail Store,Returning,Storage,Memory Card 256GB,Budget,Aisha Lim,4,81.0,0.1,Medium (6-10%),324.0,32.4,291.6
ORD-1167,2026-09-02,2026,Q3,9,September,2026-09,Wednesday,0,West,Corporate Sales,Returning,Monitors,27-inch Monitor,Mid-range,Priya Shah,3,780.3,0.0,No discount,2340.9,0.0,2340.9
ORD-1168,2026-06-18,2026,Q2,6,June,2026-06,Thursday,0,South,Marketplace,Returning,Accessories,Wireless Mouse,Budget,Jason Lee,3,42.12,0.2,High (>10%),126.36,25.27,101.09
ORD-1169,2026-12-25,2026,Q4,12,December,2026-12,Friday,0,North,Retail Store,Returning,Accessories,Wireless Mouse,Budget,Daniel Wong,5,40.5,0.15,High (>10%),202.5,30.37,172.13
ORD-1170,2026-06-20,2026,Q2,6,June,2026-06,Saturday,1,Central,Online,Returning,Computers,Gaming Laptop,Premium,Kevin Yap,2,3780.0,0.08,Medium (6-10%),7560.0,604.8,6955.2
ORD-1171,2026-07-23,2026,Q3,7,July,2026-07,Thursday,0,East,Retail Store,New,Computers,Laptop Pro 14,Premium,Grace Ng,2,2995.2,0.08,Medium (6-10%),5990.4,479.23,5511.17
ORD-1172,2026-11-21,2026,Q4,11,November,2026-11,Saturday,1,North,Retail Store,Returning,Office Supplies,Sticky Notes,Budget,Mei Tan,5,7.2,0.1,Medium (6-10%),36.0,3.6,32.4
ORD-1173,2026-07-24,2026,Q3,7,July,2026-07,Friday,0,East,Marketplace,New,Storage,External SSD 1TB,Mid-range,Amir Hassan,2,392.85,0.05,Low (1-5%),785.7,39.28,746.42
ORD-1174,2026-03-23,2026,Q1,3,March,2026-03,Monday,0,North,Retail Store,Returning,Monitors,24-inch Monitor,Mid-range,Daniel Wong,3,522.0,0.05,Low (1-5%),1566.0,78.3,1487.7
ORD-1175,2026-06-13,2026,Q2,6,June,2026-06,Saturday,1,South,Online,Returning,Computers,Desktop Mini,Premium,Raj Kumar,2,1620.0,0.05,Low (1-5%),3240.0,162.0,3078.0
ORD-1176,2026-10-04,2026,Q4,10,October,2026-10,Sunday,1,North,Marketplace,New,Accessories,Keyboard,Budget,Daniel Wong,3,62.01,0.05,Low (1-5%),186.03,9.3,176.73
ORD-1177,2026-04-04,2026,Q2,4,April,2026-04,Saturday,1,East,Retail Store,Returning,Computers,Desktop Mini,Premium,Grace Ng,2,1620.0,0.03,Low (1-5%),3240.0,97.2,3142.8
ORD-1178,2026-02-15,2026,Q1,2,February,2026-02,Sunday,1,West,Corporate Sales,New,Office Supplies,Desk Organizer,Budget,Priya Shah,4,31.5,0.08,Medium (6-10%),126.0,10.08,115.92
ORD-1179,2026-02-04,2026,Q1,2,February,2026-02,Wednesday,0,West,Retail Store,Returning,Accessories,USB-C Hub,Budget,Sofia Tan,5,50.49,0.0,No discount,252.45,0.0,252.45
ORD-1180,2026-01-18,2026,Q1,1,January,2026-01,Sunday,1,Central,Online,Returning,Office Supplies,Printer Paper,Budget,Hafiz Rahman,4,17.17,0.1,Medium (6-10%),68.68,6.86,61.82
ORD-1181,2026-05-21,2026,Q2,5,May,2026-05,Thursday,0,North,Corporate Sales,Returning,Computers,Laptop Pro 14,Premium,Mei Tan,2,2880.0,0.15,High (>10%),5760.0,864.0,4896.0
ORD-1182,2026-12-13,2026,Q4,12,December,2026-12,Sunday,1,Central,Online,Returning,Office Supplies,Desk Organizer,Budget,Chloe Lim,2,29.93,0.1,Medium (6-10%),59.86,5.99,53.87
ORD-1183,2026-11-12,2026,Q4,11,November,2026-11,Thursday,0,South,Marketplace,Returning,Monitors,27-inch Monitor,Mid-range,Farah Ali,2,810.9,0.15,High (>10%),1621.8,243.27,1378.53
ORD-1184,2026-03-15,2026,Q1,3,March,2026-03,Sunday,1,West,Corporate Sales,New,Computers,Desktop Mini,Premium,Ben Ho,2,1620.0,0.15,High (>10%),3240.0,486.0,2754.0
ORD-1185,2026-11-17,2026,Q4,11,November,2026-11,Tuesday,0,South,Retail Store,New,Networking,Network Switch,Mid-range,Farah Ali,7,165.24,0.0,No discount,1156.68,0.0,1156.68
ORD-1186,2026-04-25,2026,Q2,4,April,2026-04,Saturday,1,South,Online,Returning,Monitors,Ultrawide Monitor,Premium,Raj Kumar,3,1377.0,0.0,No discount,4131.0,0.0,4131.0
ORD-1187,2026-06-06,2026,Q2,6,June,2026-06,Saturday,1,South,Retail Store,Returning,Storage,USB Drive 128GB,Budget,Farah Ali,4,52.38,0.2,High (>10%),209.52,41.9,167.62
ORD-1188,2026-08-08,2026,Q3,8,August,2026-08,Saturday,1,Central,Retail Store,Returning,Networking,Ethernet Cable,Budget,Kevin Yap,5,18.72,0.15,High (>10%),93.6,14.04,79.56
ORD-1189,2026-11-27,2026,Q4,11,November,2026-11,Friday,0,North,Online,Returning,Office Supplies,Notebook Set,Budget,Daniel Wong,4,23.85,0.08,Medium (6-10%),95.4,7.63,87.77
ORD-1190,2026-02-27,2026,Q1,2,February,2026-02,Friday,0,East,Retail Store,Returning,Accessories,Laptop Stand,Budget,Grace Ng,2,36.25,0.03,Low (1-5%),72.5,2.17,70.33
ORD-1191,2026-07-29,2026,Q3,7,July,2026-07,Wednesday,0,East,Marketplace,Returning,Monitors,Portable Monitor,Mid-range,Amir Hassan,3,598.5,0.1,Medium (6-10%),1795.5,179.55,1615.95
ORD-1192,2026-10-13,2026,Q4,10,October,2026-10,Tuesday,0,South,Online,New,Accessories,USB-C Hub,Budget,Raj Kumar,5,50.49,0.05,Low (1-5%),252.45,12.62,239.83
ORD-1193,2026-03-12,2026,Q1,3,March,2026-03,Thursday,0,Central,Retail Store,New,Accessories,Keyboard,Budget,Hafiz Rahman,3,60.84,0.15,High (>10%),182.52,27.38,155.14
ORD-1194,2026-11-30,2026,Q4,11,November,2026-11,Monday,0,South,Online,Returning,Office Supplies,Pen Pack,Budget,Farah Ali,2,11.02,0.2,High (>10%),22.04,4.41,17.63
ORD-1195,2026-07-24,2026,Q3,7,July,2026-07,Friday,0,Central,Marketplace,Returning,Networking,Network Switch,Mid-range,Chloe Lim,4,168.48,0.15,High (>10%),673.92,101.09,572.83
ORD-1196,2026-05-06,2026,Q2,5,May,2026-05,Wednesday,0,South,Marketplace,Returning,Accessories,Mouse Pad,Budget,Raj Kumar,4,14.04,0.2,High (>10%),56.16,11.23,44.93
ORD-1197,2026-03-04,2026,Q1,3,March,2026-03,Wednesday,0,North,Online,Returning,Storage,External SSD 1TB,Mid-range,Mei Tan,5,405.0,0.05,Low (1-5%),2025.0,101.25,1923.75
ORD-1198,2026-07-25,2026,Q3,7,July,2026-07,Saturday,1,Central,Online,Returning,Accessories,Mouse Pad,Budget,Hafiz Rahman,4,13.77,0.1,Medium (6-10%),55.08,5.51,49.57
ORD-1199,2026-04-29,2026,Q2,4,April,2026-04,Wednesday,0,North,Corporate Sales,New,Computers,Laptop Pro 14,Premium,Aisha Lim,2,2880.0,0.05,Low (1-5%),5760.0,288.0,5472.0
ORD-1200,2026-12-01,2026,Q4,12,December,2026-12,Tuesday,0,Central,Corporate Sales,Returning,Computers,Gaming Laptop,Premium,Kevin Yap,2,3931.2,0.05,Low (1-5%),7862.4,393.12,7469.28
ORD-1201,2026-06-28,2026,Q2,6,June,2026-06,Sunday,1,North,Marketplace,New,Monitors,24-inch Monitor,Mid-range,Mei Tan,5,542.88,0.08,Medium (6-10%),2714.4,217.15,2497.25
ORD-1202,2026-09-06,2026,Q3,9,September,2026-09,Sunday,1,North,Corporate Sales,Returning,Networking,Wi-Fi Router,Mid-range,Daniel Wong,3,252.0,0.08,Medium (6-10%),756.0,60.48,695.52
ORD-1203,2026-08-28,2026,Q3,8,August,2026-08,Friday,0,North,Marketplace,Returning,Storage,External HDD 2TB,Mid-range,Aisha Lim,2,305.28,0.15,High (>10%),610.56,91.58,518.98
ORD-1204,2026-01-12,2026,Q1,1,January,2026-01,Monday,0,North,Online,Returning,Storage,Memory Card 256GB,Budget,Aisha Lim,5,81.0,0.1,Medium (6-10%),405.0,40.5,364.5
ORD-1205,2026-12-18,2026,Q4,12,December,2026-12,Friday,0,South,Online,Returning,Storage,USB Drive 128GB,Budget,Farah Ali,3,54.0,0.15,High (>10%),162.0,24.3,137.7
ORD-1206,2026-02-24,2026,Q1,2,February,2026-02,Tuesday,0,East,Marketplace,Returning,Computers,Gaming Laptop,Premium,Nora Chen,2,3591.0,0.03,Low (1-5%),7182.0,215.46,6966.54
ORD-1207,2026-01-18,2026,Q1,1,January,2026-01,Sunday,1,Central,Retail Store,Returning,Accessories,Laptop Stand,Budget,Hafiz Rahman,3,34.2,0.1,Medium (6-10%),102.6,10.26,92.34
ORD-1208,2026-07-31,2026,Q3,7,July,2026-07,Friday,0,West,Online,Returning,Networking,Network Switch,Mid-range,Sofia Tan,2,171.72,0.1,Medium (6-10%),343.44,34.34,309.1
ORD-1209,2026-03-18,2026,Q1,3,March,2026-03,Wednesday,0,East,Marketplace,Returning,Storage,External SSD 1TB,Mid-range,Grace Ng,6,384.75,0.0,No discount,2308.5,0.0,2308.5
ORD-1210,2026-01-01,2026,Q1,1,January,2026-01,Thursday,0,South,Marketplace,New,Storage,External SSD 1TB,Mid-range,Jason Lee,4,405.0,0.05,Low (1-5%),1620.0,81.0,1539.0
ORD-1211,2026-09-30,2026,Q3,9,September,2026-09,Wednesday,0,East,Retail Store,Returning,Accessories,Webcam,Budget,Amir Hassan,2,74.88,0.05,Low (1-5%),149.76,7.49,142.27
ORD-1212,2026-10-07,2026,Q4,10,October,2026-10,Wednesday,0,North,Marketplace,Returning,Office Supplies,Pen Pack,Budget,Mei Tan,7,10.48,0.08,Medium (6-10%),73.36,5.89,67.47
ORD-1213,2026-03-17,2026,Q1,3,March,2026-03,Tuesday,0,South,Online,Returning,Accessories,USB-C Hub,Budget,Raj Kumar,4,52.47,0.2,High (>10%),209.88,41.98,167.9
ORD-1214,2026-04-27,2026,Q2,4,April,2026-04,Monday,0,Central,Corporate Sales,Returning,Office Supplies,Notebook Set,Budget,Chloe Lim,7,23.4,0.08,Medium (6-10%),163.8,13.1,150.7
ORD-1215,2026-09-23,2026,Q3,9,September,2026-09,Wednesday,0,North,Retail Store,Returning,Office Supplies,Sticky Notes,Budget,Mei Tan,7,6.98,0.15,High (>10%),48.86,7.31,41.55
ORD-1216,2026-03-28,2026,Q1,3,March,2026-03,Saturday,1,West,Retail Store,New,Networking,Ethernet Cable,Budget,Sofia Tan,2,17.1,0.1,Medium (6-10%),34.2,3.42,30.78
ORD-1217,2026-12-19,2026,Q4,12,December,2026-12,Saturday,1,North,Marketplace,Returning,Networking,Ethernet Cable,Budget,Aisha Lim,4,18.0,0.1,Medium (6-10%),72.0,7.2,64.8
ORD-1218,2026-09-18,2026,Q3,9,September,2026-09,Friday,0,South,Corporate Sales,New,Networking,Wi-Fi Router,Mid-range,Raj Kumar,3,257.04,0.05,Low (1-5%),771.12,38.56,732.56
ORD-1219,2026-05-25,2026,Q2,5,May,2026-05,Monday,0,East,Retail Store,Returning,Computers,Desktop Mini,Premium,Amir Hassan,2,1717.2,0.05,Low (1-5%),3434.4,171.72,3262.68
ORD-1220,2026-06-22,2026,Q2,6,June,2026-06,Monday,0,East,Retail Store,Returning,Computers,Laptop Air 13,Premium,Grace Ng,2,2182.5,0.03,Low (1-5%),4365.0,130.95,4234.05
ORD-1221,2026-05-10,2026,Q2,5,May,2026-05,Sunday,1,West,Online,New,Accessories,Laptop Stand,Budget,Sofia Tan,3,36.25,0.0,No discount,108.75,-0.01,108.76
ORD-1222,2026-02-14,2026,Q1,2,February,2026-02,Saturday,1,East,Retail Store,Returning,Accessories,Laptop Stand,Budget,Amir Hassan,4,33.17,0.1,Medium (6-10%),132.68,13.25,119.43
ORD-1223,2026-01-14,2026,Q1,1,January,2026-01,Wednesday,0,South,Online,Returning,Networking,Mesh Wi-Fi Set,Mid-range,Farah Ali,5,675.0,0.0,No discount,3375.0,0.0,3375.0
ORD-1224,2026-04-16,2026,Q2,4,April,2026-04,Thursday,0,North,Online,New,Accessories,Wireless Mouse,Budget,Daniel Wong,3,41.31,0.0,No discount,123.93,0.0,123.93
ORD-1225,2026-07-20,2026,Q3,7,July,2026-07,Monday,0,North,Online,New,Networking,Ethernet Cable,Budget,Aisha Lim,6,18.72,0.03,Low (1-5%),112.32,3.37,108.95
ORD-1226,2026-06-27,2026,Q2,6,June,2026-06,Saturday,1,Central,Marketplace,New,Accessories,Mouse Pad,Budget,Hafiz Rahman,3,13.5,0.03,Low (1-5%),40.5,1.21,39.29
ORD-1227,2026-10-12,2026,Q4,10,October,2026-10,Monday,0,West,Retail Store,Returning,Office Supplies,Desk Organizer,Budget,Ben Ho,3,32.76,0.15,High (>10%),98.28,14.74,83.54
ORD-1228,2026-02-19,2026,Q1,2,February,2026-02,Thursday,0,North,Marketplace,New,Storage,External SSD 1TB,Mid-range,Aisha Lim,8,429.3,0.03,Low (1-5%),3434.4,103.03,3331.37
ORD-1229,2026-03-11,2026,Q1,3,March,2026-03,Wednesday,0,Central,Corporate Sales,Returning,Monitors,Ultrawide Monitor,Premium,Hafiz Rahman,2,1350.0,0.03,Low (1-5%),2700.0,81.0,2619.0
ORD-1230,2026-03-10,2026,Q1,3,March,2026-03,Tuesday,0,East,Retail Store,Returning,Monitors,Portable Monitor,Mid-range,Grace Ng,4,598.5,0.05,Low (1-5%),2394.0,119.7,2274.3
ORD-1231,2026-08-30,2026,Q3,8,August,2026-08,Sunday,1,North,Corporate Sales,Returning,Computers,All-in-One PC,Premium,Daniel Wong,2,2565.0,0.1,Medium (6-10%),5130.0,513.0,4617.0
ORD-1232,2026-06-25,2026,Q2,6,June,2026-06,Thursday,0,South,Corporate Sales,New,Computers,Laptop Air 13,Premium,Jason Lee,2,2250.0,0.08,Medium (6-10%),4500.0,360.0,4140.0
ORD-1233,2026-08-17,2026,Q3,8,August,2026-08,Monday,0,North,Marketplace,Returning,Accessories,Wireless Mouse,Budget,Aisha Lim,6,39.29,0.1,Medium (6-10%),235.74,23.6,212.14
ORD-1234,2026-05-15,2026,Q2,5,May,2026-05,Friday,0,Central,Retail Store,New,Accessories,Mouse Pad,Budget,Kevin Yap,3,14.31,0.03,Low (1-5%),42.93,1.29,41.64
ORD-1235,2026-02-28,2026,Q1,2,February,2026-02,Saturday,1,South,Online,Returning,Networking,Mesh Wi-Fi Set,Mid-range,Farah Ali,4,675.0,0.05,Low (1-5%),2700.0,135.0,2565.0
ORD-1236,2026-08-12,2026,Q3,8,August,2026-08,Wednesday,0,Central,Retail Store,New,Storage,Memory Card 256GB,Budget,Hafiz Rahman,5,76.95,0.15,High (>10%),384.75,57.71,327.04
ORD-1237,2026-08-13,2026,Q3,8,August,2026-08,Thursday,0,North,Online,New,Storage,External SSD 1TB,Mid-range,Aisha Lim,6,392.85,0.05,Low (1-5%),2357.1,117.85,2239.25
ORD-1238,2026-05-15,2026,Q2,5,May,2026-05,Friday,0,North,Corporate Sales,Returning,Networking,Ethernet Cable,Budget,Aisha Lim,9,18.72,0.08,Medium (6-10%),168.48,13.48,155.0
ORD-1239,2026-05-15,2026,Q2,5,May,2026-05,Friday,0,East,Marketplace,Returning,Accessories,Webcam,Budget,Nora Chen,5,69.84,0.05,Low (1-5%),349.2,17.46,331.74
ORD-1240,2026-06-04,2026,Q2,6,June,2026-06,Thursday,0,South,Online,Returning,Monitors,Portable Monitor,Mid-range,Jason Lee,2,655.2,0.08,Medium (6-10%),1310.4,104.83,1205.57
ORD-1241,2026-12-30,2026,Q4,12,December,2026-12,Wednesday,0,Central,Retail Store,Returning,Accessories,Laptop Stand,Budget,Chloe Lim,4,36.25,0.15,High (>10%),145.0,21.74,123.26
ORD-1242,2026-07-07,2026,Q3,7,July,2026-07,Tuesday,0,Central,Marketplace,Returning,Monitors,Portable Monitor,Mid-range,Chloe Lim,3,655.2,0.05,Low (1-5%),1965.6,98.28,1867.32
ORD-1243,2026-01-02,2026,Q1,1,January,2026-01,Friday,0,Central,Online,New,Accessories,Laptop Stand,Budget,Hafiz Rahman,5,34.2,0.05,Low (1-5%),171.0,8.55,162.45
ORD-1244,2026-04-07,2026,Q2,4,April,2026-04,Tuesday,0,East,Online,Returning,Networking,Wi-Fi Router,Mid-range,Nora Chen,4,267.12,0.2,High (>10%),1068.48,213.7,854.78
ORD-1245,2026-10-21,2026,Q4,10,October,2026-10,Wednesday,0,West,Online,Returning,Monitors,Ultrawide Monitor,Premium,Sofia Tan,2,1309.5,0.2,High (>10%),2619.0,523.8,2095.2
ORD-1246,2026-03-24,2026,Q1,3,March,2026-03,Tuesday,0,East,Online,Returning,Storage,External HDD 2TB,Mid-range,Nora Chen,5,288.0,0.1,Medium (6-10%),1440.0,144.0,1296.0
ORD-1247,2026-08-18,2026,Q3,8,August,2026-08,Tuesday,0,South,Retail Store,New,Storage,USB Drive 128GB,Budget,Jason Lee,8,54.0,0.05,Low (1-5%),432.0,21.6,410.4
ORD-1248,2026-05-11,2026,Q2,5,May,2026-05,Monday,0,Central,Corporate Sales,Returning,Networking,Mesh Wi-Fi Set,Mid-range,Chloe Lim,6,675.0,0.1,Medium (6-10%),4050.0,405.0,3645.0
ORD-1249,2026-10-22,2026,Q4,10,October,2026-10,Thursday,0,South,Online,Returning,Storage,Memory Card 256GB,Budget,Raj Kumar,2,85.86,0.1,Medium (6-10%),171.72,17.17,154.55
ORD-1250,2026-06-24,2026,Q2,6,June,2026-06,Wednesday,0,South,Marketplace,Returning,Networking,Ethernet Cable,Budget,Raj Kumar,6,17.1,0.15,High (>10%),102.6,15.39,87.21
ORD-1251,2026-10-15,2026,Q4,10,October,2026-10,Thursday,0,West,Corporate Sales,Returning,Office Supplies,Printer Paper,Budget,Ben Ho,15,16.2,0.15,High (>10%),243.0,36.45,206.55
ORD-1252,2026-04-27,2026,Q2,4,April,2026-04,Monday,0,South,Retail Store,New,Office Supplies,Desk Organizer,Budget,Farah Ali,2,29.93,0.05,Low (1-5%),59.86,3.0,56.86
ORD-1253,2026-01-30,2026,Q1,1,January,2026-01,Friday,0,Central,Retail Store,New,Networking,Mesh Wi-Fi Set,Mid-range,Hafiz Rahman,7,675.0,0.03,Low (1-5%),4725.0,141.75,4583.25
ORD-1254,2026-12-02,2026,Q4,12,December,2026-12,Wednesday,0,South,Online,Returning,Accessories,USB-C Hub,Budget,Farah Ali,5,49.5,0.1,Medium (6-10%),247.5,24.75,222.75
ORD-1255,2026-09-23,2026,Q3,9,September,2026-09,Wednesday,0,North,Online,New,Monitors,Portable Monitor,Mid-range,Mei Tan,2,598.5,0.03,Low (1-5%),1197.0,35.91,1161.09
ORD-1256,2026-12-14,2026,Q4,12,December,2026-12,Monday,0,West,Retail Store,New,Accessories,Wireless Mouse,Budget,Sofia Tan,3,39.29,0.15,High (>10%),117.87,17.69,100.18
ORD-1257,2026-06-27,2026,Q2,6,June,2026-06,Saturday,1,West,Online,Returning,Accessories,Webcam,Budget,Ben Ho,4,68.4,0.03,Low (1-5%),273.6,8.21,265.39
ORD-1258,2026-10-21,2026,Q4,10,October,2026-10,Wednesday,0,West,Marketplace,Returning,Computers,Laptop Air 13,Premium,Sofia Tan,3,2182.5,0.03,Low (1-5%),6547.5,196.42,6351.08
ORD-1259,2026-08-13,2026,Q3,8,August,2026-08,Thursday,0,South,Retail Store,Returning,Computers,Laptop Pro 14,Premium,Jason Lee,2,2880.0,0.08,Medium (6-10%),5760.0,460.8,5299.2
ORD-1260,2026-04-23,2026,Q2,4,April,2026-04,Thursday,0,North,Marketplace,Returning,Accessories,Webcam,Budget,Mei Tan,5,72.0,0.05,Low (1-5%),360.0,18.0,342.0
ORD-1261,2026-10-26,2026,Q4,10,October,2026-10,Monday,0,Central,Retail Store,New,Monitors,24-inch Monitor,Mid-range,Chloe Lim,6,495.9,0.15,High (>10%),2975.4,446.31,2529.09
ORD-1262,2026-06-27,2026,Q2,6,June,2026-06,Saturday,1,East,Online,Returning,Storage,External SSD 1TB,Mid-range,Nora Chen,4,384.75,0.0,No discount,1539.0,0.0,1539.0
ORD-1263,2026-02-01,2026,Q1,2,February,2026-02,Sunday,1,Central,Retail Store,New,Storage,Memory Card 256GB,Budget,Kevin Yap,5,84.24,0.0,No discount,421.2,0.0,421.2
ORD-1264,2026-05-07,2026,Q2,5,May,2026-05,Thursday,0,South,Online,Returning,Accessories,Keyboard,Budget,Jason Lee,3,59.67,0.08,Medium (6-10%),179.01,14.32,164.69
ORD-1265,2026-03-09,2026,Q1,3,March,2026-03,Monday,0,South,Retail Store,Returning,Computers,Laptop Air 13,Premium,Jason Lee,4,2182.5,0.0,No discount,8730.0,0.0,8730.0
ORD-1266,2026-10-08,2026,Q4,10,October,2026-10,Thursday,0,West,Corporate Sales,New,Accessories,Keyboard,Budget,Priya Shah,5,55.58,0.2,High (>10%),277.9,55.6,222.3
ORD-1267,2026-07-27,2026,Q3,7,July,2026-07,Monday,0,West,Online,New,Storage,USB Drive 128GB,Budget,Ben Ho,5,52.38,0.0,No discount,261.9,0.0,261.9
ORD-1268,2026-03-04,2026,Q1,3,March,2026-03,Wednesday,0,South,Marketplace,Returning,Monitors,Ultrawide Monitor,Premium,Farah Ali,2,1282.5,0.08,Medium (6-10%),2565.0,205.2,2359.8
ORD-1269,2026-03-25,2026,Q1,3,March,2026-03,Wednesday,0,North,Retail Store,Returning,Computers,All-in-One PC,Premium,Mei Tan,2,2565.0,0.15,High (>10%),5130.0,769.5,4360.5
ORD-1270,2026-12-01,2026,Q4,12,December,2026-12,Tuesday,0,South,Online,Returning,Office Supplies,Sticky Notes,Budget,Jason Lee,2,7.49,0.03,Low (1-5%),14.98,0.45,14.53
ORD-1271,2026-05-27,2026,Q2,5,May,2026-05,Wednesday,0,North,Online,Returning,Networking,Mesh Wi-Fi Set,Mid-range,Aisha Lim,6,675.0,0.2,High (>10%),4050.0,810.0,3240.0
ORD-1272,2026-01-15,2026,Q1,1,January,2026-01,Thursday,0,Central,Corporate Sales,New,Computers,Gaming Laptop,Premium,Hafiz Rahman,2,3591.0,0.05,Low (1-5%),7182.0,359.1,6822.9
ORD-1273,2026-08-10,2026,Q3,8,August,2026-08,Monday,0,East,Retail Store,Returning,Office Supplies,Pen Pack,Budget,Nora Chen,2,10.8,0.15,High (>10%),21.6,3.24,18.36
ORD-1274,2026-12-04,2026,Q4,12,December,2026-12,Friday,0,West,Corporate Sales,New,Computers,Gaming Laptop,Premium,Sofia Tan,2,3780.0,0.08,Medium (6-10%),7560.0,604.8,6955.2
ORD-1275,2026-02-06,2026,Q1,2,February,2026-02,Friday,0,Central,Online,New,Accessories,Keyboard,Budget,Kevin Yap,5,60.84,0.08,Medium (6-10%),304.2,24.34,279.86
ORD-1276,2026-04-02,2026,Q2,4,April,2026-04,Thursday,0,East,Retail Store,Returning,Monitors,24-inch Monitor,Mid-range,Amir Hassan,3,542.88,0.0,No discount,1628.64,0.0,1628.64
ORD-1277,2026-11-04,2026,Q4,11,November,2026-11,Wednesday,0,Central,Retail Store,Returning,Computers,Gaming Laptop,Premium,Chloe Lim,2,3780.0,0.15,High (>10%),7560.0,1134.0,6426.0
ORD-1278,2026-10-19,2026,Q4,10,October,2026-10,Monday,0,North,Online,Returning,Computers,Laptop Pro 14,Premium,Aisha Lim,4,2937.6,0.03,Low (1-5%),11750.4,352.51,11397.89
ORD-1279,2026-06-28,2026,Q2,6,June,2026-06,Sunday,1,North,Online,Returning,Office Supplies,Sticky Notes,Budget,Mei Tan,2,6.84,0.15,High (>10%),13.68,2.05,11.63
ORD-1280,2026-08-02,2026,Q3,8,August,2026-08,Sunday,1,Central,Retail Store,New,Computers,Laptop Air 13,Premium,Kevin Yap,4,2137.5,0.1,Medium (6-10%),8550.0,855.0,7695.0
ORD-1281,2026-08-10,2026,Q3,8,August,2026-08,Monday,0,North,Online,Returning,Accessories,Wireless Mouse,Budget,Aisha Lim,2,40.5,0.1,Medium (6-10%),81.0,8.1,72.9
ORD-1282,2026-09-21,2026,Q3,9,September,2026-09,Monday,0,North,Retail Store,Returning,Accessories,Wireless Mouse,Budget,Mei Tan,7,40.5,0.05,Low (1-5%),283.5,14.17,269.33
ORD-1283,2026-02-28,2026,Q1,2,February,2026-02,Saturday,1,Central,Online,New,Monitors,27-inch Monitor,Mid-range,Chloe Lim,4,795.6,0.03,Low (1-5%),3182.4,95.47,3086.93
ORD-1284,2026-06-14,2026,Q2,6,June,2026-06,Sunday,1,North,Online,New,Accessories,Keyboard,Budget,Daniel Wong,4,55.58,0.1,Medium (6-10%),222.32,22.25,200.07
ORD-1285,2026-04-14,2026,Q2,4,April,2026-04,Tuesday,0,Central,Retail Store,New,Computers,Gaming Laptop,Premium,Chloe Lim,2,3780.0,0.08,Medium (6-10%),7560.0,604.8,6955.2
ORD-1286,2026-09-26,2026,Q3,9,September,2026-09,Saturday,1,East,Online,Returning,Storage,Memory Card 256GB,Budget,Amir Hassan,3,85.86,0.05,Low (1-5%),257.58,12.88,244.7
ORD-1287,2026-06-06,2026,Q2,6,June,2026-06,Saturday,1,North,Retail Store,New,Office Supplies,Desk Organizer,Budget,Aisha Lim,6,29.93,0.08,Medium (6-10%),179.58,14.39,165.19
ORD-1288,2026-08-10,2026,Q3,8,August,2026-08,Monday,0,Central,Online,Returning,Accessories,Mouse Pad,Budget,Kevin Yap,5,12.83,0.15,High (>10%),64.15,9.64,54.51
ORD-1289,2026-11-26,2026,Q4,11,November,2026-11,Thursday,0,South,Marketplace,Returning,Accessories,Keyboard,Budget,Jason Lee,6,59.67,0.1,Medium (6-10%),358.02,35.8,322.22
ORD-1290,2026-01-23,2026,Q1,1,January,2026-01,Friday,0,South,Retail Store,New,Networking,Network Switch,Mid-range,Raj Kumar,2,162.0,0.0,No discount,324.0,0.0,324.0
ORD-1291,2026-08-04,2026,Q3,8,August,2026-08,Tuesday,0,North,Retail Store,New,Storage,External HDD 2TB,Mid-range,Aisha Lim,5,293.76,0.15,High (>10%),1468.8,220.32,1248.48
ORD-1292,2026-05-01,2026,Q2,5,May,2026-05,Friday,0,East,Marketplace,Returning,Office Supplies,Desk Organizer,Budget,Amir Hassan,3,30.56,0.2,High (>10%),91.68,18.35,73.33
ORD-1293,2026-11-08,2026,Q4,11,November,2026-11,Sunday,1,South,Online,New,Networking,Network Switch,Mid-range,Jason Lee,2,165.24,0.15,High (>10%),330.48,49.57,280.91
ORD-1294,2026-11-20,2026,Q4,11,November,2026-11,Friday,0,Central,Online,Returning,Accessories,Laptop Stand,Budget,Kevin Yap,2,34.2,0.1,Medium (6-10%),68.4,6.84,61.56
ORD-1295,2026-12-13,2026,Q4,12,December,2026-12,Sunday,1,Central,Corporate Sales,Returning,Computers,Desktop Mini,Premium,Hafiz Rahman,2,1620.0,0.03,Low (1-5%),3240.0,97.2,3142.8
ORD-1296,2026-03-24,2026,Q1,3,March,2026-03,Tuesday,0,North,Online,New,Storage,External SSD 1TB,Mid-range,Mei Tan,3,413.1,0.0,No discount,1239.3,0.0,1239.3
ORD-1297,2026-12-09,2026,Q4,12,December,2026-12,Wednesday,0,South,Online,New,Computers,Gaming Laptop,Premium,Farah Ali,3,3780.0,0.05,Low (1-5%),11340.0,567.0,10773.0
ORD-1298,2026-05-13,2026,Q2,5,May,2026-05,Wednesday,0,North,Retail Store,Returning,Storage,External HDD 2TB,Mid-range,Mei Tan,3,288.0,0.1,Medium (6-10%),864.0,86.4,777.6
ORD-1299,2026-11-04,2026,Q4,11,November,2026-11,Wednesday,0,South,Online,New,Office Supplies,Pen Pack,Budget,Raj Kumar,4,10.48,0.1,Medium (6-10%),41.92,4.21,37.71
ORD-1300,2026-05-20,2026,Q2,5,May,2026-05,Wednesday,0,Central,Corporate Sales,Returning,Storage,Memory Card 256GB,Budget,Chloe Lim,3,81.0,0.05,Low (1-5%),243.0,12.15,230.85
ORD-1301,2026-06-18,2026,Q2,6,June,2026-06,Thursday,0,West,Corporate Sales,New,Computers,Laptop Air 13,Premium,Ben Ho,2,2182.5,0.1,Medium (6-10%),4365.0,436.5,3928.5
ORD-1302,2026-12-03,2026,Q4,12,December,2026-12,Thursday,0,North,Online,Returning,Storage,Memory Card 256GB,Budget,Daniel Wong,2,81.0,0.03,Low (1-5%),162.0,4.86,157.14
ORD-1303,2026-03-04,2026,Q1,3,March,2026-03,Wednesday,0,East,Online,Returning,Monitors,Ultrawide Monitor,Premium,Amir Hassan,3,1309.5,0.05,Low (1-5%),3928.5,196.42,3732.08
ORD-1304,2026-12-11,2026,Q4,12,December,2026-12,Friday,0,North,Online,Returning,Accessories,Laptop Stand,Budget,Mei Tan,2,32.49,0.1,Medium (6-10%),64.98,6.5,58.48
ORD-1305,2026-12-02,2026,Q4,12,December,2026-12,Wednesday,0,Central,Retail Store,Returning,Computers,Laptop Pro 14,Premium,Kevin Yap,3,2995.2,0.05,Low (1-5%),8985.6,449.28,8536.32
ORD-1306,2026-09-30,2026,Q3,9,September,2026-09,Wednesday,0,East,Marketplace,Returning,Accessories,Mouse Pad,Budget,Grace Ng,4,12.83,0.15,High (>10%),51.32,7.71,43.61
ORD-1307,2026-09-20,2026,Q3,9,September,2026-09,Sunday,1,North,Marketplace,Returning,Networking,Mesh Wi-Fi Set,Mid-range,Aisha Lim,6,675.0,0.03,Low (1-5%),4050.0,121.5,3928.5
ORD-1308,2026-02-22,2026,Q1,2,February,2026-02,Sunday,1,East,Marketplace,Returning,Office Supplies,Desk Organizer,Budget,Nora Chen,7,32.13,0.15,High (>10%),224.91,33.74,191.17
ORD-1309,2026-02-18,2026,Q1,2,February,2026-02,Wednesday,0,South,Online,New,Monitors,24-inch Monitor,Mid-range,Jason Lee,2,542.88,0.0,No discount,1085.76,0.0,1085.76
ORD-1310,2026-08-25,2026,Q3,8,August,2026-08,Tuesday,0,Central,Online,New,Storage,USB Drive 128GB,Budget,Kevin Yap,6,55.08,0.0,No discount,330.48,0.0,330.48
ORD-1311,2026-07-20,2026,Q3,7,July,2026-07,Monday,0,East,Online,Returning,Storage,Memory Card 256GB,Budget,Grace Ng,3,76.95,0.15,High (>10%),230.85,34.63,196.22
ORD-1312,2026-04-24,2026,Q2,4,April,2026-04,Friday,0,East,Online,Returning,Computers,Desktop Mini,Premium,Grace Ng,2,1620.0,0.05,Low (1-5%),3240.0,162.0,3078.0
ORD-1313,2026-09-28,2026,Q3,9,September,2026-09,Monday,0,North,Online,Returning,Storage,USB Drive 128GB,Budget,Mei Tan,5,54.0,0.08,Medium (6-10%),270.0,21.6,248.4
ORD-1314,2026-07-03,2026,Q3,7,July,2026-07,Friday,0,Central,Retail Store,Returning,Monitors,Ultrawide Monitor,Premium,Hafiz Rahman,3,1282.5,0.0,No discount,3847.5,0.0,3847.5
ORD-1315,2026-09-13,2026,Q3,9,September,2026-09,Sunday,1,North,Marketplace,Returning,Accessories,Keyboard,Budget,Aisha Lim,6,58.5,0.05,Low (1-5%),351.0,17.55,333.45
ORD-1316,2026-12-01,2026,Q4,12,December,2026-12,Tuesday,0,West,Online,Returning,Monitors,24-inch Monitor,Mid-range,Ben Ho,2,495.9,0.05,Low (1-5%),991.8,49.59,942.21
ORD-1317,2026-03-28,2026,Q1,3,March,2026-03,Saturday,1,East,Retail Store,New,Office Supplies,Desk Organizer,Budget,Nora Chen,3,30.56,0.03,Low (1-5%),91.68,2.76,88.92
ORD-1318,2026-11-25,2026,Q4,11,November,2026-11,Wednesday,0,Central,Marketplace,Returning,Storage,USB Drive 128GB,Budget,Kevin Yap,4,56.16,0.15,High (>10%),224.64,33.7,190.94
ORD-1319,2026-01-30,2026,Q1,1,January,2026-01,Friday,0,North,Online,Returning,Accessories,Webcam,Budget,Aisha Lim,5,72.0,0.08,Medium (6-10%),360.0,28.8,331.2
ORD-1320,2026-06-13,2026,Q2,6,June,2026-06,Saturday,1,Central,Retail Store,New,Computers,All-in-One PC,Premium,Kevin Yap,2,2808.0,0.0,No discount,5616.0,0.0,5616.0
ORD-1321,2026-12-27,2026,Q4,12,December,2026-12,Sunday,1,South,Corporate Sales,Returning,Computers,Laptop Pro 14,Premium,Jason Lee,2,3052.8,0.2,High (>10%),6105.6,1221.12,4884.48
ORD-1322,2026-09-05,2026,Q3,9,September,2026-09,Saturday,1,South,Corporate Sales,Returning,Computers,Laptop Air 13,Premium,Jason Lee,3,2250.0,0.15,High (>10%),6750.0,1012.5,5737.5
ORD-1323,2026-11-06,2026,Q4,11,November,2026-11,Friday,0,West,Corporate Sales,Returning,Networking,Ethernet Cable,Budget,Priya Shah,7,18.72,0.1,Medium (6-10%),131.04,13.1,117.94
ORD-1324,2026-09-19,2026,Q3,9,September,2026-09,Saturday,1,Central,Online,Returning,Storage,Memory Card 256GB,Budget,Kevin Yap,4,82.62,0.1,Medium (6-10%),330.48,33.05,297.43
ORD-1325,2026-06-11,2026,Q2,6,June,2026-06,Thursday,0,South,Retail Store,Returning,Office Supplies,Sticky Notes,Budget,Jason Lee,8,7.2,0.15,High (>10%),57.6,8.64,48.96
ORD-1326,2026-12-02,2026,Q4,12,December,2026-12,Wednesday,0,North,Marketplace,Returning,Office Supplies,Desk Organizer,Budget,Mei Tan,4,31.5,0.08,Medium (6-10%),126.0,10.08,115.92
ORD-1327,2026-06-28,2026,Q2,6,June,2026-06,Sunday,1,West,Retail Store,Returning,Monitors,27-inch Monitor,Mid-range,Ben Ho,4,742.05,0.08,Medium (6-10%),2968.2,237.46,2730.74
ORD-1328,2026-06-28,2026,Q2,6,June,2026-06,Sunday,1,Central,Online,New,Computers,All-in-One PC,Premium,Chloe Lim,2,2862.0,0.15,High (>10%),5724.0,858.6,4865.4
ORD-1329,2026-10-16,2026,Q4,10,October,2026-10,Friday,0,South,Marketplace,New,Accessories,USB-C Hub,Budget,Jason Lee,2,49.5,0.1,Medium (6-10%),99.0,9.9,89.1
ORD-1330,2026-10-16,2026,Q4,10,October,2026-10,Friday,0,Central,Corporate Sales,New,Monitors,Portable Monitor,Mid-range,Chloe Lim,2,655.2,0.08,Medium (6-10%),1310.4,104.83,1205.57
ORD-1331,2026-07-01,2026,Q3,7,July,2026-07,Wednesday,0,West,Marketplace,Returning,Storage,External HDD 2TB,Mid-range,Sofia Tan,5,273.6,0.08,Medium (6-10%),1368.0,109.44,1258.56
ORD-1332,2026-03-29,2026,Q1,3,March,2026-03,Sunday,1,South,Online,Returning,Monitors,27-inch Monitor,Mid-range,Farah Ali,4,742.05,0.03,Low (1-5%),2968.2,89.05,2879.15
ORD-1333,2026-06-17,2026,Q2,6,June,2026-06,Wednesday,0,East,Online,Returning,Networking,Ethernet Cable,Budget,Amir Hassan,3,19.08,0.05,Low (1-5%),57.24,2.86,54.38
ORD-1334,2026-08-01,2026,Q3,8,August,2026-08,Saturday,1,West,Online,Returning,Monitors,27-inch Monitor,Mid-range,Sofia Tan,2,742.05,0.08,Medium (6-10%),1484.1,118.73,1365.37
ORD-1335,2026-05-21,2026,Q2,5,May,2026-05,Thursday,0,South,Retail Store,New,Networking,Wi-Fi Router,Mid-range,Farah Ali,2,239.4,0.0,No discount,478.8,0.0,478.8
ORD-1336,2026-06-18,2026,Q2,6,June,2026-06,Thursday,0,South,Corporate Sales,New,Storage,External SSD 1TB,Mid-range,Jason Lee,7,405.0,0.03,Low (1-5%),2835.0,85.05,2749.95
ORD-1337,2026-04-20,2026,Q2,4,April,2026-04,Monday,0,West,Retail Store,Returning,Monitors,24-inch Monitor,Mid-range,Sofia Tan,2,522.0,0.0,No discount,1044.0,0.0,1044.0
ORD-1338,2026-08-25,2026,Q3,8,August,2026-08,Tuesday,0,South,Retail Store,New,Storage,USB Drive 128GB,Budget,Raj Kumar,2,54.0,0.05,Low (1-5%),108.0,5.4,102.6
ORD-1339,2026-09-16,2026,Q3,9,September,2026-09,Wednesday,0,South,Online,Returning,Networking,Network Switch,Mid-range,Raj Kumar,8,162.0,0.1,Medium (6-10%),1296.0,129.6,1166.4
ORD-1340,2026-04-10,2026,Q2,4,April,2026-04,Friday,0,Central,Corporate Sales,Returning,Networking,Ethernet Cable,Budget,Chloe Lim,3,19.08,0.15,High (>10%),57.24,8.59,48.65
ORD-1341,2026-12-11,2026,Q4,12,December,2026-12,Friday,0,Central,Online,Returning,Accessories,Wireless Mouse,Budget,Chloe Lim,6,38.48,0.1,Medium (6-10%),230.88,23.11,207.77
ORD-1342,2026-05-29,2026,Q2,5,May,2026-05,Friday,0,East,Retail Store,Returning,Accessories,Laptop Stand,Budget,Amir Hassan,2,34.2,0.05,Low (1-5%),68.4,3.42,64.98
ORD-1343,2026-04-13,2026,Q2,4,April,2026-04,Monday,0,West,Retail Store,Returning,Office Supplies,Pen Pack,Budget,Sofia Tan,2,10.48,0.08,Medium (6-10%),20.96,1.68,19.28
ORD-1344,2026-02-19,2026,Q1,2,February,2026-02,Thursday,0,East,Retail Store,Returning,Storage,USB Drive 128GB,Budget,Grace Ng,6,51.3,0.15,High (>10%),307.8,46.17,261.63
ORD-1345,2026-05-12,2026,Q2,5,May,2026-05,Tuesday,0,East,Retail Store,Returning,Monitors,24-inch Monitor,Mid-range,Grace Ng,3,522.0,0.0,No discount,1566.0,0.0,1566.0
ORD-1346,2026-07-24,2026,Q3,7,July,2026-07,Friday,0,East,Retail Store,Returning,Storage,USB Drive 128GB,Budget,Amir Hassan,3,52.38,0.08,Medium (6-10%),157.14,12.57,144.57
ORD-1347,2026-05-22,2026,Q2,5,May,2026-05,Friday,0,West,Online,Returning,Office Supplies,Sticky Notes,Budget,Priya Shah,2,6.84,0.15,High (>10%),13.68,2.05,11.63
ORD-1348,2026-11-28,2026,Q4,11,November,2026-11,Saturday,1,East,Online,Returning,Computers,Desktop Mini,Premium,Grace Ng,2,1620.0,0.05,Low (1-5%),3240.0,162.0,3078.0
ORD-1349,2026-05-27,2026,Q2,5,May,2026-05,Wednesday,0,North,Retail Store,Returning,Monitors,Portable Monitor,Mid-range,Daniel Wong,2,667.8,0.2,High (>10%),1335.6,267.12,1068.48
ORD-1350,2026-04-09,2026,Q2,4,April,2026-04,Thursday,0,South,Online,Returning,Office Supplies,Sticky Notes,Budget,Jason Lee,7,7.2,0.05,Low (1-5%),50.4,2.52,47.88
ORD-1351,2026-11-09,2026,Q4,11,November,2026-11,Monday,0,South,Online,New,Monitors,Portable Monitor,Mid-range,Jason Lee,3,642.6,0.0,No discount,1927.8,0.0,1927.8
ORD-1352,2026-11-03,2026,Q4,11,November,2026-11,Tuesday,0,South,Retail Store,Returning,Monitors,Ultrawide Monitor,Premium,Raj Kumar,2,1309.5,0.0,No discount,2619.0,0.0,2619.0
ORD-1353,2026-11-24,2026,Q4,11,November,2026-11,Tuesday,0,West,Online,Returning,Accessories,USB-C Hub,Budget,Priya Shah,3,49.5,0.15,High (>10%),148.5,22.27,126.23
ORD-1354,2026-05-25,2026,Q2,5,May,2026-05,Monday,0,South,Marketplace,Returning,Storage,Memory Card 256GB,Budget,Raj Kumar,4,85.86,0.2,High (>10%),343.44,68.69,274.75
ORD-1355,2026-01-12,2026,Q1,1,January,2026-01,Monday,0,East,Online,Returning,Office Supplies,Printer Paper,Budget,Nora Chen,5,16.2,0.03,Low (1-5%),81.0,2.43,78.57
ORD-1356,2026-02-22,2026,Q1,2,February,2026-02,Sunday,1,East,Marketplace,Returning,Computers,All-in-One PC,Premium,Amir Hassan,2,2700.0,0.2,High (>10%),5400.0,1080.0,4320.0
ORD-1357,2026-05-06,2026,Q2,5,May,2026-05,Wednesday,0,North,Retail Store,Returning,Monitors,Ultrawide Monitor,Premium,Aisha Lim,2,1350.0,0.1,Medium (6-10%),2700.0,270.0,2430.0
ORD-1358,2026-09-30,2026,Q3,9,September,2026-09,Wednesday,0,West,Marketplace,Returning,Networking,Ethernet Cable,Budget,Priya Shah,5,17.46,0.08,Medium (6-10%),87.3,6.98,80.32
ORD-1359,2026-08-22,2026,Q3,8,August,2026-08,Saturday,1,West,Corporate Sales,Returning,Monitors,Portable Monitor,Mid-range,Sofia Tan,3,598.5,0.0,No discount,1795.5,0.0,1795.5
ORD-1360,2026-02-01,2026,Q1,2,February,2026-02,Sunday,1,North,Corporate Sales,New,Computers,Desktop Mini,Premium,Aisha Lim,3,1620.0,0.1,Medium (6-10%),4860.0,486.0,4374.0
ORD-1361,2026-03-18,2026,Q1,3,March,2026-03,Wednesday,0,North,Marketplace,New,Office Supplies,Sticky Notes,Budget,Mei Tan,5,7.2,0.08,Medium (6-10%),36.0,2.88,33.12
ORD-1362,2026-07-26,2026,Q3,7,July,2026-07,Sunday,1,Central,Online,Returning,Networking,Network Switch,Mid-range,Hafiz Rahman,8,168.48,0.2,High (>10%),1347.84,269.57,1078.27
ORD-1363,2026-02-12,2026,Q1,2,February,2026-02,Thursday,0,North,Online,Returning,Storage,Memory Card 256GB,Budget,Daniel Wong,7,81.0,0.1,Medium (6-10%),567.0,56.7,510.3
ORD-1364,2026-05-19,2026,Q2,5,May,2026-05,Tuesday,0,East,Retail Store,Returning,Networking,Ethernet Cable,Budget,Nora Chen,2,19.08,0.08,Medium (6-10%),38.16,3.05,35.11
ORD-1365,2026-12-24,2026,Q4,12,December,2026-12,Thursday,0,East,Online,Returning,Monitors,27-inch Monitor,Mid-range,Amir Hassan,3,765.0,0.05,Low (1-5%),2295.0,114.75,2180.25
ORD-1366,2026-06-30,2026,Q2,6,June,2026-06,Tuesday,0,North,Online,New,Accessories,Mouse Pad,Budget,Aisha Lim,4,13.5,0.1,Medium (6-10%),54.0,5.4,48.6
ORD-1367,2026-01-23,2026,Q1,1,January,2026-01,Friday,0,South,Online,New,Accessories,Webcam,Budget,Raj Kumar,3,72.0,0.05,Low (1-5%),216.0,10.8,205.2
ORD-1368,2026-05-29,2026,Q2,5,May,2026-05,Friday,0,North,Online,Returning,Accessories,Webcam,Budget,Daniel Wong,9,76.32,0.1,Medium (6-10%),686.88,68.69,618.19
ORD-1369,2026-01-22,2026,Q1,1,January,2026-01,Thursday,0,South,Online,Returning,Networking,Mesh Wi-Fi Set,Mid-range,Raj Kumar,5,641.25,0.03,Low (1-5%),3206.25,96.19,3110.06
ORD-1370,2026-06-18,2026,Q2,6,June,2026-06,Thursday,0,West,Online,Returning,Storage,Memory Card 256GB,Budget,Sofia Tan,2,85.86,0.15,High (>10%),171.72,25.76,145.96
ORD-1371,2026-03-05,2026,Q1,3,March,2026-03,Thursday,0,Central,Online,Returning,Monitors,24-inch Monitor,Mid-range,Chloe Lim,2,506.34,0.08,Medium (6-10%),1012.68,81.01,931.67
ORD-1372,2026-11-14,2026,Q4,11,November,2026-11,Saturday,1,Central,Online,Returning,Office Supplies,Printer Paper,Budget,Hafiz Rahman,5,15.71,0.03,Low (1-5%),78.55,2.34,76.21
ORD-1373,2026-02-09,2026,Q1,2,February,2026-02,Monday,0,North,Online,Returning,Monitors,27-inch Monitor,Mid-range,Aisha Lim,2,765.0,0.05,Low (1-5%),1530.0,76.5,1453.5
ORD-1374,2026-01-06,2026,Q1,1,January,2026-01,Tuesday,0,South,Online,New,Storage,External SSD 1TB,Mid-range,Jason Lee,5,384.75,0.0,No discount,1923.75,0.0,1923.75
ORD-1375,2026-02-26,2026,Q1,2,February,2026-02,Thursday,0,West,Retail Store,New,Networking,Network Switch,Mid-range,Sofia Tan,6,168.48,0.0,No discount,1010.88,0.0,1010.88
ORD-1376,2026-05-07,2026,Q2,5,May,2026-05,Thursday,0,West,Corporate Sales,Returning,Computers,Laptop Air 13,Premium,Priya Shah,2,2250.0,0.15,High (>10%),4500.0,675.0,3825.0
ORD-1377,2026-01-09,2026,Q1,1,January,2026-01,Friday,0,East,Retail Store,New,Accessories,Webcam,Budget,Amir Hassan,4,74.88,0.15,High (>10%),299.52,44.93,254.59
ORD-1378,2026-03-24,2026,Q1,3,March,2026-03,Tuesday,0,Central,Online,Returning,Storage,External HDD 2TB,Mid-range,Hafiz Rahman,2,288.0,0.08,Medium (6-10%),576.0,46.08,529.92
ORD-1379,2026-06-03,2026,Q2,6,June,2026-06,Wednesday,0,West,Retail Store,New,Office Supplies,Sticky Notes,Budget,Priya Shah,4,7.63,0.0,No discount,30.52,-0.01,30.53
ORD-1380,2026-04-01,2026,Q2,4,April,2026-04,Wednesday,0,North,Retail Store,Returning,Computers,Laptop Air 13,Premium,Mei Tan,2,2182.5,0.0,No discount,4365.0,0.0,4365.0
ORD-1381,2026-05-15,2026,Q2,5,May,2026-05,Friday,0,South,Corporate Sales,Returning,Computers,All-in-One PC,Premium,Raj Kumar,3,2754.0,0.2,High (>10%),8262.0,1652.4,6609.6
ORD-1382,2026-08-01,2026,Q3,8,August,2026-08,Saturday,1,Central,Corporate Sales,Returning,Computers,Desktop Mini,Premium,Hafiz Rahman,2,1620.0,0.05,Low (1-5%),3240.0,162.0,3078.0
ORD-1383,2026-12-06,2026,Q4,12,December,2026-12,Sunday,1,West,Retail Store,New,Storage,External SSD 1TB,Mid-range,Priya Shah,6,405.0,0.03,Low (1-5%),2430.0,72.9,2357.1
ORD-1384,2026-03-24,2026,Q1,3,March,2026-03,Tuesday,0,Central,Online,New,Accessories,Webcam,Budget,Kevin Yap,6,68.4,0.05,Low (1-5%),410.4,20.52,389.88
ORD-1385,2026-02-03,2026,Q1,2,February,2026-02,Tuesday,0,East,Retail Store,Returning,Monitors,27-inch Monitor,Mid-range,Grace Ng,2,780.3,0.15,High (>10%),1560.6,234.09,1326.51
ORD-1386,2026-10-10,2026,Q4,10,October,2026-10,Saturday,1,North,Retail Store,New,Computers,Laptop Pro 14,Premium,Daniel Wong,3,2880.0,0.1,Medium (6-10%),8640.0,864.0,7776.0
ORD-1387,2026-09-25,2026,Q3,9,September,2026-09,Friday,0,East,Retail Store,New,Networking,Mesh Wi-Fi Set,Mid-range,Amir Hassan,7,715.5,0.0,No discount,5008.5,0.0,5008.5
ORD-1388,2026-09-04,2026,Q3,9,September,2026-09,Friday,0,South,Online,New,Networking,Ethernet Cable,Budget,Raj Kumar,3,18.72,0.05,Low (1-5%),56.16,2.81,53.35
ORD-1389,2026-01-21,2026,Q1,1,January,2026-01,Wednesday,0,South,Corporate Sales,Returning,Office Supplies,Desk Organizer,Budget,Jason Lee,7,31.5,0.05,Low (1-5%),220.5,11.02,209.48
ORD-1390,2026-09-27,2026,Q3,9,September,2026-09,Sunday,1,North,Online,Returning,Accessories,USB-C Hub,Budget,Aisha Lim,6,50.49,0.05,Low (1-5%),302.94,15.15,287.79
ORD-1391,2026-01-11,2026,Q1,1,January,2026-01,Sunday,1,East,Online,New,Accessories,Mouse Pad,Budget,Amir Hassan,2,13.5,0.05,Low (1-5%),27.0,1.35,25.65
ORD-1392,2026-08-27,2026,Q3,8,August,2026-08,Thursday,0,North,Online,Returning,Storage,Memory Card 256GB,Budget,Daniel Wong,3,85.86,0.08,Medium (6-10%),257.58,20.61,236.97
ORD-1393,2026-01-11,2026,Q1,1,January,2026-01,Sunday,1,South,Online,Returning,Accessories,Webcam,Budget,Raj Kumar,7,68.4,0.03,Low (1-5%),478.8,14.36,464.44
ORD-1394,2026-06-04,2026,Q2,6,June,2026-06,Thursday,0,East,Retail Store,Returning,Storage,USB Drive 128GB,Budget,Amir Hassan,2,52.38,0.08,Medium (6-10%),104.76,8.38,96.38
ORD-1395,2026-06-11,2026,Q2,6,June,2026-06,Thursday,0,North,Retail Store,New,Monitors,27-inch Monitor,Mid-range,Aisha Lim,2,765.0,0.1,Medium (6-10%),1530.0,153.0,1377.0
ORD-1396,2026-03-08,2026,Q1,3,March,2026-03,Sunday,1,North,Retail Store,New,Accessories,Webcam,Budget,Mei Tan,6,74.88,0.05,Low (1-5%),449.28,22.46,426.82
ORD-1397,2026-06-20,2026,Q2,6,June,2026-06,Saturday,1,East,Marketplace,Returning,Storage,External SSD 1TB,Mid-range,Grace Ng,4,429.3,0.2,High (>10%),1717.2,343.44,1373.76
ORD-1398,2026-11-29,2026,Q4,11,November,2026-11,Sunday,1,Central,Corporate Sales,Returning,Monitors,24-inch Monitor,Mid-range,Hafiz Rahman,2,542.88,0.15,High (>10%),1085.76,162.86,922.9
ORD-1399,2026-05-26,2026,Q2,5,May,2026-05,Tuesday,0,West,Corporate Sales,Returning,Computers,Laptop Air 13,Premium,Sofia Tan,2,2250.0,0.03,Low (1-5%),4500.0,135.0,4365.0
ORD-1400,2026-04-29,2026,Q2,4,April,2026-04,Wednesday,0,East,Online,New,Storage,External SSD 1TB,Mid-range,Nora Chen,4,392.85,0.03,Low (1-5%),1571.4,47.14,1524.26
ORD-1401,2026-11-09,2026,Q4,11,November,2026-11,Monday,0,South,Online,Returning,Monitors,Ultrawide Monitor,Premium,Jason Lee,3,1404.0,0.08,Medium (6-10%),4212.0,336.96,3875.04
ORD-1402,2026-07-06,2026,Q3,7,July,2026-07,Monday,0,South,Corporate Sales,Returning,Computers,All-in-One PC,Premium,Farah Ali,2,2862.0,0.05,Low (1-5%),5724.0,286.2,5437.8
ORD-1403,2026-10-13,2026,Q4,10,October,2026-10,Tuesday,0,West,Marketplace,Returning,Storage,Memory Card 256GB,Budget,Ben Ho,2,81.0,0.08,Medium (6-10%),162.0,12.96,149.04
ORD-1404,2026-11-20,2026,Q4,11,November,2026-11,Friday,0,West,Corporate Sales,New,Networking,Wi-Fi Router,Mid-range,Priya Shah,11,244.44,0.08,Medium (6-10%),2688.84,215.11,2473.73
ORD-1405,2026-03-06,2026,Q1,3,March,2026-03,Friday,0,South,Online,Returning,Storage,Memory Card 256GB,Budget,Raj Kumar,5,81.0,0.1,Medium (6-10%),405.0,40.5,364.5
ORD-1406,2026-09-15,2026,Q3,9,September,2026-09,Tuesday,0,North,Marketplace,Returning,Monitors,27-inch Monitor,Mid-range,Daniel Wong,4,726.75,0.08,Medium (6-10%),2907.0,232.56,2674.44
ORD-1407,2026-06-04,2026,Q2,6,June,2026-06,Thursday,0,West,Online,Returning,Networking,Wi-Fi Router,Mid-range,Ben Ho,5,252.0,0.05,Low (1-5%),1260.0,63.0,1197.0
ORD-1408,2026-07-06,2026,Q3,7,July,2026-07,Monday,0,East,Corporate Sales,New,Computers,Desktop Mini,Premium,Nora Chen,2,1652.4,0.15,High (>10%),3304.8,495.72,2809.08
ORD-1409,2026-07-08,2026,Q3,7,July,2026-07,Wednesday,0,East,Retail Store,New,Accessories,Webcam,Budget,Amir Hassan,4,69.84,0.05,Low (1-5%),279.36,13.97,265.39
ORD-1410,2026-12-26,2026,Q4,12,December,2026-12,Saturday,1,East,Online,Returning,Storage,USB Drive 128GB,Budget,Nora Chen,8,57.24,0.1,Medium (6-10%),457.92,45.79,412.13
ORD-1411,2026-10-31,2026,Q4,10,October,2026-10,Saturday,1,West,Corporate Sales,Returning,Networking,Network Switch,Mid-range,Sofia Tan,6,157.14,0.05,Low (1-5%),942.84,47.14,895.7
ORD-1412,2026-08-09,2026,Q3,8,August,2026-08,Sunday,1,Central,Retail Store,New,Monitors,Ultrawide Monitor,Premium,Kevin Yap,2,1350.0,0.03,Low (1-5%),2700.0,81.0,2619.0
ORD-1413,2026-03-11,2026,Q1,3,March,2026-03,Wednesday,0,East,Online,New,Accessories,Webcam,Budget,Nora Chen,2,72.0,0.15,High (>10%),144.0,21.6,122.4
ORD-1414,2026-07-07,2026,Q3,7,July,2026-07,Tuesday,0,North,Online,New,Accessories,Keyboard,Budget,Mei Tan,2,59.67,0.0,No discount,119.34,0.0,119.34
ORD-1415,2026-09-22,2026,Q3,9,September,2026-09,Tuesday,0,East,Online,Returning,Networking,Network Switch,Mid-range,Grace Ng,4,165.24,0.05,Low (1-5%),660.96,33.05,627.91
ORD-1416,2026-11-16,2026,Q4,11,November,2026-11,Monday,0,North,Corporate Sales,Returning,Monitors,27-inch Monitor,Mid-range,Daniel Wong,3,726.75,0.08,Medium (6-10%),2180.25,174.42,2005.83
ORD-1417,2026-12-01,2026,Q4,12,December,2026-12,Tuesday,0,South,Corporate Sales,New,Networking,Network Switch,Mid-range,Raj Kumar,10,165.24,0.0,No discount,1652.4,0.0,1652.4
ORD-1418,2026-04-05,2026,Q2,4,April,2026-04,Sunday,1,South,Retail Store,New,Monitors,27-inch Monitor,Mid-range,Farah Ali,2,765.0,0.05,Low (1-5%),1530.0,76.5,1453.5
ORD-1419,2026-03-14,2026,Q1,3,March,2026-03,Saturday,1,North,Corporate Sales,Returning,Networking,Ethernet Cable,Budget,Daniel Wong,5,19.08,0.03,Low (1-5%),95.4,2.86,92.54
ORD-1420,2026-09-27,2026,Q3,9,September,2026-09,Sunday,1,North,Online,New,Computers,Gaming Laptop,Premium,Mei Tan,2,3780.0,0.15,High (>10%),7560.0,1134.0,6426.0
ORD-1421,2026-01-06,2026,Q1,1,January,2026-01,Tuesday,0,North,Retail Store,Returning,Office Supplies,Sticky Notes,Budget,Daniel Wong,5,7.34,0.05,Low (1-5%),36.7,1.82,34.88
ORD-1422,2026-02-11,2026,Q1,2,February,2026-02,Wednesday,0,South,Corporate Sales,New,Office Supplies,Printer Paper,Budget,Farah Ali,7,15.71,0.05,Low (1-5%),109.97,5.47,104.5
ORD-1423,2026-05-18,2026,Q2,5,May,2026-05,Monday,0,Central,Online,New,Accessories,Mouse Pad,Budget,Kevin Yap,4,13.5,0.05,Low (1-5%),54.0,2.7,51.3
ORD-1424,2026-03-25,2026,Q1,3,March,2026-03,Wednesday,0,South,Online,Returning,Storage,Memory Card 256GB,Budget,Jason Lee,3,78.57,0.03,Low (1-5%),235.71,7.07,228.64
ORD-1425,2026-12-28,2026,Q4,12,December,2026-12,Monday,0,North,Marketplace,New,Storage,Memory Card 256GB,Budget,Aisha Lim,2,78.57,0.05,Low (1-5%),157.14,7.86,149.28
ORD-1426,2026-10-05,2026,Q4,10,October,2026-10,Monday,0,West,Retail Store,Returning,Office Supplies,Desk Organizer,Budget,Sofia Tan,3,33.39,0.03,Low (1-5%),100.17,3.01,97.16
ORD-1427,2026-08-02,2026,Q3,8,August,2026-08,Sunday,1,West,Marketplace,Returning,Accessories,Keyboard,Budget,Ben Ho,2,60.84,0.0,No discount,121.68,0.0,121.68
ORD-1428,2026-01-07,2026,Q1,1,January,2026-01,Wednesday,0,West,Retail Store,Returning,Accessories,Webcam,Budget,Ben Ho,2,72.0,0.15,High (>10%),144.0,21.6,122.4
ORD-1429,2026-08-05,2026,Q3,8,August,2026-08,Wednesday,0,West,Retail Store,New,Monitors,27-inch Monitor,Mid-range,Ben Ho,2,726.75,0.03,Low (1-5%),1453.5,43.6,1409.9
ORD-1430,2026-11-15,2026,Q4,11,November,2026-11,Sunday,1,Central,Retail Store,New,Monitors,27-inch Monitor,Mid-range,Kevin Yap,3,810.9,0.1,Medium (6-10%),2432.7,243.27,2189.43
ORD-1431,2026-06-21,2026,Q2,6,June,2026-06,Sunday,1,West,Online,New,Monitors,24-inch Monitor,Mid-range,Sofia Tan,2,553.32,0.08,Medium (6-10%),1106.64,88.53,1018.11
ORD-1432,2026-01-04,2026,Q1,1,January,2026-01,Sunday,1,East,Corporate Sales,New,Computers,All-in-One PC,Premium,Amir Hassan,2,2565.0,0.08,Medium (6-10%),5130.0,410.4,4719.6
ORD-1433,2026-04-25,2026,Q2,4,April,2026-04,Saturday,1,East,Online,New,Accessories,Laptop Stand,Budget,Amir Hassan,3,34.2,0.05,Low (1-5%),102.6,5.13,97.47
ORD-1434,2026-04-23,2026,Q2,4,April,2026-04,Thursday,0,West,Retail Store,Returning,Computers,Gaming Laptop,Premium,Priya Shah,2,3780.0,0.1,Medium (6-10%),7560.0,756.0,6804.0
ORD-1435,2026-11-22,2026,Q4,11,November,2026-11,Sunday,1,South,Corporate Sales,Returning,Computers,Laptop Air 13,Premium,Jason Lee,2,2182.5,0.05,Low (1-5%),4365.0,218.25,4146.75
ORD-1436,2026-06-15,2026,Q2,6,June,2026-06,Monday,0,South,Retail Store,New,Accessories,Wireless Mouse,Budget,Farah Ali,2,38.48,0.03,Low (1-5%),76.96,2.32,74.64
ORD-1437,2026-02-15,2026,Q1,2,February,2026-02,Sunday,1,West,Online,New,Monitors,Ultrawide Monitor,Premium,Ben Ho,2,1404.0,0.08,Medium (6-10%),2808.0,224.64,2583.36
ORD-1438,2026-06-26,2026,Q2,6,June,2026-06,Friday,0,North,Online,Returning,Accessories,Laptop Stand,Budget,Mei Tan,2,35.57,0.08,Medium (6-10%),71.14,5.69,65.45
ORD-1439,2026-09-11,2026,Q3,9,September,2026-09,Friday,0,Central,Marketplace,New,Storage,External HDD 2TB,Mid-range,Kevin Yap,5,299.52,0.08,Medium (6-10%),1497.6,119.81,1377.79
ORD-1440,2026-07-12,2026,Q3,7,July,2026-07,Sunday,1,East,Corporate Sales,Returning,Networking,Network Switch,Mid-range,Amir Hassan,10,168.48,0.05,Low (1-5%),1684.8,84.24,1600.56
ORD-1441,2026-03-24,2026,Q1,3,March,2026-03,Tuesday,0,North,Marketplace,Returning,Accessories,Mouse Pad,Budget,Daniel Wong,2,13.5,0.15,High (>10%),27.0,4.05,22.95
ORD-1442,2026-04-03,2026,Q2,4,April,2026-04,Friday,0,North,Retail Store,New,Office Supplies,Sticky Notes,Budget,Mei Tan,3,6.98,0.0,No discount,20.94,-0.01,20.95
ORD-1443,2026-08-23,2026,Q3,8,August,2026-08,Sunday,1,East,Retail Store,Returning,Accessories,Keyboard,Budget,Grace Ng,2,62.01,0.08,Medium (6-10%),124.02,9.92,114.1
ORD-1444,2026-12-01,2026,Q4,12,December,2026-12,Tuesday,0,West,Corporate Sales,Returning,Computers,Laptop Air 13,Premium,Ben Ho,5,2295.0,0.1,Medium (6-10%),11475.0,1147.5,10327.5
ORD-1445,2026-11-15,2026,Q4,11,November,2026-11,Sunday,1,West,Online,Returning,Storage,USB Drive 128GB,Budget,Ben Ho,3,51.3,0.08,Medium (6-10%),153.9,12.31,141.59
ORD-1446,2026-07-16,2026,Q3,7,July,2026-07,Thursday,0,North,Online,New,Storage,USB Drive 128GB,Budget,Aisha Lim,2,54.0,0.0,No discount,108.0,0.0,108.0
ORD-1447,2026-11-18,2026,Q4,11,November,2026-11,Wednesday,0,South,Online,Returning,Computers,Laptop Air 13,Premium,Jason Lee,2,2137.5,0.08,Medium (6-10%),4275.0,342.0,3933.0
ORD-1448,2026-04-24,2026,Q2,4,April,2026-04,Friday,0,North,Marketplace,Returning,Accessories,Mouse Pad,Budget,Aisha Lim,5,14.31,0.03,Low (1-5%),71.55,2.15,69.4
ORD-1449,2026-05-21,2026,Q2,5,May,2026-05,Thursday,0,South,Online,Returning,Accessories,Keyboard,Budget,Farah Ali,6,58.5,0.03,Low (1-5%),351.0,10.53,340.47
ORD-1450,2026-02-03,2026,Q1,2,February,2026-02,Tuesday,0,East,Marketplace,Returning,Monitors,Ultrawide Monitor,Premium,Nora Chen,2,1282.5,0.08,Medium (6-10%),2565.0,205.2,2359.8
ORD-1451,2026-01-30,2026,Q1,1,January,2026-01,Friday,0,North,Retail Store,Returning,Accessories,Mouse Pad,Budget,Aisha Lim,3,12.83,0.1,Medium (6-10%),38.49,3.86,34.63
ORD-1452,2026-11-26,2026,Q4,11,November,2026-11,Thursday,0,West,Marketplace,New,Accessories,Wireless Mouse,Budget,Priya Shah,2,40.5,0.05,Low (1-5%),81.0,4.05,76.95
ORD-1453,2026-02-24,2026,Q1,2,February,2026-02,Tuesday,0,North,Retail Store,New,Storage,External HDD 2TB,Mid-range,Daniel Wong,5,299.52,0.08,Medium (6-10%),1497.6,119.81,1377.79
ORD-1454,2026-05-15,2026,Q2,5,May,2026-05,Friday,0,West,Retail Store,New,Office Supplies,Sticky Notes,Budget,Priya Shah,4,7.49,0.05,Low (1-5%),29.96,1.51,28.45
ORD-1455,2026-12-15,2026,Q4,12,December,2026-12,Tuesday,0,Central,Marketplace,Returning,Networking,Ethernet Cable,Budget,Kevin Yap,5,18.72,0.08,Medium (6-10%),93.6,7.49,86.11
ORD-1456,2026-08-05,2026,Q3,8,August,2026-08,Wednesday,0,East,Online,Returning,Networking,Ethernet Cable,Budget,Amir Hassan,8,18.36,0.05,Low (1-5%),146.88,7.34,139.54
ORD-1457,2026-02-01,2026,Q1,2,February,2026-02,Sunday,1,Central,Retail Store,Returning,Networking,Ethernet Cable,Budget,Hafiz Rahman,3,17.1,0.03,Low (1-5%),51.3,1.54,49.76
ORD-1458,2026-01-27,2026,Q1,1,January,2026-01,Tuesday,0,Central,Marketplace,Returning,Monitors,27-inch Monitor,Mid-range,Chloe Lim,2,742.05,0.05,Low (1-5%),1484.1,74.2,1409.9
ORD-1459,2026-04-29,2026,Q2,4,April,2026-04,Wednesday,0,East,Online,Returning,Accessories,USB-C Hub,Budget,Amir Hassan,5,49.5,0.08,Medium (6-10%),247.5,19.8,227.7
ORD-1460,2026-03-27,2026,Q1,3,March,2026-03,Friday,0,Central,Corporate Sales,Returning,Computers,Desktop Mini,Premium,Chloe Lim,3,1539.0,0.08,Medium (6-10%),4617.0,369.36,4247.64
ORD-1461,2026-10-30,2026,Q4,10,October,2026-10,Friday,0,West,Online,Returning,Computers,Laptop Pro 14,Premium,Sofia Tan,3,2880.0,0.1,Medium (6-10%),8640.0,864.0,7776.0
ORD-1462,2026-09-21,2026,Q3,9,September,2026-09,Monday,0,South,Online,New,Monitors,27-inch Monitor,Mid-range,Raj Kumar,3,780.3,0.0,No discount,2340.9,0.0,2340.9
ORD-1463,2026-09-13,2026,Q3,9,September,2026-09,Sunday,1,Central,Corporate Sales,Returning,Computers,Gaming Laptop,Premium,Hafiz Rahman,3,3780.0,0.03,Low (1-5%),11340.0,340.2,10999.8
ORD-1464,2026-02-19,2026,Q1,2,February,2026-02,Thursday,0,West,Retail Store,New,Computers,Gaming Laptop,Premium,Sofia Tan,3,3780.0,0.05,Low (1-5%),11340.0,567.0,10773.0
ORD-1465,2026-07-21,2026,Q3,7,July,2026-07,Tuesday,0,East,Retail Store,Returning,Monitors,27-inch Monitor,Mid-range,Grace Ng,2,742.05,0.05,Low (1-5%),1484.1,74.2,1409.9
ORD-1466,2026-03-12,2026,Q1,3,March,2026-03,Thursday,0,North,Retail Store,Returning,Accessories,Laptop Stand,Budget,Aisha Lim,5,32.49,0.03,Low (1-5%),162.45,4.87,157.58
ORD-1467,2026-08-26,2026,Q3,8,August,2026-08,Wednesday,0,East,Online,New,Office Supplies,Pen Pack,Budget,Nora Chen,2,11.02,0.08,Medium (6-10%),22.04,1.77,20.27
ORD-1468,2026-02-02,2026,Q1,2,February,2026-02,Monday,0,South,Retail Store,New,Office Supplies,Desk Organizer,Budget,Farah Ali,3,29.93,0.1,Medium (6-10%),89.79,8.99,80.8
ORD-1469,2026-01-06,2026,Q1,1,January,2026-01,Tuesday,0,South,Corporate Sales,New,Monitors,Ultrawide Monitor,Premium,Jason Lee,3,1431.0,0.2,High (>10%),4293.0,858.6,3434.4
ORD-1470,2026-01-09,2026,Q1,1,January,2026-01,Friday,0,South,Marketplace,Returning,Accessories,Wireless Mouse,Budget,Farah Ali,2,40.5,0.1,Medium (6-10%),81.0,8.1,72.9
ORD-1471,2026-01-21,2026,Q1,1,January,2026-01,Wednesday,0,Central,Online,Returning,Storage,USB Drive 128GB,Budget,Kevin Yap,2,52.38,0.15,High (>10%),104.76,15.71,89.05
ORD-1472,2026-06-13,2026,Q2,6,June,2026-06,Saturday,1,East,Corporate Sales,Returning,Monitors,24-inch Monitor,Mid-range,Grace Ng,2,522.0,0.2,High (>10%),1044.0,208.8,835.2
ORD-1473,2026-01-12,2026,Q1,1,January,2026-01,Monday,0,North,Marketplace,New,Monitors,27-inch Monitor,Mid-range,Daniel Wong,2,726.75,0.05,Low (1-5%),1453.5,72.67,1380.83
ORD-1474,2026-04-17,2026,Q2,4,April,2026-04,Friday,0,South,Online,New,Computers,Laptop Pro 14,Premium,Farah Ali,2,2880.0,0.03,Low (1-5%),5760.0,172.8,5587.2
ORD-1475,2026-03-09,2026,Q1,3,March,2026-03,Monday,0,West,Retail Store,Returning,Office Supplies,Pen Pack,Budget,Ben Ho,2,11.23,0.0,No discount,22.46,0.0,22.46
ORD-1476,2026-11-12,2026,Q4,11,November,2026-11,Thursday,0,East,Online,Returning,Monitors,27-inch Monitor,Mid-range,Grace Ng,2,765.0,0.1,Medium (6-10%),1530.0,153.0,1377.0
ORD-1477,2026-12-14,2026,Q4,12,December,2026-12,Monday,0,Central,Marketplace,New,Networking,Mesh Wi-Fi Set,Mid-range,Kevin Yap,2,688.5,0.08,Medium (6-10%),1377.0,110.16,1266.84
ORD-1478,2026-11-02,2026,Q4,11,November,2026-11,Monday,0,Central,Online,New,Computers,Gaming Laptop,Premium,Kevin Yap,2,3931.2,0.08,Medium (6-10%),7862.4,628.99,7233.41
ORD-1479,2026-09-12,2026,Q3,9,September,2026-09,Saturday,1,North,Online,New,Accessories,Webcam,Budget,Daniel Wong,4,72.0,0.1,Medium (6-10%),288.0,28.8,259.2
ORD-1480,2026-04-22,2026,Q2,4,April,2026-04,Wednesday,0,North,Online,Returning,Accessories,Webcam,Budget,Aisha Lim,5,76.32,0.05,Low (1-5%),381.6,19.08,362.52
ORD-1481,2026-05-07,2026,Q2,5,May,2026-05,Thursday,0,North,Online,Returning,Networking,Ethernet Cable,Budget,Mei Tan,2,18.72,0.08,Medium (6-10%),37.44,3.0,34.44
ORD-1482,2026-03-10,2026,Q1,3,March,2026-03,Tuesday,0,North,Marketplace,Returning,Storage,USB Drive 128GB,Budget,Mei Tan,7,57.24,0.05,Low (1-5%),400.68,20.03,380.65
ORD-1483,2026-08-27,2026,Q3,8,August,2026-08,Thursday,0,South,Online,Returning,Storage,External SSD 1TB,Mid-range,Raj Kumar,3,392.85,0.1,Medium (6-10%),1178.55,117.85,1060.7
ORD-1484,2026-08-11,2026,Q3,8,August,2026-08,Tuesday,0,East,Retail Store,Returning,Monitors,24-inch Monitor,Mid-range,Amir Hassan,2,522.0,0.08,Medium (6-10%),1044.0,83.52,960.48
ORD-1485,2026-10-10,2026,Q4,10,October,2026-10,Saturday,1,East,Retail Store,Returning,Accessories,Webcam,Budget,Nora Chen,3,72.0,0.08,Medium (6-10%),216.0,17.28,198.72
ORD-1486,2026-04-10,2026,Q2,4,April,2026-04,Friday,0,North,Retail Store,Returning,Monitors,Portable Monitor,Mid-range,Aisha Lim,2,655.2,0.0,No discount,1310.4,0.0,1310.4
ORD-1487,2026-08-23,2026,Q3,8,August,2026-08,Sunday,1,Central,Marketplace,New,Accessories,Mouse Pad,Budget,Chloe Lim,5,13.5,0.03,Low (1-5%),67.5,2.02,65.48
ORD-1488,2026-09-21,2026,Q3,9,September,2026-09,Monday,0,South,Retail Store,Returning,Office Supplies,Sticky Notes,Budget,Raj Kumar,3,7.2,0.05,Low (1-5%),21.6,1.08,20.52
ORD-1489,2026-12-19,2026,Q4,12,December,2026-12,Saturday,1,Central,Marketplace,New,Accessories,Mouse Pad,Budget,Hafiz Rahman,3,12.83,0.05,Low (1-5%),38.49,1.94,36.55
ORD-1490,2026-06-04,2026,Q2,6,June,2026-06,Thursday,0,North,Online,New,Storage,USB Drive 128GB,Budget,Daniel Wong,3,51.3,0.1,Medium (6-10%),153.9,15.39,138.51
ORD-1491,2026-11-20,2026,Q4,11,November,2026-11,Friday,0,Central,Online,Returning,Monitors,Portable Monitor,Mid-range,Chloe Lim,2,667.8,0.1,Medium (6-10%),1335.6,133.56,1202.04
ORD-1492,2026-09-11,2026,Q3,9,September,2026-09,Friday,0,East,Retail Store,Returning,Accessories,Keyboard,Budget,Nora Chen,4,55.58,0.0,No discount,222.32,0.02,222.3
ORD-1493,2026-09-27,2026,Q3,9,September,2026-09,Sunday,1,East,Online,New,Accessories,Keyboard,Budget,Grace Ng,5,58.5,0.05,Low (1-5%),292.5,14.62,277.88
ORD-1494,2026-09-19,2026,Q3,9,September,2026-09,Saturday,1,Central,Online,Returning,Monitors,24-inch Monitor,Mid-range,Hafiz Rahman,3,506.34,0.03,Low (1-5%),1519.02,45.57,1473.45
ORD-1495,2026-11-25,2026,Q4,11,November,2026-11,Wednesday,0,East,Retail Store,New,Accessories,Mouse Pad,Budget,Nora Chen,3,13.5,0.08,Medium (6-10%),40.5,3.24,37.26
ORD-1496,2026-09-20,2026,Q3,9,September,2026-09,Sunday,1,North,Retail Store,Returning,Monitors,24-inch Monitor,Mid-range,Daniel Wong,3,553.32,0.08,Medium (6-10%),1659.96,132.8,1527.16
ORD-1497,2026-04-20,2026,Q2,4,April,2026-04,Monday,0,Central,Online,Returning,Storage,External HDD 2TB,Mid-range,Hafiz Rahman,4,305.28,0.08,Medium (6-10%),1221.12,97.69,1123.43
ORD-1498,2026-11-29,2026,Q4,11,November,2026-11,Sunday,1,East,Corporate Sales,Returning,Accessories,Wireless Mouse,Budget,Nora Chen,9,42.93,0.03,Low (1-5%),386.37,11.59,374.78
ORD-1499,2026-11-14,2026,Q4,11,November,2026-11,Saturday,1,South,Online,Returning,Storage,External SSD 1TB,Mid-range,Raj Kumar,5,405.0,0.05,Low (1-5%),2025.0,101.25,1923.75
ORD-1500,2026-05-17,2026,Q2,5,May,2026-05,Sunday,1,East,Corporate Sales,New,Computers,Gaming Laptop,Premium,Amir Hassan,3,3591.0,0.03,Low (1-5%),10773.0,323.19,10449.81
ORD-1501,2026-12-16,2026,Q4,12,December,2026-12,Wednesday,0,Central,Corporate Sales,Returning,Monitors,Portable Monitor,Mid-range,Kevin Yap,2,642.6,0.15,High (>10%),1285.2,192.78,1092.42
ORD-1502,2026-01-17,2026,Q1,1,January,2026-01,Saturday,1,South,Corporate Sales,New,Monitors,27-inch Monitor,Mid-range,Farah Ali,4,780.3,0.15,High (>10%),3121.2,468.18,2653.02
ORD-1503,2026-05-01,2026,Q2,5,May,2026-05,Friday,0,South,Online,Returning,Storage,External HDD 2TB,Mid-range,Farah Ali,2,299.52,0.0,No discount,599.04,0.0,599.04
ORD-1504,2026-11-09,2026,Q4,11,November,2026-11,Monday,0,West,Online,New,Office Supplies,Desk Organizer,Budget,Priya Shah,6,33.39,0.03,Low (1-5%),200.34,6.01,194.33
ORD-1505,2026-04-04,2026,Q2,4,April,2026-04,Saturday,1,South,Online,New,Accessories,Webcam,Budget,Raj Kumar,6,68.4,0.15,High (>10%),410.4,61.56,348.84
ORD-1506,2026-03-30,2026,Q1,3,March,2026-03,Monday,0,East,Marketplace,New,Accessories,Wireless Mouse,Budget,Amir Hassan,2,40.5,0.0,No discount,81.0,0.0,81.0
ORD-1507,2026-09-17,2026,Q3,9,September,2026-09,Thursday,0,North,Online,New,Office Supplies,Notebook Set,Budget,Daniel Wong,3,22.95,0.0,No discount,68.85,0.0,68.85
ORD-1508,2026-10-24,2026,Q4,10,October,2026-10,Saturday,1,South,Retail Store,New,Office Supplies,Desk Organizer,Budget,Farah Ali,2,31.5,0.0,No discount,63.0,0.0,63.0
ORD-1509,2026-10-22,2026,Q4,10,October,2026-10,Thursday,0,North,Online,New,Accessories,Webcam,Budget,Aisha Lim,2,69.84,0.03,Low (1-5%),139.68,4.19,135.49
ORD-1510,2026-04-23,2026,Q2,4,April,2026-04,Thursday,0,Central,Retail Store,New,Computers,Desktop Mini,Premium,Kevin Yap,2,1717.2,0.0,No discount,3434.4,0.0,3434.4
ORD-1511,2026-01-13,2026,Q1,1,January,2026-01,Tuesday,0,North,Retail Store,New,Monitors,Portable Monitor,Mid-range,Daniel Wong,2,642.6,0.1,Medium (6-10%),1285.2,128.52,1156.68
ORD-1512,2026-10-26,2026,Q4,10,October,2026-10,Monday,0,East,Marketplace,Returning,Monitors,27-inch Monitor,Mid-range,Amir Hassan,4,742.05,0.15,High (>10%),2968.2,445.23,2522.97
ORD-1513,2026-10-02,2026,Q4,10,October,2026-10,Friday,0,West,Corporate Sales,Returning,Computers,Laptop Air 13,Premium,Ben Ho,3,2250.0,0.08,Medium (6-10%),6750.0,540.0,6210.0
ORD-1514,2026-06-23,2026,Q2,6,June,2026-06,Tuesday,0,Central,Online,Returning,Computers,Gaming Laptop,Premium,Hafiz Rahman,2,3591.0,0.03,Low (1-5%),7182.0,215.46,6966.54
ORD-1515,2026-06-06,2026,Q2,6,June,2026-06,Saturday,1,South,Online,Returning,Monitors,Portable Monitor,Mid-range,Farah Ali,2,611.1,0.1,Medium (6-10%),1222.2,122.22,1099.98
ORD-1516,2026-07-13,2026,Q3,7,July,2026-07,Monday,0,East,Online,New,Accessories,USB-C Hub,Budget,Grace Ng,2,51.48,0.0,No discount,102.96,0.0,102.96
ORD-1517,2026-08-26,2026,Q3,8,August,2026-08,Wednesday,0,Central,Retail Store,New,Storage,External HDD 2TB,Mid-range,Hafiz Rahman,5,279.36,0.08,Medium (6-10%),1396.8,111.74,1285.06
ORD-1518,2026-02-20,2026,Q1,2,February,2026-02,Friday,0,East,Retail Store,Returning,Accessories,USB-C Hub,Budget,Grace Ng,4,48.02,0.08,Medium (6-10%),192.08,15.38,176.7
ORD-1519,2026-10-13,2026,Q4,10,October,2026-10,Tuesday,0,South,Corporate Sales,New,Computers,Laptop Air 13,Premium,Farah Ali,3,2137.5,0.1,Medium (6-10%),6412.5,641.25,5771.25
ORD-1520,2026-07-13,2026,Q3,7,July,2026-07,Monday,0,East,Retail Store,New,Office Supplies,Desk Organizer,Budget,Grace Ng,7,31.5,0.15,High (>10%),220.5,33.07,187.43
ORD-1521,2026-12-12,2026,Q4,12,December,2026-12,Saturday,1,Central,Retail Store,Returning,Monitors,27-inch Monitor,Mid-range,Chloe Lim,2,765.0,0.2,High (>10%),1530.0,306.0,1224.0
ORD-1522,2026-01-18,2026,Q1,1,January,2026-01,Sunday,1,Central,Online,Returning,Office Supplies,Pen Pack,Budget,Hafiz Rahman,5,11.23,0.05,Low (1-5%),56.15,2.8,53.35
ORD-1523,2026-09-13,2026,Q3,9,September,2026-09,Sunday,1,South,Retail Store,Returning,Monitors,27-inch Monitor,Mid-range,Farah Ali,4,795.6,0.05,Low (1-5%),3182.4,159.12,3023.28
ORD-1524,2026-03-28,2026,Q1,3,March,2026-03,Saturday,1,West,Online,New,Accessories,Mouse Pad,Budget,Sofia Tan,4,14.31,0.2,High (>10%),57.24,11.45,45.79
ORD-1525,2026-02-21,2026,Q1,2,February,2026-02,Saturday,1,Central,Marketplace,Returning,Storage,Memory Card 256GB,Budget,Hafiz Rahman,3,81.0,0.05,Low (1-5%),243.0,12.15,230.85
ORD-1526,2026-08-06,2026,Q3,8,August,2026-08,Thursday,0,North,Retail Store,Returning,Office Supplies,Pen Pack,Budget,Aisha Lim,3,10.8,0.08,Medium (6-10%),32.4,2.59,29.81
ORD-1527,2026-02-01,2026,Q1,2,February,2026-02,Sunday,1,East,Corporate Sales,New,Monitors,24-inch Monitor,Mid-range,Amir Hassan,3,522.0,0.08,Medium (6-10%),1566.0,125.28,1440.72
ORD-1528,2026-03-06,2026,Q1,3,March,2026-03,Friday,0,East,Retail Store,New,Storage,External SSD 1TB,Mid-range,Grace Ng,4,405.0,0.2,High (>10%),1620.0,324.0,1296.0
ORD-1529,2026-10-16,2026,Q4,10,October,2026-10,Friday,0,East,Marketplace,Returning,Accessories,Laptop Stand,Budget,Grace Ng,3,34.2,0.0,No discount,102.6,0.0,102.6
ORD-1530,2026-10-24,2026,Q4,10,October,2026-10,Saturday,1,Central,Online,Returning,Monitors,24-inch Monitor,Mid-range,Hafiz Rahman,4,522.0,0.08,Medium (6-10%),2088.0,167.04,1920.96
ORD-1531,2026-05-07,2026,Q2,5,May,2026-05,Thursday,0,East,Marketplace,New,Accessories,Laptop Stand,Budget,Nora Chen,6,34.2,0.0,No discount,205.2,0.0,205.2
ORD-1532,2026-08-30,2026,Q3,8,August,2026-08,Sunday,1,East,Online,Returning,Office Supplies,Desk Organizer,Budget,Nora Chen,3,31.5,0.1,Medium (6-10%),94.5,9.45,85.05
ORD-1533,2026-03-05,2026,Q1,3,March,2026-03,Thursday,0,Central,Retail Store,Returning,Office Supplies,Printer Paper,Budget,Kevin Yap,2,16.85,0.05,Low (1-5%),33.7,1.69,32.01
ORD-1534,2026-03-19,2026,Q1,3,March,2026-03,Thursday,0,West,Online,Returning,Storage,External SSD 1TB,Mid-range,Ben Ho,2,384.75,0.05,Low (1-5%),769.5,38.47,731.03
ORD-1535,2026-06-25,2026,Q2,6,June,2026-06,Thursday,0,Central,Online,Returning,Computers,Desktop Mini,Premium,Hafiz Rahman,2,1620.0,0.08,Medium (6-10%),3240.0,259.2,2980.8
ORD-1536,2026-12-15,2026,Q4,12,December,2026-12,Tuesday,0,South,Online,Returning,Networking,Wi-Fi Router,Mid-range,Jason Lee,8,257.04,0.08,Medium (6-10%),2056.32,164.51,1891.81
ORD-1537,2026-11-11,2026,Q4,11,November,2026-11,Wednesday,0,South,Marketplace,New,Storage,Memory Card 256GB,Budget,Raj Kumar,5,81.0,0.1,Medium (6-10%),405.0,40.5,364.5
ORD-1538,2026-07-22,2026,Q3,7,July,2026-07,Wednesday,0,West,Online,Returning,Storage,External SSD 1TB,Mid-range,Priya Shah,3,384.75,0.05,Low (1-5%),1154.25,57.71,1096.54
ORD-1539,2026-08-06,2026,Q3,8,August,2026-08,Thursday,0,West,Online,New,Storage,External SSD 1TB,Mid-range,Priya Shah,8,405.0,0.1,Medium (6-10%),3240.0,324.0,2916.0
ORD-1540,2026-03-12,2026,Q1,3,March,2026-03,Thursday,0,Central,Online,Returning,Office Supplies,Sticky Notes,Budget,Hafiz Rahman,7,7.2,0.1,Medium (6-10%),50.4,5.04,45.36
ORD-1541,2026-04-22,2026,Q2,4,April,2026-04,Wednesday,0,Central,Retail Store,Returning,Computers,Gaming Laptop,Premium,Hafiz Rahman,2,3855.6,0.1,Medium (6-10%),7711.2,771.12,6940.08
ORD-1542,2026-10-13,2026,Q4,10,October,2026-10,Tuesday,0,South,Marketplace,New,Office Supplies,Pen Pack,Budget,Raj Kumar,2,11.45,0.2,High (>10%),22.9,4.58,18.32
ORD-1543,2026-06-08,2026,Q2,6,June,2026-06,Monday,0,West,Online,Returning,Computers,All-in-One PC,Premium,Sofia Tan,4,2619.0,0.08,Medium (6-10%),10476.0,838.08,9637.92
ORD-1544,2026-03-01,2026,Q1,3,March,2026-03,Sunday,1,East,Online,Returning,Office Supplies,Pen Pack,Budget,Amir Hassan,7,10.26,0.08,Medium (6-10%),71.82,5.75,66.07
ORD-1545,2026-11-03,2026,Q4,11,November,2026-11,Tuesday,0,Central,Retail Store,Returning,Networking,Network Switch,Mid-range,Chloe Lim,3,171.72,0.1,Medium (6-10%),515.16,51.52,463.64
ORD-1546,2026-01-07,2026,Q1,1,January,2026-01,Wednesday,0,South,Corporate Sales,Returning,Computers,All-in-One PC,Premium,Raj Kumar,2,2754.0,0.05,Low (1-5%),5508.0,275.4,5232.6
ORD-1547,2026-09-21,2026,Q3,9,September,2026-09,Monday,0,North,Retail Store,Returning,Accessories,USB-C Hub,Budget,Mei Tan,4,49.5,0.0,No discount,198.0,0.0,198.0
ORD-1548,2026-12-22,2026,Q4,12,December,2026-12,Tuesday,0,North,Corporate Sales,Returning,Storage,USB Drive 128GB,Budget,Daniel Wong,4,57.24,0.1,Medium (6-10%),228.96,22.9,206.06
ORD-1549,2026-02-03,2026,Q1,2,February,2026-02,Tuesday,0,North,Corporate Sales,Returning,Monitors,24-inch Monitor,Mid-range,Aisha Lim,2,522.0,0.2,High (>10%),1044.0,208.8,835.2
ORD-1550,2026-01-12,2026,Q1,1,January,2026-01,Monday,0,North,Online,Returning,Accessories,Wireless Mouse,Budget,Aisha Lim,6,40.5,0.1,Medium (6-10%),243.0,24.3,218.7
ORD-1551,2026-12-28,2026,Q4,12,December,2026-12,Monday,0,Central,Online,Returning,Networking,Wi-Fi Router,Mid-range,Kevin Yap,3,252.0,0.0,No discount,756.0,0.0,756.0
ORD-1552,2026-01-23,2026,Q1,1,January,2026-01,Friday,0,West,Online,Returning,Networking,Wi-Fi Router,Mid-range,Sofia Tan,4,267.12,0.1,Medium (6-10%),1068.48,106.85,961.63
ORD-1553,2026-04-11,2026,Q2,4,April,2026-04,Saturday,1,North,Retail Store,Returning,Accessories,Keyboard,Budget,Daniel Wong,3,60.84,0.15,High (>10%),182.52,27.38,155.14
ORD-1554,2026-11-09,2026,Q4,11,November,2026-11,Monday,0,North,Corporate Sales,Returning,Computers,Laptop Air 13,Premium,Mei Tan,2,2137.5,0.05,Low (1-5%),4275.0,213.75,4061.25
ORD-1555,2026-04-25,2026,Q2,4,April,2026-04,Saturday,1,South,Corporate Sales,Returning,Monitors,24-inch Monitor,Mid-range,Jason Lee,2,522.0,0.15,High (>10%),1044.0,156.6,887.4
ORD-1556,2026-06-05,2026,Q2,6,June,2026-06,Friday,0,North,Retail Store,New,Accessories,Wireless Mouse,Budget,Aisha Lim,3,40.5,0.1,Medium (6-10%),121.5,12.15,109.35
ORD-1557,2026-07-09,2026,Q3,7,July,2026-07,Thursday,0,North,Online,Returning,Accessories,Keyboard,Budget,Daniel Wong,4,55.58,0.08,Medium (6-10%),222.32,17.8,204.52
ORD-1558,2026-12-21,2026,Q4,12,December,2026-12,Monday,0,Central,Online,Returning,Monitors,27-inch Monitor,Mid-range,Kevin Yap,6,742.05,0.2,High (>10%),4452.3,890.46,3561.84
ORD-1559,2026-05-25,2026,Q2,5,May,2026-05,Monday,0,Central,Retail Store,Returning,Storage,External HDD 2TB,Mid-range,Chloe Lim,2,288.0,0.0,No discount,576.0,0.0,576.0
ORD-1560,2026-09-30,2026,Q3,9,September,2026-09,Wednesday,0,East,Online,Returning,Accessories,Mouse Pad,Budget,Amir Hassan,3,13.77,0.05,Low (1-5%),41.31,2.07,39.24
ORD-1561,2026-08-29,2026,Q3,8,August,2026-08,Saturday,1,West,Online,Returning,Networking,Mesh Wi-Fi Set,Mid-range,Sofia Tan,5,675.0,0.05,Low (1-5%),3375.0,168.75,3206.25
ORD-1562,2026-08-01,2026,Q3,8,August,2026-08,Saturday,1,West,Retail Store,New,Accessories,Mouse Pad,Budget,Sofia Tan,2,13.77,0.0,No discount,27.54,0.0,27.54
ORD-1563,2026-02-24,2026,Q1,2,February,2026-02,Tuesday,0,South,Online,Returning,Accessories,Webcam,Budget,Raj Kumar,2,76.32,0.05,Low (1-5%),152.64,7.63,145.01
ORD-1564,2026-12-15,2026,Q4,12,December,2026-12,Tuesday,0,North,Online,Returning,Accessories,Laptop Stand,Budget,Daniel Wong,2,34.2,0.03,Low (1-5%),68.4,2.05,66.35
ORD-1565,2026-09-08,2026,Q3,9,September,2026-09,Tuesday,0,North,Marketplace,Returning,Accessories,Laptop Stand,Budget,Daniel Wong,7,34.2,0.08,Medium (6-10%),239.4,19.15,220.25
ORD-1566,2026-12-29,2026,Q4,12,December,2026-12,Tuesday,0,North,Marketplace,Returning,Accessories,Webcam,Budget,Aisha Lim,6,76.32,0.05,Low (1-5%),457.92,22.9,435.02
ORD-1567,2026-09-11,2026,Q3,9,September,2026-09,Friday,0,North,Retail Store,Returning,Computers,Gaming Laptop,Premium,Mei Tan,3,3780.0,0.1,Medium (6-10%),11340.0,1134.0,10206.0
ORD-1568,2026-12-29,2026,Q4,12,December,2026-12,Tuesday,0,North,Marketplace,New,Monitors,24-inch Monitor,Mid-range,Daniel Wong,3,542.88,0.08,Medium (6-10%),1628.64,130.29,1498.35
ORD-1569,2026-11-15,2026,Q4,11,November,2026-11,Sunday,1,East,Online,Returning,Storage,Memory Card 256GB,Budget,Grace Ng,2,81.0,0.05,Low (1-5%),162.0,8.1,153.9
ORD-1570,2026-01-12,2026,Q1,1,January,2026-01,Monday,0,East,Online,Returning,Office Supplies,Sticky Notes,Budget,Nora Chen,8,6.84,0.08,Medium (6-10%),54.72,4.38,50.34
ORD-1571,2026-11-13,2026,Q4,11,November,2026-11,Friday,0,North,Marketplace,Returning,Storage,External SSD 1TB,Mid-range,Daniel Wong,3,392.85,0.1,Medium (6-10%),1178.55,117.85,1060.7
ORD-1572,2026-01-14,2026,Q1,1,January,2026-01,Wednesday,0,West,Corporate Sales,Returning,Monitors,27-inch Monitor,Mid-range,Sofia Tan,3,742.05,0.05,Low (1-5%),2226.15,111.31,2114.84
ORD-1573,2026-07-30,2026,Q3,7,July,2026-07,Thursday,0,West,Marketplace,New,Computers,All-in-One PC,Premium,Priya Shah,2,2565.0,0.03,Low (1-5%),5130.0,153.9,4976.1
ORD-1574,2026-09-18,2026,Q3,9,September,2026-09,Friday,0,West,Online,Returning,Accessories,Wireless Mouse,Budget,Priya Shah,5,42.93,0.1,Medium (6-10%),214.65,21.46,193.19
ORD-1575,2026-03-24,2026,Q1,3,March,2026-03,Tuesday,0,West,Online,Returning,Monitors,Portable Monitor,Mid-range,Ben Ho,2,630.0,0.05,Low (1-5%),1260.0,63.0,1197.0
ORD-1576,2026-07-17,2026,Q3,7,July,2026-07,Friday,0,Central,Retail Store,Returning,Office Supplies,Desk Organizer,Budget,Kevin Yap,4,33.39,0.1,Medium (6-10%),133.56,13.36,120.2
ORD-1577,2026-11-29,2026,Q4,11,November,2026-11,Sunday,1,North,Marketplace,Returning,Accessories,Keyboard,Budget,Mei Tan,8,58.5,0.0,No discount,468.0,0.0,468.0
ORD-1578,2026-04-23,2026,Q2,4,April,2026-04,Thursday,0,North,Online,New,Networking,Wi-Fi Router,Mid-range,Mei Tan,3,252.0,0.08,Medium (6-10%),756.0,60.48,695.52
ORD-1579,2026-06-14,2026,Q2,6,June,2026-06,Sunday,1,East,Corporate Sales,New,Accessories,Keyboard,Budget,Grace Ng,7,59.67,0.05,Low (1-5%),417.69,20.88,396.81
ORD-1580,2026-10-16,2026,Q4,10,October,2026-10,Friday,0,East,Corporate Sales,Returning,Monitors,Ultrawide Monitor,Premium,Amir Hassan,4,1350.0,0.05,Low (1-5%),5400.0,270.0,5130.0
ORD-1581,2026-12-03,2026,Q4,12,December,2026-12,Thursday,0,Central,Corporate Sales,New,Computers,Gaming Laptop,Premium,Kevin Yap,2,3780.0,0.03,Low (1-5%),7560.0,226.8,7333.2
ORD-1582,2026-06-04,2026,Q2,6,June,2026-06,Thursday,0,Central,Corporate Sales,Returning,Computers,Laptop Air 13,Premium,Chloe Lim,2,2182.5,0.05,Low (1-5%),4365.0,218.25,4146.75
ORD-1583,2026-12-06,2026,Q4,12,December,2026-12,Sunday,1,North,Retail Store,New,Computers,Desktop Mini,Premium,Mei Tan,2,1620.0,0.08,Medium (6-10%),3240.0,259.2,2980.8
ORD-1584,2026-04-07,2026,Q2,4,April,2026-04,Tuesday,0,Central,Retail Store,Returning,Accessories,USB-C Hub,Budget,Kevin Yap,2,50.49,0.2,High (>10%),100.98,20.2,80.78
ORD-1585,2026-11-12,2026,Q4,11,November,2026-11,Thursday,0,West,Online,Returning,Networking,Mesh Wi-Fi Set,Mid-range,Ben Ho,3,715.5,0.03,Low (1-5%),2146.5,64.39,2082.11
ORD-1586,2026-05-11,2026,Q2,5,May,2026-05,Monday,0,West,Online,New,Storage,External HDD 2TB,Mid-range,Priya Shah,3,305.28,0.05,Low (1-5%),915.84,45.79,870.05
ORD-1587,2026-09-19,2026,Q3,9,September,2026-09,Saturday,1,East,Corporate Sales,Returning,Computers,Laptop Pro 14,Premium,Grace Ng,2,3052.8,0.2,High (>10%),6105.6,1221.12,4884.48
ORD-1588,2026-06-16,2026,Q2,6,June,2026-06,Tuesday,0,South,Retail Store,Returning,Office Supplies,Desk Organizer,Budget,Farah Ali,2,32.76,0.15,High (>10%),65.52,9.83,55.69
ORD-1589,2026-01-06,2026,Q1,1,January,2026-01,Tuesday,0,South,Online,Returning,Office Supplies,Notebook Set,Budget,Farah Ali,5,22.5,0.08,Medium (6-10%),112.5,9.0,103.5
ORD-1590,2026-10-11,2026,Q4,10,October,2026-10,Sunday,1,North,Corporate Sales,Returning,Storage,Memory Card 256GB,Budget,Mei Tan,12,81.0,0.1,Medium (6-10%),972.0,97.2,874.8
ORD-1591,2026-03-16,2026,Q1,3,March,2026-03,Monday,0,Central,Retail Store,New,Networking,Network Switch,Mid-range,Hafiz Rahman,2,157.14,0.05,Low (1-5%),314.28,15.71,298.57
ORD-1592,2026-06-18,2026,Q2,6,June,2026-06,Thursday,0,East,Retail Store,Returning,Accessories,USB-C Hub,Budget,Amir Hassan,4,49.5,0.0,No discount,198.0,0.0,198.0
ORD-1593,2026-10-11,2026,Q4,10,October,2026-10,Sunday,1,East,Corporate Sales,New,Office Supplies,Pen Pack,Budget,Grace Ng,6,10.8,0.1,Medium (6-10%),64.8,6.48,58.32
ORD-1594,2026-06-21,2026,Q2,6,June,2026-06,Sunday,1,West,Online,New,Networking,Mesh Wi-Fi Set,Mid-range,Sofia Tan,2,641.25,0.05,Low (1-5%),1282.5,64.12,1218.38
ORD-1595,2026-12-08,2026,Q4,12,December,2026-12,Tuesday,0,East,Retail Store,Returning,Storage,Memory Card 256GB,Budget,Nora Chen,3,78.57,0.1,Medium (6-10%),235.71,23.57,212.14
ORD-1596,2026-06-11,2026,Q2,6,June,2026-06,Thursday,0,East,Online,Returning,Storage,USB Drive 128GB,Budget,Grace Ng,2,54.0,0.08,Medium (6-10%),108.0,8.64,99.36
ORD-1597,2026-12-12,2026,Q4,12,December,2026-12,Saturday,1,North,Online,Returning,Accessories,Keyboard,Budget,Mei Tan,5,58.5,0.1,Medium (6-10%),292.5,29.25,263.25
ORD-1598,2026-07-28,2026,Q3,7,July,2026-07,Tuesday,0,South,Marketplace,Returning,Accessories,Mouse Pad,Budget,Raj Kumar,2,13.77,0.08,Medium (6-10%),27.54,2.2,25.34
ORD-1599,2026-01-17,2026,Q1,1,January,2026-01,Saturday,1,South,Corporate Sales,Returning,Networking,Mesh Wi-Fi Set,Mid-range,Raj Kumar,5,654.75,0.08,Medium (6-10%),3273.75,261.9,3011.85
ORD-1600,2026-10-18,2026,Q4,10,October,2026-10,Sunday,1,East,Marketplace,Returning,Monitors,24-inch Monitor,Mid-range,Nora Chen,2,542.88,0.0,No discount,1085.76,0.0,1085.76
ORD-1601,2026-12-16,2026,Q4,12,December,2026-12,Wednesday,0,South,Corporate Sales,New,Monitors,Ultrawide Monitor,Premium,Raj Kumar,3,1350.0,0.0,No discount,4050.0,0.0,4050.0
ORD-1602,2026-03-28,2026,Q1,3,March,2026-03,Saturday,1,West,Corporate Sales,New,Computers,Laptop Pro 14,Premium,Sofia Tan,2,2995.2,0.1,Medium (6-10%),5990.4,599.04,5391.36
ORD-1603,2026-01-16,2026,Q1,1,January,2026-01,Friday,0,West,Online,New,Storage,External SSD 1TB,Mid-range,Sofia Tan,2,429.3,0.0,No discount,858.6,0.0,858.6
ORD-1604,2026-01-04,2026,Q1,1,January,2026-01,Sunday,1,West,Corporate Sales,Returning,Computers,Laptop Air 13,Premium,Sofia Tan,2,2250.0,0.0,No discount,4500.0,0.0,4500.0
ORD-1605,2026-09-11,2026,Q3,9,September,2026-09,Friday,0,Central,Online,New,Monitors,27-inch Monitor,Mid-range,Chloe Lim,2,742.05,0.1,Medium (6-10%),1484.1,148.41,1335.69
ORD-1606,2026-07-23,2026,Q3,7,July,2026-07,Thursday,0,North,Online,Returning,Monitors,24-inch Monitor,Mid-range,Aisha Lim,5,522.0,0.1,Medium (6-10%),2610.0,261.0,2349.0
ORD-1607,2026-05-19,2026,Q2,5,May,2026-05,Tuesday,0,North,Corporate Sales,New,Office Supplies,Printer Paper,Budget,Mei Tan,5,16.85,0.03,Low (1-5%),84.25,2.54,81.71
ORD-1608,2026-11-10,2026,Q4,11,November,2026-11,Tuesday,0,North,Online,New,Storage,USB Drive 128GB,Budget,Aisha Lim,2,51.3,0.05,Low (1-5%),102.6,5.13,97.47
ORD-1609,2026-04-20,2026,Q2,4,April,2026-04,Monday,0,West,Corporate Sales,Returning,Computers,Gaming Laptop,Premium,Sofia Tan,5,3780.0,0.05,Low (1-5%),18900.0,945.0,17955.0
ORD-1610,2026-11-26,2026,Q4,11,November,2026-11,Thursday,0,East,Corporate Sales,New,Networking,Network Switch,Mid-range,Grace Ng,7,157.14,0.08,Medium (6-10%),1099.98,88.0,1011.98
ORD-1611,2026-05-02,2026,Q2,5,May,2026-05,Saturday,1,South,Corporate Sales,Returning,Office Supplies,Pen Pack,Budget,Raj Kumar,7,10.48,0.03,Low (1-5%),73.36,2.23,71.13
ORD-1612,2026-08-13,2026,Q3,8,August,2026-08,Thursday,0,North,Marketplace,Returning,Accessories,Mouse Pad,Budget,Aisha Lim,5,13.5,0.15,High (>10%),67.5,10.12,57.38
ORD-1613,2026-05-22,2026,Q2,5,May,2026-05,Friday,0,East,Retail Store,Returning,Computers,Gaming Laptop,Premium,Nora Chen,2,3666.6,0.05,Low (1-5%),7333.2,366.66,6966.54
ORD-1614,2026-05-08,2026,Q2,5,May,2026-05,Friday,0,North,Corporate Sales,Returning,Monitors,24-inch Monitor,Mid-range,Mei Tan,2,522.0,0.1,Medium (6-10%),1044.0,104.4,939.6
ORD-1615,2026-04-20,2026,Q2,4,April,2026-04,Monday,0,North,Online,Returning,Storage,Memory Card 256GB,Budget,Daniel Wong,3,81.0,0.05,Low (1-5%),243.0,12.15,230.85
ORD-1616,2026-11-04,2026,Q4,11,November,2026-11,Wednesday,0,Central,Retail Store,New,Office Supplies,Printer Paper,Budget,Hafiz Rahman,3,15.71,0.03,Low (1-5%),47.13,1.4,45.73
ORD-1617,2026-02-06,2026,Q1,2,February,2026-02,Friday,0,North,Retail Store,Returning,Computers,Laptop Air 13,Premium,Aisha Lim,2,2385.0,0.05,Low (1-5%),4770.0,238.5,4531.5
ORD-1618,2026-04-07,2026,Q2,4,April,2026-04,Tuesday,0,East,Retail Store,Returning,Monitors,Portable Monitor,Mid-range,Nora Chen,3,667.8,0.0,No discount,2003.4,0.0,2003.4
ORD-1619,2026-06-16,2026,Q2,6,June,2026-06,Tuesday,0,East,Online,Returning,Storage,USB Drive 128GB,Budget,Nora Chen,2,55.08,0.1,Medium (6-10%),110.16,11.02,99.14
ORD-1620,2026-12-11,2026,Q4,12,December,2026-12,Friday,0,Central,Retail Store,Returning,Storage,Memory Card 256GB,Budget,Hafiz Rahman,3,78.57,0.2,High (>10%),235.71,47.14,188.57
ORD-1621,2026-05-22,2026,Q2,5,May,2026-05,Friday,0,South,Online,New,Accessories,Mouse Pad,Budget,Raj Kumar,6,13.1,0.0,No discount,78.6,0.03,78.57
ORD-1622,2026-11-01,2026,Q4,11,November,2026-11,Sunday,1,North,Corporate Sales,Returning,Monitors,Portable Monitor,Mid-range,Mei Tan,2,630.0,0.08,Medium (6-10%),1260.0,100.8,1159.2
ORD-1623,2026-12-13,2026,Q4,12,December,2026-12,Sunday,1,East,Online,New,Monitors,27-inch Monitor,Mid-range,Grace Ng,2,780.3,0.15,High (>10%),1560.6,234.09,1326.51
ORD-1624,2026-05-20,2026,Q2,5,May,2026-05,Wednesday,0,South,Marketplace,New,Storage,External SSD 1TB,Mid-range,Jason Lee,3,405.0,0.0,No discount,1215.0,0.0,1215.0
ORD-1625,2026-08-06,2026,Q3,8,August,2026-08,Thursday,0,West,Marketplace,Returning,Storage,USB Drive 128GB,Budget,Ben Ho,2,54.0,0.15,High (>10%),108.0,16.2,91.8
ORD-1626,2026-12-06,2026,Q4,12,December,2026-12,Sunday,1,Central,Corporate Sales,New,Office Supplies,Printer Paper,Budget,Kevin Yap,5,16.52,0.08,Medium (6-10%),82.6,6.59,76.01
ORD-1627,2026-07-22,2026,Q3,7,July,2026-07,Wednesday,0,West,Online,New,Storage,External HDD 2TB,Mid-range,Priya Shah,2,305.28,0.15,High (>10%),610.56,91.58,518.98
ORD-1628,2026-09-12,2026,Q3,9,September,2026-09,Saturday,1,Central,Retail Store,Returning,Office Supplies,Printer Paper,Budget,Chloe Lim,4,15.39,0.08,Medium (6-10%),61.56,4.92,56.64
ORD-1629,2026-04-24,2026,Q2,4,April,2026-04,Friday,0,West,Online,Returning,Computers,Laptop Pro 14,Premium,Ben Ho,3,2880.0,0.03,Low (1-5%),8640.0,259.2,8380.8
ORD-1630,2026-09-09,2026,Q3,9,September,2026-09,Wednesday,0,West,Online,New,Accessories,Wireless Mouse,Budget,Ben Ho,6,40.5,0.03,Low (1-5%),243.0,7.29,235.71
ORD-1631,2026-08-14,2026,Q3,8,August,2026-08,Friday,0,East,Marketplace,New,Accessories,Wireless Mouse,Budget,Grace Ng,5,40.5,0.05,Low (1-5%),202.5,10.12,192.38
ORD-1632,2026-03-28,2026,Q1,3,March,2026-03,Saturday,1,North,Corporate Sales,Returning,Accessories,Wireless Mouse,Budget,Aisha Lim,9,41.31,0.15,High (>10%),371.79,55.77,316.02
ORD-1633,2026-11-22,2026,Q4,11,November,2026-11,Sunday,1,West,Online,Returning,Storage,External HDD 2TB,Mid-range,Sofia Tan,2,288.0,0.1,Medium (6-10%),576.0,57.6,518.4
ORD-1634,2026-07-27,2026,Q3,7,July,2026-07,Monday,0,East,Corporate Sales,Returning,Monitors,24-inch Monitor,Mid-range,Amir Hassan,3,522.0,0.1,Medium (6-10%),1566.0,156.6,1409.4
ORD-1635,2026-05-19,2026,Q2,5,May,2026-05,Tuesday,0,West,Marketplace,Returning,Networking,Mesh Wi-Fi Set,Mid-range,Ben Ho,2,675.0,0.03,Low (1-5%),1350.0,40.5,1309.5
ORD-1636,2026-09-06,2026,Q3,9,September,2026-09,Sunday,1,Central,Online,Returning,Storage,External SSD 1TB,Mid-range,Chloe Lim,4,413.1,0.08,Medium (6-10%),1652.4,132.19,1520.21
ORD-1637,2026-12-29,2026,Q4,12,December,2026-12,Tuesday,0,Central,Online,Returning,Computers,Desktop Mini,Premium,Chloe Lim,2,1539.0,0.2,High (>10%),3078.0,615.6,2462.4
ORD-1638,2026-11-22,2026,Q4,11,November,2026-11,Sunday,1,Central,Online,Returning,Storage,USB Drive 128GB,Budget,Hafiz Rahman,3,56.16,0.2,High (>10%),168.48,33.7,134.78
ORD-1639,2026-11-22,2026,Q4,11,November,2026-11,Sunday,1,North,Marketplace,Returning,Computers,Gaming Laptop,Premium,Mei Tan,2,3780.0,0.2,High (>10%),7560.0,1512.0,6048.0
ORD-1640,2026-04-28,2026,Q2,4,April,2026-04,Tuesday,0,Central,Marketplace,Returning,Office Supplies,Printer Paper,Budget,Hafiz Rahman,3,15.39,0.0,No discount,46.17,0.0,46.17
ORD-1641,2026-06-14,2026,Q2,6,June,2026-06,Sunday,1,Central,Online,Returning,Networking,Wi-Fi Router,Mid-range,Hafiz Rahman,5,252.0,0.08,Medium (6-10%),1260.0,100.8,1159.2
ORD-1642,2026-06-24,2026,Q2,6,June,2026-06,Wednesday,0,Central,Corporate Sales,Returning,Accessories,Wireless Mouse,Budget,Chloe Lim,9,40.5,0.15,High (>10%),364.5,54.67,309.83
ORD-1643,2026-07-01,2026,Q3,7,July,2026-07,Wednesday,0,West,Online,New,Accessories,Webcam,Budget,Ben Ho,6,72.0,0.08,Medium (6-10%),432.0,34.56,397.44
ORD-1644,2026-06-28,2026,Q2,6,June,2026-06,Sunday,1,West,Online,Returning,Office Supplies,Desk Organizer,Budget,Ben Ho,2,31.5,0.08,Medium (6-10%),63.0,5.04,57.96
ORD-1645,2026-11-27,2026,Q4,11,November,2026-11,Friday,0,Central,Online,Returning,Networking,Mesh Wi-Fi Set,Mid-range,Kevin Yap,8,654.75,0.05,Low (1-5%),5238.0,261.9,4976.1
ORD-1646,2026-02-11,2026,Q1,2,February,2026-02,Wednesday,0,South,Retail Store,New,Accessories,Laptop Stand,Budget,Jason Lee,8,34.2,0.03,Low (1-5%),273.6,8.21,265.39
ORD-1647,2026-07-25,2026,Q3,7,July,2026-07,Saturday,1,Central,Retail Store,Returning,Accessories,Mouse Pad,Budget,Hafiz Rahman,2,13.5,0.15,High (>10%),27.0,4.05,22.95
ORD-1648,2026-04-16,2026,Q2,4,April,2026-04,Thursday,0,South,Retail Store,New,Accessories,Laptop Stand,Budget,Raj Kumar,3,34.2,0.03,Low (1-5%),102.6,3.08,99.52
ORD-1649,2026-09-01,2026,Q3,9,September,2026-09,Tuesday,0,North,Retail Store,New,Monitors,Portable Monitor,Mid-range,Aisha Lim,2,611.1,0.0,No discount,1222.2,0.0,1222.2
ORD-1650,2026-12-13,2026,Q4,12,December,2026-12,Sunday,1,West,Corporate Sales,Returning,Storage,USB Drive 128GB,Budget,Ben Ho,4,52.38,0.0,No discount,209.52,0.0,209.52
ORD-1651,2026-12-16,2026,Q4,12,December,2026-12,Wednesday,0,Central,Marketplace,Returning,Networking,Wi-Fi Router,Mid-range,Hafiz Rahman,3,239.4,0.1,Medium (6-10%),718.2,71.82,646.38
ORD-1652,2026-12-22,2026,Q4,12,December,2026-12,Tuesday,0,South,Marketplace,Returning,Storage,USB Drive 128GB,Budget,Farah Ali,4,54.0,0.2,High (>10%),216.0,43.2,172.8
ORD-1653,2026-11-02,2026,Q4,11,November,2026-11,Monday,0,West,Retail Store,New,Computers,Laptop Air 13,Premium,Priya Shah,3,2385.0,0.1,Medium (6-10%),7155.0,715.5,6439.5
ORD-1654,2026-05-14,2026,Q2,5,May,2026-05,Thursday,0,South,Marketplace,Returning,Storage,USB Drive 128GB,Budget,Jason Lee,3,55.08,0.03,Low (1-5%),165.24,4.96,160.28
ORD-1655,2026-12-25,2026,Q4,12,December,2026-12,Friday,0,Central,Retail Store,Returning,Storage,Memory Card 256GB,Budget,Chloe Lim,2,76.95,0.0,No discount,153.9,0.0,153.9
ORD-1656,2026-09-01,2026,Q3,9,September,2026-09,Tuesday,0,North,Retail Store,New,Office Supplies,Printer Paper,Budget,Daniel Wong,3,15.39,0.2,High (>10%),46.17,9.23,36.94
ORD-1657,2026-07-16,2026,Q3,7,July,2026-07,Thursday,0,North,Corporate Sales,New,Computers,Laptop Air 13,Premium,Daniel Wong,2,2250.0,0.03,Low (1-5%),4500.0,135.0,4365.0
ORD-1658,2026-11-19,2026,Q4,11,November,2026-11,Thursday,0,Central,Retail Store,Returning,Networking,Mesh Wi-Fi Set,Mid-range,Hafiz Rahman,7,702.0,0.05,Low (1-5%),4914.0,245.7,4668.3
ORD-1659,2026-09-29,2026,Q3,9,September,2026-09,Tuesday,0,South,Online,Returning,Accessories,Laptop Stand,Budget,Raj Kumar,6,33.17,0.0,No discount,199.02,-0.02,199.04
ORD-1660,2026-06-23,2026,Q2,6,June,2026-06,Tuesday,0,West,Retail Store,Returning,Monitors,24-inch Monitor,Mid-range,Ben Ho,5,532.44,0.1,Medium (6-10%),2662.2,266.22,2395.98
ORD-1661,2026-05-24,2026,Q2,5,May,2026-05,Sunday,1,Central,Marketplace,Returning,Accessories,Wireless Mouse,Budget,Chloe Lim,3,40.5,0.0,No discount,121.5,0.0,121.5
ORD-1662,2026-07-20,2026,Q3,7,July,2026-07,Monday,0,South,Retail Store,New,Networking,Network Switch,Mid-range,Farah Ali,2,157.14,0.0,No discount,314.28,0.0,314.28
ORD-1663,2026-10-10,2026,Q4,10,October,2026-10,Saturday,1,West,Marketplace,New,Accessories,USB-C Hub,Budget,Ben Ho,7,49.5,0.08,Medium (6-10%),346.5,27.72,318.78
ORD-1664,2026-09-27,2026,Q3,9,September,2026-09,Sunday,1,South,Online,Returning,Computers,Desktop Mini,Premium,Farah Ali,2,1684.8,0.05,Low (1-5%),3369.6,168.48,3201.12
ORD-1665,2026-08-14,2026,Q3,8,August,2026-08,Friday,0,West,Online,Returning,Networking,Mesh Wi-Fi Set,Mid-range,Priya Shah,7,675.0,0.05,Low (1-5%),4725.0,236.25,4488.75
ORD-1666,2026-10-07,2026,Q4,10,October,2026-10,Wednesday,0,East,Online,Returning,Computers,Laptop Air 13,Premium,Amir Hassan,3,2250.0,0.05,Low (1-5%),6750.0,337.5,6412.5
ORD-1667,2026-08-18,2026,Q3,8,August,2026-08,Tuesday,0,North,Online,New,Computers,Laptop Pro 14,Premium,Aisha Lim,2,3052.8,0.05,Low (1-5%),6105.6,305.28,5800.32
ORD-1668,2026-05-19,2026,Q2,5,May,2026-05,Tuesday,0,North,Retail Store,New,Storage,External HDD 2TB,Mid-range,Aisha Lim,6,288.0,0.0,No discount,1728.0,0.0,1728.0
ORD-1669,2026-10-11,2026,Q4,10,October,2026-10,Sunday,1,South,Corporate Sales,Returning,Monitors,Ultrawide Monitor,Premium,Raj Kumar,5,1377.0,0.15,High (>10%),6885.0,1032.75,5852.25
ORD-1670,2026-03-03,2026,Q1,3,March,2026-03,Tuesday,0,West,Retail Store,Returning,Accessories,Webcam,Budget,Sofia Tan,2,68.4,0.0,No discount,136.8,0.0,136.8
ORD-1671,2026-09-15,2026,Q3,9,September,2026-09,Tuesday,0,West,Marketplace,Returning,Storage,Memory Card 256GB,Budget,Ben Ho,4,81.0,0.2,High (>10%),324.0,64.8,259.2
ORD-1672,2026-09-23,2026,Q3,9,September,2026-09,Wednesday,0,West,Marketplace,New,Accessories,Keyboard,Budget,Sofia Tan,6,56.75,0.1,Medium (6-10%),340.5,34.08,306.42
ORD-1673,2026-07-11,2026,Q3,7,July,2026-07,Saturday,1,East,Online,New,Office Supplies,Sticky Notes,Budget,Nora Chen,2,7.2,0.15,High (>10%),14.4,2.16,12.24
ORD-1674,2026-01-06,2026,Q1,1,January,2026-01,Tuesday,0,North,Marketplace,Returning,Computers,Gaming Laptop,Premium,Mei Tan,2,4006.8,0.08,Medium (6-10%),8013.6,641.09,7372.51
ORD-1675,2026-03-19,2026,Q1,3,March,2026-03,Thursday,0,Central,Retail Store,New,Accessories,Mouse Pad,Budget,Kevin Yap,8,14.04,0.1,Medium (6-10%),112.32,11.23,101.09
ORD-1676,2026-08-24,2026,Q3,8,August,2026-08,Monday,0,East,Online,Returning,Monitors,Portable Monitor,Mid-range,Amir Hassan,3,630.0,0.05,Low (1-5%),1890.0,94.5,1795.5
ORD-1677,2026-08-18,2026,Q3,8,August,2026-08,Tuesday,0,North,Marketplace,Returning,Monitors,Portable Monitor,Mid-range,Mei Tan,2,642.6,0.05,Low (1-5%),1285.2,64.26,1220.94
ORD-1678,2026-07-04,2026,Q3,7,July,2026-07,Saturday,1,East,Retail Store,Returning,Monitors,Ultrawide Monitor,Premium,Grace Ng,2,1431.0,0.03,Low (1-5%),2862.0,85.86,2776.14
ORD-1679,2026-06-14,2026,Q2,6,June,2026-06,Sunday,1,Central,Corporate Sales,Returning,Office Supplies,Pen Pack,Budget,Kevin Yap,6,10.8,0.15,High (>10%),64.8,9.72,55.08
ORD-1680,2026-06-07,2026,Q2,6,June,2026-06,Sunday,1,North,Retail Store,New,Computers,Gaming Laptop,Premium,Mei Tan,2,3780.0,0.05,Low (1-5%),7560.0,378.0,7182.0
ORD-1681,2026-09-05,2026,Q3,9,September,2026-09,Saturday,1,South,Online,Returning,Office Supplies,Notebook Set,Budget,Raj Kumar,3,21.83,0.0,No discount,65.49,0.01,65.48
ORD-1682,2026-08-02,2026,Q3,8,August,2026-08,Sunday,1,East,Marketplace,Returning,Storage,USB Drive 128GB,Budget,Grace Ng,6,54.0,0.15,High (>10%),324.0,48.6,275.4
ORD-1683,2026-09-23,2026,Q3,9,September,2026-09,Wednesday,0,North,Marketplace,Returning,Networking,Wi-Fi Router,Mid-range,Mei Tan,5,244.44,0.08,Medium (6-10%),1222.2,97.78,1124.42
ORD-1684,2026-02-11,2026,Q1,2,February,2026-02,Wednesday,0,East,Online,New,Accessories,Laptop Stand,Budget,Grace Ng,5,34.2,0.1,Medium (6-10%),171.0,17.1,153.9
ORD-1685,2026-07-28,2026,Q3,7,July,2026-07,Tuesday,0,North,Corporate Sales,New,Computers,Laptop Air 13,Premium,Mei Tan,4,2385.0,0.1,Medium (6-10%),9540.0,954.0,8586.0
ORD-1686,2026-04-26,2026,Q2,4,April,2026-04,Sunday,1,East,Online,New,Accessories,Mouse Pad,Budget,Nora Chen,3,14.04,0.08,Medium (6-10%),42.12,3.37,38.75
ORD-1687,2026-10-17,2026,Q4,10,October,2026-10,Saturday,1,East,Online,Returning,Computers,Gaming Laptop,Premium,Grace Ng,4,4006.8,0.05,Low (1-5%),16027.2,801.36,15225.84
ORD-1688,2026-01-05,2026,Q1,1,January,2026-01,Monday,0,East,Corporate Sales,Returning,Monitors,24-inch Monitor,Mid-range,Nora Chen,2,506.34,0.05,Low (1-5%),1012.68,50.63,962.05
ORD-1689,2026-06-13,2026,Q2,6,June,2026-06,Saturday,1,West,Corporate Sales,Returning,Networking,Wi-Fi Router,Mid-range,Priya Shah,7,252.0,0.15,High (>10%),1764.0,264.6,1499.4
ORD-1690,2026-10-07,2026,Q4,10,October,2026-10,Wednesday,0,West,Online,New,Office Supplies,Sticky Notes,Budget,Sofia Tan,5,7.2,0.05,Low (1-5%),36.0,1.8,34.2
ORD-1691,2026-11-20,2026,Q4,11,November,2026-11,Friday,0,Central,Corporate Sales,Returning,Networking,Network Switch,Mid-range,Kevin Yap,12,162.0,0.03,Low (1-5%),1944.0,58.32,1885.68
ORD-1692,2026-05-24,2026,Q2,5,May,2026-05,Sunday,1,West,Marketplace,Returning,Monitors,27-inch Monitor,Mid-range,Ben Ho,3,742.05,0.05,Low (1-5%),2226.15,111.31,2114.84
ORD-1693,2026-06-10,2026,Q2,6,June,2026-06,Wednesday,0,North,Marketplace,Returning,Accessories,Laptop Stand,Budget,Mei Tan,9,35.57,0.0,No discount,320.13,0.02,320.11
ORD-1694,2026-09-11,2026,Q3,9,September,2026-09,Friday,0,West,Online,New,Storage,External SSD 1TB,Mid-range,Ben Ho,3,429.3,0.1,Medium (6-10%),1287.9,128.79,1159.11
ORD-1695,2026-08-05,2026,Q3,8,August,2026-08,Wednesday,0,Central,Marketplace,Returning,Office Supplies,Sticky Notes,Budget,Kevin Yap,3,7.2,0.05,Low (1-5%),21.6,1.08,20.52
ORD-1696,2026-05-08,2026,Q2,5,May,2026-05,Friday,0,West,Retail Store,New,Computers,All-in-One PC,Premium,Sofia Tan,3,2700.0,0.03,Low (1-5%),8100.0,243.0,7857.0
ORD-1697,2026-03-14,2026,Q1,3,March,2026-03,Saturday,1,Central,Online,New,Office Supplies,Printer Paper,Budget,Kevin Yap,3,16.2,0.03,Low (1-5%),48.6,1.46,47.14
ORD-1698,2026-06-18,2026,Q2,6,June,2026-06,Thursday,0,East,Retail Store,New,Monitors,Portable Monitor,Mid-range,Grace Ng,3,667.8,0.2,High (>10%),2003.4,400.68,1602.72
ORD-1699,2026-12-27,2026,Q4,12,December,2026-12,Sunday,1,North,Retail Store,Returning,Monitors,24-inch Monitor,Mid-range,Mei Tan,2,522.0,0.0,No discount,1044.0,0.0,1044.0
ORD-1700,2026-12-12,2026,Q4,12,December,2026-12,Saturday,1,Central,Online,Returning,Accessories,Laptop Stand,Budget,Hafiz Rahman,2,34.2,0.03,Low (1-5%),68.4,2.05,66.35
ORD-1701,2026-12-04,2026,Q4,12,December,2026-12,Friday,0,South,Retail Store,Returning,Accessories,Webcam,Budget,Farah Ali,2,74.88,0.15,High (>10%),149.76,22.46,127.3
ORD-1702,2026-03-27,2026,Q1,3,March,2026-03,Friday,0,West,Online,Returning,Accessories,Wireless Mouse,Budget,Ben Ho,3,42.12,0.03,Low (1-5%),126.36,3.79,122.57
ORD-1703,2026-11-26,2026,Q4,11,November,2026-11,Thursday,0,South,Marketplace,Returning,Accessories,Keyboard,Budget,Raj Kumar,5,62.01,0.1,Medium (6-10%),310.05,31.0,279.05
ORD-1704,2026-11-11,2026,Q4,11,November,2026-11,Wednesday,0,North,Retail Store,Returning,Computers,Gaming Laptop,Premium,Aisha Lim,2,3855.6,0.2,High (>10%),7711.2,1542.24,6168.96
ORD-1705,2026-10-21,2026,Q4,10,October,2026-10,Wednesday,0,North,Online,New,Storage,USB Drive 128GB,Budget,Daniel Wong,4,52.38,0.0,No discount,209.52,0.0,209.52
ORD-1706,2026-07-25,2026,Q3,7,July,2026-07,Saturday,1,North,Retail Store,New,Monitors,24-inch Monitor,Mid-range,Mei Tan,3,506.34,0.05,Low (1-5%),1519.02,75.95,1443.07
ORD-1707,2026-07-04,2026,Q3,7,July,2026-07,Saturday,1,South,Corporate Sales,Returning,Monitors,Ultrawide Monitor,Premium,Raj Kumar,3,1404.0,0.08,Medium (6-10%),4212.0,336.96,3875.04
ORD-1708,2026-06-05,2026,Q2,6,June,2026-06,Friday,0,South,Marketplace,New,Accessories,Wireless Mouse,Budget,Raj Kumar,4,39.29,0.05,Low (1-5%),157.16,7.88,149.28
ORD-1709,2026-03-04,2026,Q1,3,March,2026-03,Wednesday,0,North,Marketplace,Returning,Accessories,Laptop Stand,Budget,Aisha Lim,2,34.2,0.0,No discount,68.4,0.0,68.4
ORD-1710,2026-05-02,2026,Q2,5,May,2026-05,Saturday,1,South,Online,Returning,Office Supplies,Notebook Set,Budget,Jason Lee,2,21.38,0.1,Medium (6-10%),42.76,4.28,38.48
ORD-1711,2026-04-17,2026,Q2,4,April,2026-04,Friday,0,West,Retail Store,New,Accessories,USB-C Hub,Budget,Priya Shah,2,51.48,0.0,No discount,102.96,0.0,102.96
ORD-1712,2026-04-29,2026,Q2,4,April,2026-04,Wednesday,0,North,Retail Store,Returning,Accessories,Webcam,Budget,Mei Tan,3,72.0,0.05,Low (1-5%),216.0,10.8,205.2
ORD-1713,2026-11-17,2026,Q4,11,November,2026-11,Tuesday,0,North,Marketplace,Returning,Networking,Mesh Wi-Fi Set,Mid-range,Mei Tan,8,702.0,0.08,Medium (6-10%),5616.0,449.28,5166.72
ORD-1714,2026-01-15,2026,Q1,1,January,2026-01,Thursday,0,Central,Retail Store,Returning,Accessories,Wireless Mouse,Budget,Kevin Yap,3,42.93,0.03,Low (1-5%),128.79,3.86,124.93
ORD-1715,2026-12-06,2026,Q4,12,December,2026-12,Sunday,1,Central,Online,Returning,Accessories,Keyboard,Budget,Chloe Lim,3,56.75,0.08,Medium (6-10%),170.25,13.63,156.62
ORD-1716,2026-11-24,2026,Q4,11,November,2026-11,Tuesday,0,East,Online,Returning,Storage,USB Drive 128GB,Budget,Grace Ng,4,55.08,0.2,High (>10%),220.32,44.06,176.26
ORD-1717,2026-08-06,2026,Q3,8,August,2026-08,Thursday,0,West,Online,New,Networking,Ethernet Cable,Budget,Sofia Tan,7,17.1,0.03,Low (1-5%),119.7,3.59,116.11
ORD-1718,2026-01-08,2026,Q1,1,January,2026-01,Thursday,0,Central,Corporate Sales,Returning,Networking,Network Switch,Mid-range,Kevin Yap,8,168.48,0.1,Medium (6-10%),1347.84,134.78,1213.06
ORD-1719,2026-09-18,2026,Q3,9,September,2026-09,Friday,0,North,Marketplace,Returning,Storage,USB Drive 128GB,Budget,Mei Tan,6,56.16,0.05,Low (1-5%),336.96,16.85,320.11
ORD-1720,2026-11-26,2026,Q4,11,November,2026-11,Thursday,0,West,Online,Returning,Networking,Network Switch,Mid-range,Ben Ho,2,153.9,0.0,No discount,307.8,0.0,307.8
ORD-1721,2026-09-23,2026,Q3,9,September,2026-09,Wednesday,0,South,Online,Returning,Computers,Laptop Air 13,Premium,Raj Kumar,5,2250.0,0.2,High (>10%),11250.0,2250.0,9000.0
ORD-1722,2026-04-29,2026,Q2,4,April,2026-04,Wednesday,0,West,Retail Store,New,Networking,Network Switch,Mid-range,Ben Ho,6,157.14,0.05,Low (1-5%),942.84,47.14,895.7
ORD-1723,2026-07-03,2026,Q3,7,July,2026-07,Friday,0,West,Retail Store,Returning,Monitors,24-inch Monitor,Mid-range,Priya Shah,3,522.0,0.0,No discount,1566.0,0.0,1566.0
ORD-1724,2026-11-29,2026,Q4,11,November,2026-11,Sunday,1,East,Corporate Sales,New,Storage,USB Drive 128GB,Budget,Grace Ng,3,57.24,0.08,Medium (6-10%),171.72,13.74,157.98
ORD-1725,2026-02-12,2026,Q1,2,February,2026-02,Thursday,0,Central,Online,Returning,Computers,Laptop Pro 14,Premium,Chloe Lim,2,3052.8,0.08,Medium (6-10%),6105.6,488.45,5617.15
ORD-1726,2026-08-11,2026,Q3,8,August,2026-08,Tuesday,0,North,Marketplace,Returning,Accessories,USB-C Hub,Budget,Mei Tan,3,49.5,0.15,High (>10%),148.5,22.27,126.23
ORD-1727,2026-08-12,2026,Q3,8,August,2026-08,Wednesday,0,Central,Retail Store,New,Computers,Laptop Air 13,Premium,Chloe Lim,2,2295.0,0.1,Medium (6-10%),4590.0,459.0,4131.0
ORD-1728,2026-01-14,2026,Q1,1,January,2026-01,Wednesday,0,Central,Retail Store,Returning,Computers,Desktop Mini,Premium,Hafiz Rahman,2,1620.0,0.03,Low (1-5%),3240.0,97.2,3142.8
ORD-1729,2026-11-27,2026,Q4,11,November,2026-11,Friday,0,South,Corporate Sales,Returning,Office Supplies,Sticky Notes,Budget,Jason Lee,11,7.63,0.1,Medium (6-10%),83.93,8.37,75.56
ORD-1730,2026-02-02,2026,Q1,2,February,2026-02,Monday,0,Central,Online,Returning,Storage,External HDD 2TB,Mid-range,Hafiz Rahman,7,273.6,0.05,Low (1-5%),1915.2,95.76,1819.44
ORD-1731,2026-08-14,2026,Q3,8,August,2026-08,Friday,0,North,Corporate Sales,Returning,Computers,Gaming Laptop,Premium,Mei Tan,2,3931.2,0.1,Medium (6-10%),7862.4,786.24,7076.16
ORD-1732,2026-11-26,2026,Q4,11,November,2026-11,Thursday,0,West,Online,Returning,Storage,External SSD 1TB,Mid-range,Sofia Tan,4,413.1,0.1,Medium (6-10%),1652.4,165.24,1487.16
ORD-1733,2026-11-06,2026,Q4,11,November,2026-11,Friday,0,East,Online,New,Storage,External HDD 2TB,Mid-range,Amir Hassan,4,288.0,0.05,Low (1-5%),1152.0,57.6,1094.4
ORD-1734,2026-06-20,2026,Q2,6,June,2026-06,Saturday,1,East,Online,Returning,Accessories,Laptop Stand,Budget,Amir Hassan,4,35.57,0.1,Medium (6-10%),142.28,14.24,128.04
ORD-1735,2026-05-29,2026,Q2,5,May,2026-05,Friday,0,East,Online,Returning,Storage,USB Drive 128GB,Budget,Grace Ng,8,55.08,0.05,Low (1-5%),440.64,22.03,418.61
ORD-1736,2026-02-09,2026,Q1,2,February,2026-02,Monday,0,North,Marketplace,Returning,Accessories,Laptop Stand,Budget,Mei Tan,8,34.2,0.1,Medium (6-10%),273.6,27.36,246.24
ORD-1737,2026-11-10,2026,Q4,11,November,2026-11,Tuesday,0,North,Retail Store,Returning,Monitors,Ultrawide Monitor,Premium,Mei Tan,3,1377.0,0.05,Low (1-5%),4131.0,206.55,3924.45
ORD-1738,2026-02-26,2026,Q1,2,February,2026-02,Thursday,0,Central,Retail Store,Returning,Storage,External HDD 2TB,Mid-range,Kevin Yap,4,305.28,0.03,Low (1-5%),1221.12,36.63,1184.49
ORD-1739,2026-10-27,2026,Q4,10,October,2026-10,Tuesday,0,South,Corporate Sales,New,Computers,Laptop Pro 14,Premium,Jason Lee,2,2937.6,0.05,Low (1-5%),5875.2,293.76,5581.44
ORD-1740,2026-10-02,2026,Q4,10,October,2026-10,Friday,0,East,Retail Store,Returning,Computers,Laptop Pro 14,Premium,Amir Hassan,2,2880.0,0.0,No discount,5760.0,0.0,5760.0
ORD-1741,2026-11-09,2026,Q4,11,November,2026-11,Monday,0,Central,Online,New,Accessories,Laptop Stand,Budget,Hafiz Rahman,2,33.17,0.08,Medium (6-10%),66.34,5.3,61.04
ORD-1742,2026-09-29,2026,Q3,9,September,2026-09,Tuesday,0,North,Marketplace,New,Accessories,Laptop Stand,Budget,Daniel Wong,8,34.2,0.2,High (>10%),273.6,54.72,218.88
ORD-1743,2026-11-29,2026,Q4,11,November,2026-11,Sunday,1,West,Online,Returning,Accessories,Keyboard,Budget,Ben Ho,4,58.5,0.1,Medium (6-10%),234.0,23.4,210.6
ORD-1744,2026-08-21,2026,Q3,8,August,2026-08,Friday,0,South,Online,Returning,Accessories,Webcam,Budget,Raj Kumar,5,72.0,0.03,Low (1-5%),360.0,10.8,349.2
ORD-1745,2026-09-08,2026,Q3,9,September,2026-09,Tuesday,0,Central,Marketplace,Returning,Office Supplies,Pen Pack,Budget,Kevin Yap,5,10.48,0.1,Medium (6-10%),52.4,5.26,47.14
ORD-1746,2026-01-17,2026,Q1,1,January,2026-01,Saturday,1,South,Marketplace,Returning,Computers,All-in-One PC,Premium,Jason Lee,2,2862.0,0.1,Medium (6-10%),5724.0,572.4,5151.6
ORD-1747,2026-09-23,2026,Q3,9,September,2026-09,Wednesday,0,Central,Retail Store,Returning,Storage,External SSD 1TB,Mid-range,Chloe Lim,2,405.0,0.03,Low (1-5%),810.0,24.3,785.7
ORD-1748,2026-10-06,2026,Q4,10,October,2026-10,Tuesday,0,East,Online,New,Office Supplies,Desk Organizer,Budget,Amir Hassan,2,30.56,0.03,Low (1-5%),61.12,1.84,59.28
ORD-1749,2026-08-07,2026,Q3,8,August,2026-08,Friday,0,East,Retail Store,Returning,Monitors,Portable Monitor,Mid-range,Amir Hassan,2,655.2,0.1,Medium (6-10%),1310.4,131.04,1179.36
ORD-1750,2026-01-04,2026,Q1,1,January,2026-01,Sunday,1,North,Online,Returning,Computers,Laptop Pro 14,Premium,Daniel Wong,3,2880.0,0.05,Low (1-5%),8640.0,432.0,8208.0
ORD-1751,2026-09-02,2026,Q3,9,September,2026-09,Wednesday,0,Central,Online,New,Accessories,Keyboard,Budget,Hafiz Rahman,2,59.67,0.03,Low (1-5%),119.34,3.58,115.76
ORD-1752,2026-10-25,2026,Q4,10,October,2026-10,Sunday,1,West,Online,Returning,Networking,Ethernet Cable,Budget,Ben Ho,5,17.1,0.03,Low (1-5%),85.5,2.56,82.94
ORD-1753,2026-10-13,2026,Q4,10,October,2026-10,Tuesday,0,Central,Marketplace,Returning,Accessories,Mouse Pad,Budget,Kevin Yap,6,13.5,0.03,Low (1-5%),81.0,2.43,78.57
ORD-1754,2026-10-16,2026,Q4,10,October,2026-10,Friday,0,North,Retail Store,Returning,Monitors,Portable Monitor,Mid-range,Mei Tan,4,642.6,0.03,Low (1-5%),2570.4,77.11,2493.29
ORD-1755,2026-06-23,2026,Q2,6,June,2026-06,Tuesday,0,South,Retail Store,Returning,Accessories,Keyboard,Budget,Farah Ali,3,58.5,0.1,Medium (6-10%),175.5,17.55,157.95
ORD-1756,2026-11-27,2026,Q4,11,November,2026-11,Friday,0,South,Online,Returning,Storage,USB Drive 128GB,Budget,Raj Kumar,4,55.08,0.1,Medium (6-10%),220.32,22.03,198.29
ORD-1757,2026-05-12,2026,Q2,5,May,2026-05,Tuesday,0,Central,Marketplace,Returning,Office Supplies,Sticky Notes,Budget,Hafiz Rahman,9,7.49,0.05,Low (1-5%),67.41,3.39,64.02
ORD-1758,2026-01-13,2026,Q1,1,January,2026-01,Tuesday,0,North,Online,Returning,Monitors,Ultrawide Monitor,Premium,Mei Tan,2,1309.5,0.08,Medium (6-10%),2619.0,209.52,2409.48
ORD-1759,2026-01-23,2026,Q1,1,January,2026-01,Friday,0,East,Online,New,Networking,Network Switch,Mid-range,Grace Ng,2,162.0,0.03,Low (1-5%),324.0,9.72,314.28
ORD-1760,2026-02-01,2026,Q1,2,February,2026-02,Sunday,1,South,Online,New,Networking,Network Switch,Mid-range,Farah Ali,9,162.0,0.0,No discount,1458.0,0.0,1458.0
ORD-1761,2026-03-06,2026,Q1,3,March,2026-03,Friday,0,South,Marketplace,New,Office Supplies,Desk Organizer,Budget,Raj Kumar,6,32.76,0.1,Medium (6-10%),196.56,19.66,176.9
ORD-1762,2026-08-31,2026,Q3,8,August,2026-08,Monday,0,South,Online,Returning,Monitors,27-inch Monitor,Mid-range,Farah Ali,6,726.75,0.05,Low (1-5%),4360.5,218.02,4142.48
ORD-1763,2026-08-08,2026,Q3,8,August,2026-08,Saturday,1,East,Marketplace,Returning,Monitors,24-inch Monitor,Mid-range,Amir Hassan,2,506.34,0.15,High (>10%),1012.68,151.9,860.78
ORD-1764,2026-05-27,2026,Q2,5,May,2026-05,Wednesday,0,West,Online,Returning,Office Supplies,Pen Pack,Budget,Priya Shah,2,11.23,0.15,High (>10%),22.46,3.37,19.09
ORD-1765,2026-06-13,2026,Q2,6,June,2026-06,Saturday,1,Central,Online,Returning,Computers,Laptop Pro 14,Premium,Kevin Yap,3,2880.0,0.03,Low (1-5%),8640.0,259.2,8380.8
ORD-1766,2026-07-22,2026,Q3,7,July,2026-07,Wednesday,0,Central,Corporate Sales,Returning,Computers,Gaming Laptop,Premium,Hafiz Rahman,5,3931.2,0.08,Medium (6-10%),19656.0,1572.48,18083.52
ORD-1767,2026-04-02,2026,Q2,4,April,2026-04,Thursday,0,East,Corporate Sales,Returning,Computers,Laptop Air 13,Premium,Grace Ng,2,2137.5,0.0,No discount,4275.0,0.0,4275.0
ORD-1768,2026-09-15,2026,Q3,9,September,2026-09,Tuesday,0,South,Corporate Sales,Returning,Monitors,24-inch Monitor,Mid-range,Farah Ali,2,522.0,0.15,High (>10%),1044.0,156.6,887.4
ORD-1769,2026-09-15,2026,Q3,9,September,2026-09,Tuesday,0,East,Online,Returning,Accessories,USB-C Hub,Budget,Nora Chen,3,49.5,0.03,Low (1-5%),148.5,4.45,144.05
ORD-1770,2026-01-03,2026,Q1,1,January,2026-01,Saturday,1,East,Online,New,Storage,External HDD 2TB,Mid-range,Amir Hassan,5,279.36,0.0,No discount,1396.8,0.0,1396.8
ORD-1771,2026-12-03,2026,Q4,12,December,2026-12,Thursday,0,North,Corporate Sales,Returning,Monitors,Portable Monitor,Mid-range,Daniel Wong,4,598.5,0.15,High (>10%),2394.0,359.1,2034.9
ORD-1772,2026-09-22,2026,Q3,9,September,2026-09,Tuesday,0,Central,Retail Store,New,Accessories,Wireless Mouse,Budget,Chloe Lim,5,38.48,0.08,Medium (6-10%),192.4,15.41,176.99
ORD-1773,2026-08-05,2026,Q3,8,August,2026-08,Wednesday,0,North,Online,New,Accessories,Keyboard,Budget,Daniel Wong,2,56.75,0.1,Medium (6-10%),113.5,11.36,102.14
ORD-1774,2026-06-03,2026,Q2,6,June,2026-06,Wednesday,0,North,Retail Store,Returning,Computers,Laptop Air 13,Premium,Aisha Lim,4,2250.0,0.05,Low (1-5%),9000.0,450.0,8550.0
ORD-1775,2026-07-02,2026,Q3,7,July,2026-07,Thursday,0,North,Online,New,Storage,External SSD 1TB,Mid-range,Daniel Wong,2,421.2,0.0,No discount,842.4,0.0,842.4
ORD-1776,2026-11-21,2026,Q4,11,November,2026-11,Saturday,1,West,Online,Returning,Computers,All-in-One PC,Premium,Priya Shah,5,2862.0,0.03,Low (1-5%),14310.0,429.3,13880.7
ORD-1777,2026-10-30,2026,Q4,10,October,2026-10,Friday,0,Central,Online,Returning,Monitors,Portable Monitor,Mid-range,Kevin Yap,2,630.0,0.08,Medium (6-10%),1260.0,100.8,1159.2
ORD-1778,2026-05-28,2026,Q2,5,May,2026-05,Thursday,0,West,Online,New,Networking,Network Switch,Mid-range,Priya Shah,4,168.48,0.08,Medium (6-10%),673.92,53.91,620.01
ORD-1779,2026-01-08,2026,Q1,1,January,2026-01,Thursday,0,North,Retail Store,Returning,Computers,Gaming Laptop,Premium,Aisha Lim,2,3780.0,0.0,No discount,7560.0,0.0,7560.0
ORD-1780,2026-07-07,2026,Q3,7,July,2026-07,Tuesday,0,North,Online,New,Networking,Network Switch,Mid-range,Mei Tan,2,165.24,0.03,Low (1-5%),330.48,9.91,320.57
ORD-1781,2026-07-14,2026,Q3,7,July,2026-07,Tuesday,0,West,Online,New,Office Supplies,Desk Organizer,Budget,Priya Shah,2,32.13,0.05,Low (1-5%),64.26,3.21,61.05
ORD-1782,2026-12-26,2026,Q4,12,December,2026-12,Saturday,1,West,Corporate Sales,Returning,Monitors,Ultrawide Monitor,Premium,Ben Ho,2,1350.0,0.0,No discount,2700.0,0.0,2700.0
ORD-1783,2026-07-01,2026,Q3,7,July,2026-07,Wednesday,0,North,Marketplace,Returning,Accessories,Keyboard,Budget,Daniel Wong,2,58.5,0.0,No discount,117.0,0.0,117.0
ORD-1784,2026-06-06,2026,Q2,6,June,2026-06,Saturday,1,West,Online,New,Accessories,Laptop Stand,Budget,Ben Ho,8,36.25,0.05,Low (1-5%),290.0,14.48,275.52
ORD-1785,2026-12-02,2026,Q4,12,December,2026-12,Wednesday,0,South,Online,Returning,Monitors,Portable Monitor,Mid-range,Raj Kumar,4,630.0,0.1,Medium (6-10%),2520.0,252.0,2268.0
ORD-1786,2026-10-14,2026,Q4,10,October,2026-10,Wednesday,0,Central,Corporate Sales,Returning,Monitors,27-inch Monitor,Mid-range,Hafiz Rahman,2,765.0,0.08,Medium (6-10%),1530.0,122.4,1407.6
ORD-1787,2026-04-18,2026,Q2,4,April,2026-04,Saturday,1,East,Online,New,Monitors,27-inch Monitor,Mid-range,Grace Ng,2,765.0,0.1,Medium (6-10%),1530.0,153.0,1377.0
ORD-1788,2026-10-16,2026,Q4,10,October,2026-10,Friday,0,South,Retail Store,Returning,Office Supplies,Printer Paper,Budget,Raj Kumar,3,17.17,0.2,High (>10%),51.51,10.3,41.21
ORD-1789,2026-02-06,2026,Q1,2,February,2026-02,Friday,0,Central,Online,Returning,Accessories,USB-C Hub,Budget,Hafiz Rahman,5,49.5,0.15,High (>10%),247.5,37.12,210.38
ORD-1790,2026-07-16,2026,Q3,7,July,2026-07,Thursday,0,West,Online,New,Computers,Gaming Laptop,Premium,Ben Ho,2,3780.0,0.0,No discount,7560.0,0.0,7560.0
ORD-1791,2026-09-22,2026,Q3,9,September,2026-09,Tuesday,0,North,Corporate Sales,New,Monitors,27-inch Monitor,Mid-range,Daniel Wong,2,765.0,0.08,Medium (6-10%),1530.0,122.4,1407.6
ORD-1792,2026-01-11,2026,Q1,1,January,2026-01,Sunday,1,North,Online,Returning,Computers,All-in-One PC,Premium,Aisha Lim,2,2619.0,0.05,Low (1-5%),5238.0,261.9,4976.1
ORD-1793,2026-03-14,2026,Q1,3,March,2026-03,Saturday,1,South,Online,Returning,Storage,Memory Card 256GB,Budget,Jason Lee,5,81.0,0.1,Medium (6-10%),405.0,40.5,364.5
ORD-1794,2026-04-11,2026,Q2,4,April,2026-04,Saturday,1,West,Corporate Sales,New,Computers,Laptop Air 13,Premium,Sofia Tan,2,2340.0,0.0,No discount,4680.0,0.0,4680.0
ORD-1795,2026-01-11,2026,Q1,1,January,2026-01,Sunday,1,North,Corporate Sales,Returning,Monitors,Ultrawide Monitor,Premium,Daniel Wong,2,1404.0,0.08,Medium (6-10%),2808.0,224.64,2583.36
ORD-1796,2026-02-16,2026,Q1,2,February,2026-02,Monday,0,North,Marketplace,Returning,Office Supplies,Pen Pack,Budget,Mei Tan,2,10.8,0.03,Low (1-5%),21.6,0.65,20.95
ORD-1797,2026-04-29,2026,Q2,4,April,2026-04,Wednesday,0,Central,Retail Store,Returning,Accessories,Mouse Pad,Budget,Chloe Lim,2,13.5,0.0,No discount,27.0,0.0,27.0
ORD-1798,2026-11-04,2026,Q4,11,November,2026-11,Wednesday,0,North,Online,Returning,Storage,External SSD 1TB,Mid-range,Daniel Wong,3,384.75,0.2,High (>10%),1154.25,230.85,923.4
ORD-1799,2026-02-08,2026,Q1,2,February,2026-02,Sunday,1,North,Retail Store,New,Storage,USB Drive 128GB,Budget,Aisha Lim,3,57.24,0.03,Low (1-5%),171.72,5.15,166.57
ORD-1800,2026-05-22,2026,Q2,5,May,2026-05,Friday,0,Central,Marketplace,Returning,Networking,Network Switch,Mid-range,Hafiz Rahman,4,168.48,0.2,High (>10%),673.92,134.78,539.14
ORD-1801,2026-01-11,2026,Q1,1,January,2026-01,Sunday,1,East,Corporate Sales,Returning,Networking,Mesh Wi-Fi Set,Mid-range,Amir Hassan,9,641.25,0.15,High (>10%),5771.25,865.69,4905.56
ORD-1802,2026-12-25,2026,Q4,12,December,2026-12,Friday,0,Central,Online,Returning,Storage,Memory Card 256GB,Budget,Kevin Yap,4,84.24,0.0,No discount,336.96,0.0,336.96
ORD-1803,2026-12-27,2026,Q4,12,December,2026-12,Sunday,1,South,Retail Store,Returning,Networking,Ethernet Cable,Budget,Jason Lee,2,19.08,0.08,Medium (6-10%),38.16,3.05,35.11
ORD-1804,2026-03-08,2026,Q1,3,March,2026-03,Sunday,1,South,Marketplace,Returning,Monitors,24-inch Monitor,Mid-range,Raj Kumar,2,542.88,0.03,Low (1-5%),1085.76,32.57,1053.19
ORD-1805,2026-11-29,2026,Q4,11,November,2026-11,Sunday,1,East,Marketplace,Returning,Accessories,Wireless Mouse,Budget,Amir Hassan,6,40.5,0.2,High (>10%),243.0,48.6,194.4
ORD-1806,2026-03-15,2026,Q1,3,March,2026-03,Sunday,1,Central,Retail Store,Returning,Computers,Laptop Air 13,Premium,Chloe Lim,2,2182.5,0.2,High (>10%),4365.0,873.0,3492.0
ORD-1807,2026-03-30,2026,Q1,3,March,2026-03,Monday,0,South,Retail Store,New,Storage,Memory Card 256GB,Budget,Jason Lee,4,78.57,0.15,High (>10%),314.28,47.14,267.14
ORD-1808,2026-03-10,2026,Q1,3,March,2026-03,Tuesday,0,Central,Online,New,Monitors,24-inch Monitor,Mid-range,Kevin Yap,2,532.44,0.08,Medium (6-10%),1064.88,85.19,979.69
ORD-1809,2026-10-21,2026,Q4,10,October,2026-10,Wednesday,0,West,Retail Store,Returning,Office Supplies,Pen Pack,Budget,Sofia Tan,2,10.8,0.0,No discount,21.6,0.0,21.6
ORD-1810,2026-05-19,2026,Q2,5,May,2026-05,Tuesday,0,Central,Corporate Sales,New,Computers,Desktop Mini,Premium,Chloe Lim,2,1684.8,0.0,No discount,3369.6,0.0,3369.6
ORD-1811,2026-07-08,2026,Q3,7,July,2026-07,Wednesday,0,Central,Marketplace,New,Computers,Laptop Air 13,Premium,Hafiz Rahman,2,2250.0,0.0,No discount,4500.0,0.0,4500.0
ORD-1812,2026-05-27,2026,Q2,5,May,2026-05,Wednesday,0,Central,Marketplace,Returning,Monitors,Ultrawide Monitor,Premium,Kevin Yap,3,1350.0,0.15,High (>10%),4050.0,607.5,3442.5
ORD-1813,2026-11-01,2026,Q4,11,November,2026-11,Sunday,1,South,Marketplace,New,Networking,Network Switch,Mid-range,Farah Ali,4,162.0,0.1,Medium (6-10%),648.0,64.8,583.2
ORD-1814,2026-01-26,2026,Q1,1,January,2026-01,Monday,0,South,Marketplace,New,Storage,External HDD 2TB,Mid-range,Farah Ali,7,273.6,0.1,Medium (6-10%),1915.2,191.52,1723.68
ORD-1815,2026-10-10,2026,Q4,10,October,2026-10,Saturday,1,Central,Corporate Sales,Returning,Networking,Network Switch,Mid-range,Hafiz Rahman,7,165.24,0.08,Medium (6-10%),1156.68,92.53,1064.15
ORD-1816,2026-10-13,2026,Q4,10,October,2026-10,Tuesday,0,North,Corporate Sales,New,Networking,Network Switch,Mid-range,Daniel Wong,4,157.14,0.1,Medium (6-10%),628.56,62.86,565.7
ORD-1817,2026-02-11,2026,Q1,2,February,2026-02,Wednesday,0,Central,Corporate Sales,Returning,Computers,Laptop Air 13,Premium,Chloe Lim,2,2385.0,0.05,Low (1-5%),4770.0,238.5,4531.5
ORD-1818,2026-03-26,2026,Q1,3,March,2026-03,Thursday,0,West,Corporate Sales,New,Storage,External SSD 1TB,Mid-range,Priya Shah,7,405.0,0.2,High (>10%),2835.0,567.0,2268.0
ORD-1819,2026-11-30,2026,Q4,11,November,2026-11,Monday,0,North,Online,Returning,Networking,Wi-Fi Router,Mid-range,Daniel Wong,4,257.04,0.2,High (>10%),1028.16,205.63,822.53
ORD-1820,2026-08-10,2026,Q3,8,August,2026-08,Monday,0,North,Online,Returning,Storage,External HDD 2TB,Mid-range,Daniel Wong,5,299.52,0.2,High (>10%),1497.6,299.52,1198.08
ORD-1821,2026-09-25,2026,Q3,9,September,2026-09,Friday,0,East,Marketplace,Returning,Storage,Memory Card 256GB,Budget,Nora Chen,2,82.62,0.0,No discount,165.24,0.0,165.24
ORD-1822,2026-07-22,2026,Q3,7,July,2026-07,Wednesday,0,Central,Online,Returning,Networking,Network Switch,Mid-range,Kevin Yap,5,162.0,0.0,No discount,810.0,0.0,810.0
ORD-1823,2026-03-16,2026,Q1,3,March,2026-03,Monday,0,Central,Corporate Sales,New,Computers,Desktop Mini,Premium,Kevin Yap,2,1571.4,0.15,High (>10%),3142.8,471.42,2671.38
ORD-1824,2026-03-27,2026,Q1,3,March,2026-03,Friday,0,West,Retail Store,Returning,Office Supplies,Sticky Notes,Budget,Priya Shah,2,7.63,0.1,Medium (6-10%),15.26,1.52,13.74
ORD-1825,2026-09-26,2026,Q3,9,September,2026-09,Saturday,1,West,Corporate Sales,New,Storage,External SSD 1TB,Mid-range,Sofia Tan,12,405.0,0.1,Medium (6-10%),4860.0,486.0,4374.0
ORD-1826,2026-07-26,2026,Q3,7,July,2026-07,Sunday,1,South,Online,Returning,Storage,External SSD 1TB,Mid-range,Raj Kumar,6,405.0,0.0,No discount,2430.0,0.0,2430.0
ORD-1827,2026-12-07,2026,Q4,12,December,2026-12,Monday,0,Central,Online,Returning,Storage,External HDD 2TB,Mid-range,Hafiz Rahman,2,288.0,0.15,High (>10%),576.0,86.4,489.6
ORD-1828,2026-09-15,2026,Q3,9,September,2026-09,Tuesday,0,North,Retail Store,New,Office Supplies,Desk Organizer,Budget,Mei Tan,5,31.5,0.08,Medium (6-10%),157.5,12.6,144.9
ORD-1829,2026-07-04,2026,Q3,7,July,2026-07,Saturday,1,North,Marketplace,New,Accessories,Webcam,Budget,Daniel Wong,4,72.0,0.05,Low (1-5%),288.0,14.4,273.6
ORD-1830,2026-03-08,2026,Q1,3,March,2026-03,Sunday,1,East,Online,Returning,Accessories,USB-C Hub,Budget,Grace Ng,8,48.02,0.08,Medium (6-10%),384.16,30.77,353.39
ORD-1831,2026-07-03,2026,Q3,7,July,2026-07,Friday,0,North,Corporate Sales,Returning,Storage,External HDD 2TB,Mid-range,Daniel Wong,8,293.76,0.1,Medium (6-10%),2350.08,235.01,2115.07
ORD-1832,2026-08-14,2026,Q3,8,August,2026-08,Friday,0,Central,Online,Returning,Computers,All-in-One PC,Premium,Chloe Lim,2,2700.0,0.0,No discount,5400.0,0.0,5400.0
ORD-1833,2026-09-14,2026,Q3,9,September,2026-09,Monday,0,North,Corporate Sales,Returning,Computers,Desktop Mini,Premium,Mei Tan,3,1620.0,0.03,Low (1-5%),4860.0,145.8,4714.2
ORD-1834,2026-08-02,2026,Q3,8,August,2026-08,Sunday,1,South,Online,Returning,Accessories,Mouse Pad,Budget,Raj Kumar,4,13.5,0.1,Medium (6-10%),54.0,5.4,48.6
ORD-1835,2026-07-23,2026,Q3,7,July,2026-07,Thursday,0,East,Online,New,Accessories,Wireless Mouse,Budget,Nora Chen,3,40.5,0.08,Medium (6-10%),121.5,9.72,111.78
ORD-1836,2026-05-24,2026,Q2,5,May,2026-05,Sunday,1,West,Corporate Sales,Returning,Networking,Network Switch,Mid-range,Priya Shah,9,171.72,0.05,Low (1-5%),1545.48,77.27,1468.21
ORD-1837,2026-05-07,2026,Q2,5,May,2026-05,Thursday,0,West,Online,Returning,Accessories,Mouse Pad,Budget,Priya Shah,5,13.77,0.03,Low (1-5%),68.85,2.07,66.78
ORD-1838,2026-06-15,2026,Q2,6,June,2026-06,Monday,0,North,Marketplace,Returning,Monitors,Ultrawide Monitor,Premium,Mei Tan,3,1404.0,0.1,Medium (6-10%),4212.0,421.2,3790.8
ORD-1839,2026-04-28,2026,Q2,4,April,2026-04,Tuesday,0,North,Online,Returning,Office Supplies,Notebook Set,Budget,Mei Tan,5,21.83,0.15,High (>10%),109.15,16.39,92.76
ORD-1840,2026-03-08,2026,Q1,3,March,2026-03,Sunday,1,West,Retail Store,Returning,Office Supplies,Printer Paper,Budget,Priya Shah,3,16.2,0.05,Low (1-5%),48.6,2.43,46.17
ORD-1841,2026-11-23,2026,Q4,11,November,2026-11,Monday,0,North,Online,New,Office Supplies,Notebook Set,Budget,Mei Tan,5,23.4,0.15,High (>10%),117.0,17.55,99.45
ORD-1842,2026-12-22,2026,Q4,12,December,2026-12,Tuesday,0,Central,Marketplace,Returning,Monitors,24-inch Monitor,Mid-range,Kevin Yap,5,553.32,0.1,Medium (6-10%),2766.6,276.66,2489.94
ORD-1843,2026-06-11,2026,Q2,6,June,2026-06,Thursday,0,North,Marketplace,Returning,Networking,Network Switch,Mid-range,Mei Tan,3,171.72,0.08,Medium (6-10%),515.16,41.21,473.95
ORD-1844,2026-05-22,2026,Q2,5,May,2026-05,Friday,0,South,Retail Store,Returning,Accessories,Laptop Stand,Budget,Jason Lee,3,36.25,0.03,Low (1-5%),108.75,3.26,105.49
ORD-1845,2026-09-13,2026,Q3,9,September,2026-09,Sunday,1,North,Online,Returning,Storage,External SSD 1TB,Mid-range,Mei Tan,7,429.3,0.1,Medium (6-10%),3005.1,300.51,2704.59
ORD-1846,2026-05-20,2026,Q2,5,May,2026-05,Wednesday,0,East,Online,New,Computers,Laptop Air 13,Premium,Amir Hassan,2,2340.0,0.0,No discount,4680.0,0.0,4680.0
ORD-1847,2026-03-17,2026,Q1,3,March,2026-03,Tuesday,0,East,Online,New,Monitors,27-inch Monitor,Mid-range,Amir Hassan,2,765.0,0.03,Low (1-5%),1530.0,45.9,1484.1
ORD-1848,2026-05-29,2026,Q2,5,May,2026-05,Friday,0,North,Marketplace,New,Computers,Gaming Laptop,Premium,Mei Tan,2,3780.0,0.1,Medium (6-10%),7560.0,756.0,6804.0
ORD-1849,2026-05-28,2026,Q2,5,May,2026-05,Thursday,0,West,Online,New,Accessories,USB-C Hub,Budget,Sofia Tan,7,50.49,0.0,No discount,353.43,0.0,353.43
ORD-1850,2026-12-31,2026,Q4,12,December,2026-12,Thursday,0,West,Online,Returning,Monitors,27-inch Monitor,Mid-range,Ben Ho,3,780.3,0.15,High (>10%),2340.9,351.13,1989.77
ORD-1851,2026-07-30,2026,Q3,7,July,2026-07,Thursday,0,West,Marketplace,New,Networking,Wi-Fi Router,Mid-range,Priya Shah,2,252.0,0.08,Medium (6-10%),504.0,40.32,463.68
ORD-1852,2026-04-22,2026,Q2,4,April,2026-04,Wednesday,0,Central,Retail Store,Returning,Accessories,USB-C Hub,Budget,Hafiz Rahman,3,49.5,0.0,No discount,148.5,0.0,148.5
ORD-1853,2026-05-04,2026,Q2,5,May,2026-05,Monday,0,West,Online,New,Accessories,Laptop Stand,Budget,Ben Ho,4,34.2,0.03,Low (1-5%),136.8,4.1,132.7
ORD-1854,2026-09-26,2026,Q3,9,September,2026-09,Saturday,1,North,Corporate Sales,Returning,Computers,All-in-One PC,Premium,Mei Tan,2,2700.0,0.03,Low (1-5%),5400.0,162.0,5238.0
ORD-1855,2026-07-04,2026,Q3,7,July,2026-07,Saturday,1,Central,Retail Store,Returning,Accessories,Wireless Mouse,Budget,Kevin Yap,3,42.12,0.03,Low (1-5%),126.36,3.79,122.57
ORD-1856,2026-08-12,2026,Q3,8,August,2026-08,Wednesday,0,South,Retail Store,Returning,Storage,USB Drive 128GB,Budget,Farah Ali,3,52.38,0.05,Low (1-5%),157.14,7.86,149.28
ORD-1857,2026-08-09,2026,Q3,8,August,2026-08,Sunday,1,South,Online,New,Accessories,Mouse Pad,Budget,Jason Lee,2,13.77,0.05,Low (1-5%),27.54,1.38,26.16
ORD-1858,2026-06-02,2026,Q2,6,June,2026-06,Tuesday,0,South,Retail Store,New,Accessories,Mouse Pad,Budget,Raj Kumar,5,12.83,0.08,Medium (6-10%),64.15,5.15,59.0
ORD-1859,2026-05-24,2026,Q2,5,May,2026-05,Sunday,1,Central,Corporate Sales,Returning,Monitors,27-inch Monitor,Mid-range,Chloe Lim,2,765.0,0.05,Low (1-5%),1530.0,76.5,1453.5
ORD-1860,2026-02-24,2026,Q1,2,February,2026-02,Tuesday,0,East,Online,Returning,Office Supplies,Pen Pack,Budget,Nora Chen,5,10.8,0.15,High (>10%),54.0,8.1,45.9
ORD-1861,2026-12-20,2026,Q4,12,December,2026-12,Sunday,1,South,Corporate Sales,Returning,Computers,Laptop Air 13,Premium,Jason Lee,2,2137.5,0.08,Medium (6-10%),4275.0,342.0,3933.0
ORD-1862,2026-04-29,2026,Q2,4,April,2026-04,Wednesday,0,West,Marketplace,Returning,Accessories,Laptop Stand,Budget,Ben Ho,4,36.25,0.0,No discount,145.0,-0.01,145.01
ORD-1863,2026-01-14,2026,Q1,1,January,2026-01,Wednesday,0,East,Marketplace,Returning,Accessories,Laptop Stand,Budget,Nora Chen,3,34.2,0.2,High (>10%),102.6,20.52,82.08
ORD-1864,2026-10-23,2026,Q4,10,October,2026-10,Friday,0,North,Marketplace,Returning,Monitors,24-inch Monitor,Mid-range,Daniel Wong,2,522.0,0.08,Medium (6-10%),1044.0,83.52,960.48
ORD-1865,2026-10-13,2026,Q4,10,October,2026-10,Tuesday,0,East,Online,New,Monitors,24-inch Monitor,Mid-range,Amir Hassan,3,553.32,0.08,Medium (6-10%),1659.96,132.8,1527.16
ORD-1866,2026-08-04,2026,Q3,8,August,2026-08,Tuesday,0,South,Online,New,Accessories,Webcam,Budget,Farah Ali,3,72.0,0.05,Low (1-5%),216.0,10.8,205.2
ORD-1867,2026-09-12,2026,Q3,9,September,2026-09,Saturday,1,Central,Online,Returning,Networking,Mesh Wi-Fi Set,Mid-range,Kevin Yap,2,654.75,0.05,Low (1-5%),1309.5,65.47,1244.03
ORD-1868,2026-11-12,2026,Q4,11,November,2026-11,Thursday,0,North,Corporate Sales,Returning,Storage,Memory Card 256GB,Budget,Mei Tan,6,81.0,0.0,No discount,486.0,0.0,486.0
ORD-1869,2026-08-11,2026,Q3,8,August,2026-08,Tuesday,0,West,Online,New,Accessories,Mouse Pad,Budget,Priya Shah,5,13.1,0.1,Medium (6-10%),65.5,6.57,58.93
ORD-1870,2026-04-21,2026,Q2,4,April,2026-04,Tuesday,0,West,Retail Store,Returning,Computers,Desktop Mini,Premium,Ben Ho,2,1620.0,0.1,Medium (6-10%),3240.0,324.0,2916.0
ORD-1871,2026-08-03,2026,Q3,8,August,2026-08,Monday,0,West,Retail Store,New,Monitors,Portable Monitor,Mid-range,Sofia Tan,2,630.0,0.1,Medium (6-10%),1260.0,126.0,1134.0
ORD-1872,2026-03-16,2026,Q1,3,March,2026-03,Monday,0,Central,Online,New,Computers,Laptop Air 13,Premium,Chloe Lim,2,2340.0,0.0,No discount,4680.0,0.0,4680.0
ORD-1873,2026-08-01,2026,Q3,8,August,2026-08,Saturday,1,East,Corporate Sales,Returning,Storage,External HDD 2TB,Mid-range,Nora Chen,9,273.6,0.05,Low (1-5%),2462.4,123.12,2339.28
ORD-1874,2026-01-02,2026,Q1,1,January,2026-01,Friday,0,West,Corporate Sales,New,Computers,Laptop Pro 14,Premium,Sofia Tan,2,2880.0,0.08,Medium (6-10%),5760.0,460.8,5299.2
ORD-1875,2026-01-10,2026,Q1,1,January,2026-01,Saturday,1,Central,Online,Returning,Computers,Laptop Pro 14,Premium,Hafiz Rahman,2,2880.0,0.1,Medium (6-10%),5760.0,576.0,5184.0
ORD-1876,2026-10-11,2026,Q4,10,October,2026-10,Sunday,1,South,Online,New,Storage,External SSD 1TB,Mid-range,Farah Ali,6,384.75,0.03,Low (1-5%),2308.5,69.25,2239.25
ORD-1877,2026-02-27,2026,Q1,2,February,2026-02,Friday,0,South,Online,New,Accessories,USB-C Hub,Budget,Jason Lee,3,49.5,0.03,Low (1-5%),148.5,4.45,144.05
ORD-1878,2026-06-29,2026,Q2,6,June,2026-06,Monday,0,West,Marketplace,Returning,Networking,Mesh Wi-Fi Set,Mid-range,Sofia Tan,8,654.75,0.05,Low (1-5%),5238.0,261.9,4976.1
ORD-1879,2026-04-08,2026,Q2,4,April,2026-04,Wednesday,0,South,Marketplace,New,Accessories,Keyboard,Budget,Raj Kumar,3,58.5,0.05,Low (1-5%),175.5,8.77,166.73
ORD-1880,2026-05-09,2026,Q2,5,May,2026-05,Saturday,1,Central,Corporate Sales,Returning,Computers,Laptop Pro 14,Premium,Hafiz Rahman,4,2880.0,0.1,Medium (6-10%),11520.0,1152.0,10368.0
ORD-1881,2026-11-23,2026,Q4,11,November,2026-11,Monday,0,Central,Corporate Sales,Returning,Networking,Mesh Wi-Fi Set,Mid-range,Hafiz Rahman,5,688.5,0.08,Medium (6-10%),3442.5,275.4,3167.1
ORD-1882,2026-04-11,2026,Q2,4,April,2026-04,Saturday,1,East,Marketplace,New,Accessories,Keyboard,Budget,Amir Hassan,5,58.5,0.05,Low (1-5%),292.5,14.62,277.88
ORD-1883,2026-06-23,2026,Q2,6,June,2026-06,Tuesday,0,Central,Retail Store,Returning,Accessories,Mouse Pad,Budget,Kevin Yap,3,13.5,0.08,Medium (6-10%),40.5,3.24,37.26
ORD-1884,2026-07-18,2026,Q3,7,July,2026-07,Saturday,1,East,Online,New,Storage,External HDD 2TB,Mid-range,Nora Chen,2,279.36,0.0,No discount,558.72,0.0,558.72
ORD-1885,2026-05-16,2026,Q2,5,May,2026-05,Saturday,1,Central,Marketplace,New,Accessories,Keyboard,Budget,Kevin Yap,3,58.5,0.15,High (>10%),175.5,26.32,149.18
ORD-1886,2026-12-30,2026,Q4,12,December,2026-12,Wednesday,0,East,Online,New,Storage,External SSD 1TB,Mid-range,Amir Hassan,3,405.0,0.0,No discount,1215.0,0.0,1215.0
ORD-1887,2026-05-23,2026,Q2,5,May,2026-05,Saturday,1,North,Retail Store,Returning,Monitors,27-inch Monitor,Mid-range,Mei Tan,2,726.75,0.0,No discount,1453.5,0.0,1453.5
ORD-1888,2026-02-19,2026,Q1,2,February,2026-02,Thursday,0,Central,Retail Store,Returning,Monitors,27-inch Monitor,Mid-range,Hafiz Rahman,2,765.0,0.08,Medium (6-10%),1530.0,122.4,1407.6
ORD-1889,2026-10-23,2026,Q4,10,October,2026-10,Friday,0,North,Online,New,Storage,External HDD 2TB,Mid-range,Daniel Wong,2,288.0,0.1,Medium (6-10%),576.0,57.6,518.4
ORD-1890,2026-12-15,2026,Q4,12,December,2026-12,Tuesday,0,East,Marketplace,Returning,Monitors,27-inch Monitor,Mid-range,Nora Chen,5,795.6,0.05,Low (1-5%),3978.0,198.9,3779.1
ORD-1891,2026-07-31,2026,Q3,7,July,2026-07,Friday,0,North,Online,Returning,Accessories,Keyboard,Budget,Aisha Lim,6,56.75,0.05,Low (1-5%),340.5,17.05,323.45
ORD-1892,2026-09-13,2026,Q3,9,September,2026-09,Sunday,1,Central,Online,Returning,Storage,External HDD 2TB,Mid-range,Kevin Yap,2,288.0,0.0,No discount,576.0,0.0,576.0
ORD-1893,2026-11-10,2026,Q4,11,November,2026-11,Tuesday,0,North,Online,Returning,Accessories,Webcam,Budget,Daniel Wong,5,68.4,0.03,Low (1-5%),342.0,10.26,331.74
ORD-1894,2026-03-30,2026,Q1,3,March,2026-03,Monday,0,North,Online,Returning,Monitors,Portable Monitor,Mid-range,Aisha Lim,2,598.5,0.0,No discount,1197.0,0.0,1197.0
ORD-1895,2026-12-01,2026,Q4,12,December,2026-12,Tuesday,0,West,Marketplace,Returning,Accessories,USB-C Hub,Budget,Sofia Tan,8,50.49,0.1,Medium (6-10%),403.92,40.39,363.53
ORD-1896,2026-05-29,2026,Q2,5,May,2026-05,Friday,0,West,Online,Returning,Accessories,Webcam,Budget,Sofia Tan,3,74.88,0.15,High (>10%),224.64,33.7,190.94
ORD-1897,2026-05-04,2026,Q2,5,May,2026-05,Monday,0,West,Online,Returning,Networking,Mesh Wi-Fi Set,Mid-range,Priya Shah,6,675.0,0.08,Medium (6-10%),4050.0,324.0,3726.0
ORD-1898,2026-03-31,2026,Q1,3,March,2026-03,Tuesday,0,East,Marketplace,Returning,Monitors,Ultrawide Monitor,Premium,Amir Hassan,4,1431.0,0.05,Low (1-5%),5724.0,286.2,5437.8
ORD-1899,2026-08-31,2026,Q3,8,August,2026-08,Monday,0,East,Marketplace,Returning,Computers,Laptop Air 13,Premium,Amir Hassan,4,2182.5,0.08,Medium (6-10%),8730.0,698.4,8031.6
ORD-1900,2026-01-02,2026,Q1,1,January,2026-01,Friday,0,North,Marketplace,Returning,Networking,Wi-Fi Router,Mid-range,Aisha Lim,2,267.12,0.05,Low (1-5%),534.24,26.71,507.53
ORD-1901,2026-09-03,2026,Q3,9,September,2026-09,Thursday,0,East,Online,New,Storage,Memory Card 256GB,Budget,Amir Hassan,9,81.0,0.2,High (>10%),729.0,145.8,583.2
ORD-1902,2026-05-09,2026,Q2,5,May,2026-05,Saturday,1,Central,Marketplace,Returning,Computers,Desktop Mini,Premium,Kevin Yap,2,1684.8,0.08,Medium (6-10%),3369.6,269.57,3100.03
ORD-1903,2026-12-02,2026,Q4,12,December,2026-12,Wednesday,0,East,Retail Store,New,Accessories,USB-C Hub,Budget,Grace Ng,3,52.47,0.1,Medium (6-10%),157.41,15.74,141.67
ORD-1904,2026-01-21,2026,Q1,1,January,2026-01,Wednesday,0,North,Corporate Sales,Returning,Monitors,27-inch Monitor,Mid-range,Aisha Lim,2,742.05,0.03,Low (1-5%),1484.1,44.52,1439.58
ORD-1905,2026-08-11,2026,Q3,8,August,2026-08,Tuesday,0,South,Retail Store,New,Monitors,Portable Monitor,Mid-range,Farah Ali,2,611.1,0.1,Medium (6-10%),1222.2,122.22,1099.98
ORD-1906,2026-07-10,2026,Q3,7,July,2026-07,Friday,0,South,Online,New,Storage,External HDD 2TB,Mid-range,Jason Lee,2,305.28,0.05,Low (1-5%),610.56,30.53,580.03
ORD-1907,2026-03-16,2026,Q1,3,March,2026-03,Monday,0,North,Online,Returning,Networking,Network Switch,Mid-range,Aisha Lim,7,153.9,0.05,Low (1-5%),1077.3,53.86,1023.44
ORD-1908,2026-07-12,2026,Q3,7,July,2026-07,Sunday,1,North,Marketplace,Returning,Storage,USB Drive 128GB,Budget,Mei Tan,4,54.0,0.03,Low (1-5%),216.0,6.48,209.52
ORD-1909,2026-03-04,2026,Q1,3,March,2026-03,Wednesday,0,South,Corporate Sales,Returning,Monitors,Ultrawide Monitor,Premium,Farah Ali,4,1350.0,0.0,No discount,5400.0,0.0,5400.0
ORD-1910,2026-05-25,2026,Q2,5,May,2026-05,Monday,0,South,Online,Returning,Monitors,27-inch Monitor,Mid-range,Farah Ali,2,795.6,0.08,Medium (6-10%),1591.2,127.3,1463.9
ORD-1911,2026-11-18,2026,Q4,11,November,2026-11,Wednesday,0,Central,Retail Store,New,Storage,External HDD 2TB,Mid-range,Kevin Yap,4,293.76,0.15,High (>10%),1175.04,176.26,998.78
ORD-1912,2026-10-24,2026,Q4,10,October,2026-10,Saturday,1,West,Online,Returning,Networking,Network Switch,Mid-range,Ben Ho,2,165.24,0.2,High (>10%),330.48,66.1,264.38
ORD-1913,2026-04-24,2026,Q2,4,April,2026-04,Friday,0,North,Retail Store,Returning,Accessories,USB-C Hub,Budget,Mei Tan,2,48.02,0.1,Medium (6-10%),96.04,9.61,86.43
ORD-1914,2026-06-18,2026,Q2,6,June,2026-06,Thursday,0,West,Retail Store,New,Accessories,Keyboard,Budget,Ben Ho,3,55.58,0.08,Medium (6-10%),166.74,13.35,153.39
ORD-1915,2026-11-17,2026,Q4,11,November,2026-11,Tuesday,0,Central,Online,Returning,Networking,Network Switch,Mid-range,Hafiz Rahman,3,168.48,0.15,High (>10%),505.44,75.82,429.62
ORD-1916,2026-07-25,2026,Q3,7,July,2026-07,Saturday,1,South,Marketplace,Returning,Computers,All-in-One PC,Premium,Jason Lee,2,2700.0,0.05,Low (1-5%),5400.0,270.0,5130.0
ORD-1917,2026-09-14,2026,Q3,9,September,2026-09,Monday,0,West,Corporate Sales,Returning,Networking,Wi-Fi Router,Mid-range,Priya Shah,11,244.44,0.0,No discount,2688.84,0.0,2688.84
ORD-1918,2026-01-30,2026,Q1,1,January,2026-01,Friday,0,South,Retail Store,Returning,Networking,Wi-Fi Router,Mid-range,Jason Lee,4,267.12,0.1,Medium (6-10%),1068.48,106.85,961.63
ORD-1919,2026-04-14,2026,Q2,4,April,2026-04,Tuesday,0,North,Corporate Sales,Returning,Computers,Gaming Laptop,Premium,Aisha Lim,2,3666.6,0.1,Medium (6-10%),7333.2,733.32,6599.88
ORD-1920,2026-06-27,2026,Q2,6,June,2026-06,Saturday,1,West,Corporate Sales,Returning,Networking,Mesh Wi-Fi Set,Mid-range,Ben Ho,6,675.0,0.1,Medium (6-10%),4050.0,405.0,3645.0
ORD-1921,2026-11-26,2026,Q4,11,November,2026-11,Thursday,0,Central,Corporate Sales,New,Networking,Wi-Fi Router,Mid-range,Kevin Yap,3,239.4,0.15,High (>10%),718.2,107.73,610.47
ORD-1922,2026-11-20,2026,Q4,11,November,2026-11,Friday,0,South,Online,Returning,Computers,All-in-One PC,Premium,Raj Kumar,2,2808.0,0.1,Medium (6-10%),5616.0,561.6,5054.4
ORD-1923,2026-11-19,2026,Q4,11,November,2026-11,Thursday,0,East,Marketplace,Returning,Storage,Memory Card 256GB,Budget,Nora Chen,4,82.62,0.08,Medium (6-10%),330.48,26.44,304.04
ORD-1924,2026-05-09,2026,Q2,5,May,2026-05,Saturday,1,East,Retail Store,Returning,Office Supplies,Desk Organizer,Budget,Nora Chen,8,31.5,0.03,Low (1-5%),252.0,7.56,244.44
ORD-1925,2026-01-01,2026,Q1,1,January,2026-01,Thursday,0,West,Retail Store,New,Storage,External SSD 1TB,Mid-range,Ben Ho,2,421.2,0.08,Medium (6-10%),842.4,67.39,775.01
ORD-1926,2026-09-25,2026,Q3,9,September,2026-09,Friday,0,South,Online,Returning,Accessories,Webcam,Budget,Farah Ali,5,72.0,0.1,Medium (6-10%),360.0,36.0,324.0
ORD-1927,2026-10-22,2026,Q4,10,October,2026-10,Thursday,0,North,Online,New,Accessories,Webcam,Budget,Mei Tan,2,69.84,0.15,High (>10%),139.68,20.95,118.73
ORD-1928,2026-10-02,2026,Q4,10,October,2026-10,Friday,0,South,Online,New,Office Supplies,Pen Pack,Budget,Farah Ali,2,11.23,0.08,Medium (6-10%),22.46,1.79,20.67
ORD-1929,2026-01-31,2026,Q1,1,January,2026-01,Saturday,1,West,Online,Returning,Office Supplies,Printer Paper,Budget,Sofia Tan,2,16.2,0.0,No discount,32.4,0.0,32.4
ORD-1930,2026-09-21,2026,Q3,9,September,2026-09,Monday,0,East,Online,Returning,Networking,Network Switch,Mid-range,Nora Chen,2,153.9,0.1,Medium (6-10%),307.8,30.78,277.02
ORD-1931,2026-01-03,2026,Q1,1,January,2026-01,Saturday,1,East,Retail Store,Returning,Accessories,Laptop Stand,Budget,Nora Chen,7,33.17,0.0,No discount,232.19,-0.03,232.22
ORD-1932,2026-03-24,2026,Q1,3,March,2026-03,Tuesday,0,West,Online,New,Accessories,Wireless Mouse,Budget,Ben Ho,5,41.31,0.05,Low (1-5%),206.55,10.33,196.22
ORD-1933,2026-10-16,2026,Q4,10,October,2026-10,Friday,0,East,Marketplace,Returning,Accessories,Keyboard,Budget,Grace Ng,8,58.5,0.0,No discount,468.0,0.0,468.0
ORD-1934,2026-05-26,2026,Q2,5,May,2026-05,Tuesday,0,North,Corporate Sales,Returning,Monitors,Ultrawide Monitor,Premium,Aisha Lim,3,1377.0,0.08,Medium (6-10%),4131.0,330.48,3800.52
ORD-1935,2026-12-03,2026,Q4,12,December,2026-12,Thursday,0,South,Retail Store,New,Accessories,Wireless Mouse,Budget,Jason Lee,4,40.5,0.03,Low (1-5%),162.0,4.86,157.14
ORD-1936,2026-12-17,2026,Q4,12,December,2026-12,Thursday,0,South,Online,New,Computers,Laptop Air 13,Premium,Farah Ali,2,2295.0,0.05,Low (1-5%),4590.0,229.5,4360.5
ORD-1937,2026-05-25,2026,Q2,5,May,2026-05,Monday,0,South,Online,Returning,Storage,External HDD 2TB,Mid-range,Raj Kumar,4,305.28,0.03,Low (1-5%),1221.12,36.63,1184.49
ORD-1938,2026-08-13,2026,Q3,8,August,2026-08,Thursday,0,South,Online,New,Monitors,24-inch Monitor,Mid-range,Farah Ali,3,542.88,0.03,Low (1-5%),1628.64,48.86,1579.78
ORD-1939,2026-02-03,2026,Q1,2,February,2026-02,Tuesday,0,Central,Retail Store,Returning,Monitors,24-inch Monitor,Mid-range,Hafiz Rahman,2,553.32,0.03,Low (1-5%),1106.64,33.2,1073.44
ORD-1940,2026-01-04,2026,Q1,1,January,2026-01,Sunday,1,South,Corporate Sales,Returning,Networking,Network Switch,Mid-range,Raj Kumar,4,162.0,0.2,High (>10%),648.0,129.6,518.4
ORD-1941,2026-11-30,2026,Q4,11,November,2026-11,Monday,0,East,Online,New,Monitors,Portable Monitor,Mid-range,Amir Hassan,2,630.0,0.15,High (>10%),1260.0,189.0,1071.0
ORD-1942,2026-02-25,2026,Q1,2,February,2026-02,Wednesday,0,South,Retail Store,Returning,Storage,Memory Card 256GB,Budget,Raj Kumar,6,85.86,0.2,High (>10%),515.16,103.03,412.13
ORD-1943,2026-11-20,2026,Q4,11,November,2026-11,Friday,0,North,Online,Returning,Accessories,Laptop Stand,Budget,Daniel Wong,2,35.57,0.03,Low (1-5%),71.14,2.14,69.0
ORD-1944,2026-12-11,2026,Q4,12,December,2026-12,Friday,0,Central,Retail Store,New,Storage,External SSD 1TB,Mid-range,Chloe Lim,7,405.0,0.0,No discount,2835.0,0.0,2835.0
ORD-1945,2026-03-12,2026,Q1,3,March,2026-03,Thursday,0,South,Corporate Sales,Returning,Computers,Laptop Air 13,Premium,Farah Ali,2,2250.0,0.03,Low (1-5%),4500.0,135.0,4365.0
ORD-1946,2026-11-25,2026,Q4,11,November,2026-11,Wednesday,0,East,Marketplace,Returning,Storage,External SSD 1TB,Mid-range,Amir Hassan,4,405.0,0.1,Medium (6-10%),1620.0,162.0,1458.0
ORD-1947,2026-05-24,2026,Q2,5,May,2026-05,Sunday,1,East,Online,Returning,Storage,USB Drive 128GB,Budget,Nora Chen,4,54.0,0.1,Medium (6-10%),216.0,21.6,194.4
ORD-1948,2026-03-09,2026,Q1,3,March,2026-03,Monday,0,Central,Online,New,Accessories,USB-C Hub,Budget,Kevin Yap,3,49.5,0.03,Low (1-5%),148.5,4.45,144.05
ORD-1949,2026-10-17,2026,Q4,10,October,2026-10,Saturday,1,Central,Corporate Sales,New,Monitors,27-inch Monitor,Mid-range,Hafiz Rahman,5,742.05,0.03,Low (1-5%),3710.25,111.31,3598.94
ORD-1950,2026-06-15,2026,Q2,6,June,2026-06,Monday,0,Central,Retail Store,Returning,Accessories,Laptop Stand,Budget,Kevin Yap,2,35.57,0.05,Low (1-5%),71.14,3.56,67.58
ORD-1951,2026-05-09,2026,Q2,5,May,2026-05,Saturday,1,East,Online,New,Accessories,USB-C Hub,Budget,Grace Ng,3,49.5,0.05,Low (1-5%),148.5,7.42,141.08
ORD-1952,2026-09-06,2026,Q3,9,September,2026-09,Sunday,1,North,Retail Store,New,Accessories,USB-C Hub,Budget,Aisha Lim,4,51.48,0.0,No discount,205.92,0.0,205.92
ORD-1953,2026-02-05,2026,Q1,2,February,2026-02,Thursday,0,West,Corporate Sales,Returning,Computers,Gaming Laptop,Premium,Ben Ho,2,3780.0,0.08,Medium (6-10%),7560.0,604.8,6955.2
ORD-1954,2026-04-07,2026,Q2,4,April,2026-04,Tuesday,0,West,Corporate Sales,Returning,Computers,Laptop Pro 14,Premium,Priya Shah,2,2736.0,0.03,Low (1-5%),5472.0,164.16,5307.84
ORD-1955,2026-08-02,2026,Q3,8,August,2026-08,Sunday,1,Central,Corporate Sales,Returning,Monitors,27-inch Monitor,Mid-range,Chloe Lim,2,765.0,0.03,Low (1-5%),1530.0,45.9,1484.1
ORD-1956,2026-10-05,2026,Q4,10,October,2026-10,Monday,0,West,Online,New,Accessories,Mouse Pad,Budget,Priya Shah,5,14.31,0.1,Medium (6-10%),71.55,7.15,64.4
ORD-1957,2026-11-04,2026,Q4,11,November,2026-11,Wednesday,0,West,Online,New,Monitors,24-inch Monitor,Mid-range,Ben Ho,2,553.32,0.0,No discount,1106.64,0.0,1106.64
ORD-1958,2026-06-11,2026,Q2,6,June,2026-06,Thursday,0,West,Marketplace,Returning,Networking,Wi-Fi Router,Mid-range,Sofia Tan,6,267.12,0.08,Medium (6-10%),1602.72,128.22,1474.5
ORD-1959,2026-11-19,2026,Q4,11,November,2026-11,Thursday,0,West,Online,New,Monitors,27-inch Monitor,Mid-range,Ben Ho,2,742.05,0.15,High (>10%),1484.1,222.61,1261.49
ORD-1960,2026-06-24,2026,Q2,6,June,2026-06,Wednesday,0,South,Retail Store,Returning,Computers,Gaming Laptop,Premium,Farah Ali,3,3591.0,0.05,Low (1-5%),10773.0,538.65,10234.35
ORD-1961,2026-11-25,2026,Q4,11,November,2026-11,Wednesday,0,West,Marketplace,Returning,Monitors,Ultrawide Monitor,Premium,Sofia Tan,2,1282.5,0.08,Medium (6-10%),2565.0,205.2,2359.8
ORD-1962,2026-05-09,2026,Q2,5,May,2026-05,Saturday,1,South,Online,Returning,Storage,Memory Card 256GB,Budget,Farah Ali,2,82.62,0.0,No discount,165.24,0.0,165.24
ORD-1963,2026-09-09,2026,Q3,9,September,2026-09,Wednesday,0,Central,Corporate Sales,Returning,Monitors,27-inch Monitor,Mid-range,Hafiz Rahman,5,765.0,0.05,Low (1-5%),3825.0,191.25,3633.75
ORD-1964,2026-06-14,2026,Q2,6,June,2026-06,Sunday,1,Central,Online,New,Monitors,Ultrawide Monitor,Premium,Hafiz Rahman,2,1309.5,0.08,Medium (6-10%),2619.0,209.52,2409.48
ORD-1965,2026-01-04,2026,Q1,1,January,2026-01,Sunday,1,East,Corporate Sales,Returning,Computers,Desktop Mini,Premium,Amir Hassan,2,1620.0,0.05,Low (1-5%),3240.0,162.0,3078.0
ORD-1966,2026-02-01,2026,Q1,2,February,2026-02,Sunday,1,North,Marketplace,New,Monitors,24-inch Monitor,Mid-range,Mei Tan,2,542.88,0.15,High (>10%),1085.76,162.86,922.9
ORD-1967,2026-12-04,2026,Q4,12,December,2026-12,Friday,0,Central,Corporate Sales,Returning,Networking,Mesh Wi-Fi Set,Mid-range,Kevin Yap,10,654.75,0.03,Low (1-5%),6547.5,196.42,6351.08
ORD-1968,2026-03-19,2026,Q1,3,March,2026-03,Thursday,0,Central,Online,New,Networking,Mesh Wi-Fi Set,Mid-range,Chloe Lim,3,702.0,0.15,High (>10%),2106.0,315.9,1790.1
ORD-1969,2026-11-30,2026,Q4,11,November,2026-11,Monday,0,South,Online,Returning,Storage,USB Drive 128GB,Budget,Raj Kumar,5,54.0,0.05,Low (1-5%),270.0,13.5,256.5
ORD-1970,2026-07-06,2026,Q3,7,July,2026-07,Monday,0,South,Online,Returning,Storage,External HDD 2TB,Mid-range,Raj Kumar,5,299.52,0.15,High (>10%),1497.6,224.64,1272.96
ORD-1971,2026-02-15,2026,Q1,2,February,2026-02,Sunday,1,West,Retail Store,Returning,Computers,Desktop Mini,Premium,Ben Ho,2,1684.8,0.2,High (>10%),3369.6,673.92,2695.68
ORD-1972,2026-01-18,2026,Q1,1,January,2026-01,Sunday,1,North,Corporate Sales,New,Computers,Desktop Mini,Premium,Daniel Wong,2,1620.0,0.05,Low (1-5%),3240.0,162.0,3078.0
ORD-1973,2026-07-19,2026,Q3,7,July,2026-07,Sunday,1,Central,Online,Returning,Accessories,Mouse Pad,Budget,Kevin Yap,3,12.83,0.1,Medium (6-10%),38.49,3.86,34.63
ORD-1974,2026-02-06,2026,Q1,2,February,2026-02,Friday,0,North,Online,Returning,Accessories,Webcam,Budget,Daniel Wong,6,69.84,0.1,Medium (6-10%),419.04,41.9,377.14
ORD-1975,2026-02-05,2026,Q1,2,February,2026-02,Thursday,0,North,Retail Store,Returning,Storage,External HDD 2TB,Mid-range,Mei Tan,4,288.0,0.2,High (>10%),1152.0,230.4,921.6
ORD-1976,2026-03-22,2026,Q1,3,March,2026-03,Sunday,1,West,Online,Returning,Storage,External SSD 1TB,Mid-range,Sofia Tan,4,429.3,0.03,Low (1-5%),1717.2,51.52,1665.68
ORD-1977,2026-01-20,2026,Q1,1,January,2026-01,Tuesday,0,Central,Retail Store,New,Accessories,Wireless Mouse,Budget,Hafiz Rahman,3,42.93,0.15,High (>10%),128.79,19.32,109.47
ORD-1978,2026-06-06,2026,Q2,6,June,2026-06,Saturday,1,Central,Marketplace,Returning,Office Supplies,Printer Paper,Budget,Chloe Lim,3,15.71,0.1,Medium (6-10%),47.13,4.7,42.43
ORD-1979,2026-03-24,2026,Q1,3,March,2026-03,Tuesday,0,West,Online,Returning,Monitors,Portable Monitor,Mid-range,Priya Shah,2,667.8,0.08,Medium (6-10%),1335.6,106.85,1228.75
ORD-1980,2026-07-22,2026,Q3,7,July,2026-07,Wednesday,0,South,Retail Store,Returning,Monitors,Portable Monitor,Mid-range,Jason Lee,2,630.0,0.05,Low (1-5%),1260.0,63.0,1197.0
ORD-1981,2026-06-19,2026,Q2,6,June,2026-06,Friday,0,South,Corporate Sales,Returning,Monitors,24-inch Monitor,Mid-range,Jason Lee,5,532.44,0.08,Medium (6-10%),2662.2,212.98,2449.22
ORD-1982,2026-01-06,2026,Q1,1,January,2026-01,Tuesday,0,Central,Online,Returning,Monitors,Ultrawide Monitor,Premium,Chloe Lim,3,1404.0,0.03,Low (1-5%),4212.0,126.36,4085.64
ORD-1983,2026-05-24,2026,Q2,5,May,2026-05,Sunday,1,East,Retail Store,Returning,Accessories,Mouse Pad,Budget,Grace Ng,7,13.5,0.0,No discount,94.5,0.0,94.5
ORD-1984,2026-07-31,2026,Q3,7,July,2026-07,Friday,0,East,Corporate Sales,Returning,Networking,Ethernet Cable,Budget,Grace Ng,10,18.0,0.08,Medium (6-10%),180.0,14.4,165.6
ORD-1985,2026-05-20,2026,Q2,5,May,2026-05,Wednesday,0,Central,Online,New,Storage,External HDD 2TB,Mid-range,Kevin Yap,4,279.36,0.05,Low (1-5%),1117.44,55.87,1061.57
ORD-1986,2026-06-25,2026,Q2,6,June,2026-06,Thursday,0,North,Corporate Sales,Returning,Office Supplies,Notebook Set,Budget,Aisha Lim,10,22.5,0.08,Medium (6-10%),225.0,18.0,207.0
ORD-1987,2026-02-12,2026,Q1,2,February,2026-02,Thursday,0,East,Online,Returning,Accessories,Laptop Stand,Budget,Grace Ng,7,32.49,0.05,Low (1-5%),227.43,11.37,216.06
ORD-1988,2026-05-06,2026,Q2,5,May,2026-05,Wednesday,0,Central,Retail Store,New,Computers,Gaming Laptop,Premium,Hafiz Rahman,2,3780.0,0.15,High (>10%),7560.0,1134.0,6426.0
ORD-1989,2026-11-26,2026,Q4,11,November,2026-11,Thursday,0,Central,Online,New,Networking,Wi-Fi Router,Mid-range,Chloe Lim,2,252.0,0.03,Low (1-5%),504.0,15.12,488.88
ORD-1990,2026-05-14,2026,Q2,5,May,2026-05,Thursday,0,East,Marketplace,New,Storage,Memory Card 256GB,Budget,Amir Hassan,6,81.0,0.08,Medium (6-10%),486.0,38.88,447.12
ORD-1991,2026-12-07,2026,Q4,12,December,2026-12,Monday,0,East,Retail Store,New,Accessories,USB-C Hub,Budget,Nora Chen,6,51.48,0.05,Low (1-5%),308.88,15.44,293.44
ORD-1992,2026-10-10,2026,Q4,10,October,2026-10,Saturday,1,North,Retail Store,New,Monitors,24-inch Monitor,Mid-range,Aisha Lim,4,522.0,0.03,Low (1-5%),2088.0,62.64,2025.36
ORD-1993,2026-12-06,2026,Q4,12,December,2026-12,Sunday,1,North,Marketplace,Returning,Accessories,Webcam,Budget,Daniel Wong,6,72.0,0.2,High (>10%),432.0,86.4,345.6
ORD-1994,2026-05-20,2026,Q2,5,May,2026-05,Wednesday,0,North,Corporate Sales,New,Monitors,Ultrawide Monitor,Premium,Mei Tan,2,1282.5,0.05,Low (1-5%),2565.0,128.25,2436.75
ORD-1995,2026-05-25,2026,Q2,5,May,2026-05,Monday,0,North,Online,Returning,Computers,Laptop Pro 14,Premium,Daniel Wong,2,2880.0,0.1,Medium (6-10%),5760.0,576.0,5184.0
ORD-1996,2026-11-23,2026,Q4,11,November,2026-11,Monday,0,Central,Marketplace,New,Accessories,USB-C Hub,Budget,Chloe Lim,7,48.02,0.08,Medium (6-10%),336.14,26.92,309.22
ORD-1997,2026-02-04,2026,Q1,2,February,2026-02,Wednesday,0,North,Retail Store,New,Computers,Gaming Laptop,Premium,Mei Tan,3,3780.0,0.1,Medium (6-10%),11340.0,1134.0,10206.0
ORD-1998,2026-02-01,2026,Q1,2,February,2026-02,Sunday,1,North,Corporate Sales,New,Monitors,Portable Monitor,Mid-range,Aisha Lim,3,598.5,0.0,No discount,1795.5,0.0,1795.5
ORD-1999,2026-09-14,2026,Q3,9,September,2026-09,Monday,0,West,Retail Store,New,Accessories,Webcam,Budget,Sofia Tan,3,73.44,0.03,Low (1-5%),220.32,6.61,213.71
ORD-2000,2026-03-04,2026,Q1,3,March,2026-03,Wednesday,0,East,Online,Returning,Office Supplies,Sticky Notes,Budget,Grace Ng,9,6.84,0.0,No discount,61.56,0.0,61.56
ORD-2001,2026-02-04,2026,Q1,2,February,2026-02,Wednesday,0,North,Online,New,Accessories,Laptop Stand,Budget,Aisha Lim,9,34.2,0.0,No discount,307.8,0.0,307.8
ORD-2002,2026-04-06,2026,Q2,4,April,2026-04,Monday,0,West,Online,Returning,Accessories,Mouse Pad,Budget,Ben Ho,7,13.77,0.15,High (>10%),96.39,14.46,81.93
ORD-2003,2026-12-09,2026,Q4,12,December,2026-12,Wednesday,0,Central,Online,Returning,Monitors,Ultrawide Monitor,Premium,Chloe Lim,3,1377.0,0.05,Low (1-5%),4131.0,206.55,3924.45
ORD-2004,2026-05-14,2026,Q2,5,May,2026-05,Thursday,0,West,Retail Store,New,Accessories,Keyboard,Budget,Sofia Tan,3,58.5,0.05,Low (1-5%),175.5,8.77,166.73
ORD-2005,2026-05-27,2026,Q2,5,May,2026-05,Wednesday,0,Central,Online,New,Monitors,Portable Monitor,Mid-range,Hafiz Rahman,2,611.1,0.1,Medium (6-10%),1222.2,122.22,1099.98
ORD-2006,2026-04-13,2026,Q2,4,April,2026-04,Monday,0,South,Marketplace,New,Office Supplies,Printer Paper,Budget,Farah Ali,2,17.17,0.05,Low (1-5%),34.34,1.71,32.63
ORD-2007,2026-07-01,2026,Q3,7,July,2026-07,Wednesday,0,South,Corporate Sales,Returning,Storage,External SSD 1TB,Mid-range,Farah Ali,14,413.1,0.15,High (>10%),5783.4,867.51,4915.89
ORD-2008,2026-12-30,2026,Q4,12,December,2026-12,Wednesday,0,South,Corporate Sales,New,Accessories,Mouse Pad,Budget,Jason Lee,12,14.04,0.15,High (>10%),168.48,25.27,143.21
ORD-2009,2026-10-26,2026,Q4,10,October,2026-10,Monday,0,North,Retail Store,Returning,Storage,Memory Card 256GB,Budget,Daniel Wong,4,84.24,0.05,Low (1-5%),336.96,16.85,320.11
ORD-2010,2026-04-13,2026,Q2,4,April,2026-04,Monday,0,East,Marketplace,New,Office Supplies,Desk Organizer,Budget,Grace Ng,2,31.5,0.05,Low (1-5%),63.0,3.15,59.85
ORD-2011,2026-04-19,2026,Q2,4,April,2026-04,Sunday,1,South,Retail Store,Returning,Storage,External SSD 1TB,Mid-range,Farah Ali,3,392.85,0.08,Medium (6-10%),1178.55,94.28,1084.27
ORD-2012,2026-11-15,2026,Q4,11,November,2026-11,Sunday,1,East,Retail Store,Returning,Networking,Network Switch,Mid-range,Nora Chen,3,162.0,0.1,Medium (6-10%),486.0,48.6,437.4
ORD-2013,2026-04-20,2026,Q2,4,April,2026-04,Monday,0,East,Marketplace,Returning,Accessories,Laptop Stand,Budget,Grace Ng,6,34.2,0.03,Low (1-5%),205.2,6.16,199.04
ORD-2014,2026-03-28,2026,Q1,3,March,2026-03,Saturday,1,East,Online,New,Accessories,Mouse Pad,Budget,Grace Ng,4,14.31,0.0,No discount,57.24,0.0,57.24
ORD-2015,2026-03-31,2026,Q1,3,March,2026-03,Tuesday,0,West,Online,New,Storage,USB Drive 128GB,Budget,Sofia Tan,4,51.3,0.03,Low (1-5%),205.2,6.16,199.04
ORD-2016,2026-04-07,2026,Q2,4,April,2026-04,Tuesday,0,East,Online,New,Computers,Gaming Laptop,Premium,Nora Chen,2,3666.6,0.1,Medium (6-10%),7333.2,733.32,6599.88
ORD-2017,2026-01-20,2026,Q1,1,January,2026-01,Tuesday,0,Central,Online,Returning,Storage,Memory Card 256GB,Budget,Chloe Lim,4,81.0,0.0,No discount,324.0,0.0,324.0
ORD-2018,2026-05-04,2026,Q2,5,May,2026-05,Monday,0,Central,Online,Returning,Office Supplies,Sticky Notes,Budget,Kevin Yap,7,7.34,0.05,Low (1-5%),51.38,2.54,48.84
ORD-2019,2026-01-24,2026,Q1,1,January,2026-01,Saturday,1,North,Corporate Sales,Returning,Networking,Mesh Wi-Fi Set,Mid-range,Daniel Wong,8,702.0,0.03,Low (1-5%),5616.0,168.48,5447.52
ORD-2020,2026-11-20,2026,Q4,11,November,2026-11,Friday,0,East,Retail Store,Returning,Computers,All-in-One PC,Premium,Amir Hassan,4,2700.0,0.05,Low (1-5%),10800.0,540.0,10260.0
ORD-2021,2026-11-03,2026,Q4,11,November,2026-11,Tuesday,0,West,Online,New,Storage,Memory Card 256GB,Budget,Sofia Tan,2,82.62,0.05,Low (1-5%),165.24,8.26,156.98
ORD-2022,2026-12-21,2026,Q4,12,December,2026-12,Monday,0,East,Online,Returning,Accessories,Keyboard,Budget,Grace Ng,5,58.5,0.08,Medium (6-10%),292.5,23.4,269.1
ORD-2023,2026-09-20,2026,Q3,9,September,2026-09,Sunday,1,South,Online,New,Accessories,USB-C Hub,Budget,Raj Kumar,4,49.5,0.05,Low (1-5%),198.0,9.9,188.1
ORD-2024,2026-11-29,2026,Q4,11,November,2026-11,Sunday,1,East,Online,Returning,Storage,Memory Card 256GB,Budget,Amir Hassan,2,78.57,0.0,No discount,157.14,0.0,157.14
ORD-2025,2026-06-01,2026,Q2,6,June,2026-06,Monday,0,Central,Online,Returning,Networking,Network Switch,Mid-range,Chloe Lim,2,165.24,0.08,Medium (6-10%),330.48,26.44,304.04
ORD-2026,2026-04-09,2026,Q2,4,April,2026-04,Thursday,0,South,Marketplace,New,Storage,External SSD 1TB,Mid-range,Farah Ali,2,384.75,0.15,High (>10%),769.5,115.42,654.08
ORD-2027,2026-12-21,2026,Q4,12,December,2026-12,Monday,0,East,Marketplace,New,Monitors,27-inch Monitor,Mid-range,Grace Ng,3,765.0,0.1,Medium (6-10%),2295.0,229.5,2065.5
ORD-2028,2026-01-02,2026,Q1,1,January,2026-01,Friday,0,East,Online,Returning,Computers,Gaming Laptop,Premium,Nora Chen,2,3780.0,0.08,Medium (6-10%),7560.0,604.8,6955.2
ORD-2029,2026-04-16,2026,Q2,4,April,2026-04,Thursday,0,South,Retail Store,Returning,Monitors,Portable Monitor,Mid-range,Raj Kumar,2,630.0,0.03,Low (1-5%),1260.0,37.8,1222.2
ORD-2030,2026-02-12,2026,Q1,2,February,2026-02,Thursday,0,Central,Corporate Sales,Returning,Computers,All-in-One PC,Premium,Chloe Lim,2,2700.0,0.1,Medium (6-10%),5400.0,540.0,4860.0
ORD-2031,2026-06-05,2026,Q2,6,June,2026-06,Friday,0,North,Online,Returning,Office Supplies,Desk Organizer,Budget,Mei Tan,9,31.5,0.1,Medium (6-10%),283.5,28.35,255.15
ORD-2032,2026-05-09,2026,Q2,5,May,2026-05,Saturday,1,North,Retail Store,Returning,Accessories,Webcam,Budget,Mei Tan,8,68.4,0.05,Low (1-5%),547.2,27.36,519.84
ORD-2033,2026-01-27,2026,Q1,1,January,2026-01,Tuesday,0,Central,Online,New,Networking,Network Switch,Mid-range,Hafiz Rahman,4,171.72,0.1,Medium (6-10%),686.88,68.69,618.19
ORD-2034,2026-12-23,2026,Q4,12,December,2026-12,Wednesday,0,West,Marketplace,Returning,Computers,Desktop Mini,Premium,Priya Shah,3,1571.4,0.2,High (>10%),4714.2,942.84,3771.36
ORD-2035,2026-12-09,2026,Q4,12,December,2026-12,Wednesday,0,Central,Corporate Sales,New,Accessories,Keyboard,Budget,Kevin Yap,6,59.67,0.08,Medium (6-10%),358.02,28.64,329.38
ORD-2036,2026-03-09,2026,Q1,3,March,2026-03,Monday,0,West,Online,Returning,Computers,All-in-One PC,Premium,Priya Shah,2,2754.0,0.05,Low (1-5%),5508.0,275.4,5232.6
ORD-2037,2026-01-21,2026,Q1,1,January,2026-01,Wednesday,0,West,Online,Returning,Office Supplies,Pen Pack,Budget,Sofia Tan,3,10.8,0.0,No discount,32.4,0.0,32.4
ORD-2038,2026-10-10,2026,Q4,10,October,2026-10,Saturday,1,North,Retail Store,New,Monitors,27-inch Monitor,Mid-range,Daniel Wong,2,726.75,0.05,Low (1-5%),1453.5,72.67,1380.83
ORD-2039,2026-06-03,2026,Q2,6,June,2026-06,Wednesday,0,North,Corporate Sales,Returning,Storage,External HDD 2TB,Mid-range,Mei Tan,8,293.76,0.1,Medium (6-10%),2350.08,235.01,2115.07
ORD-2040,2026-11-27,2026,Q4,11,November,2026-11,Friday,0,North,Online,Returning,Storage,Memory Card 256GB,Budget,Mei Tan,4,82.62,0.05,Low (1-5%),330.48,16.52,313.96
ORD-2041,2026-02-25,2026,Q1,2,February,2026-02,Wednesday,0,West,Retail Store,Returning,Computers,Gaming Laptop,Premium,Priya Shah,2,3666.6,0.2,High (>10%),7333.2,1466.64,5866.56
ORD-2042,2026-02-23,2026,Q1,2,February,2026-02,Monday,0,South,Online,Returning,Office Supplies,Printer Paper,Budget,Farah Ali,5,16.85,0.0,No discount,84.25,0.01,84.24
ORD-2043,2026-07-29,2026,Q3,7,July,2026-07,Wednesday,0,Central,Retail Store,Returning,Computers,Desktop Mini,Premium,Hafiz Rahman,2,1684.8,0.05,Low (1-5%),3369.6,168.48,3201.12
ORD-2044,2026-02-04,2026,Q1,2,February,2026-02,Wednesday,0,South,Corporate Sales,New,Office Supplies,Desk Organizer,Budget,Raj Kumar,7,33.39,0.08,Medium (6-10%),233.73,18.7,215.03
ORD-2045,2026-07-25,2026,Q3,7,July,2026-07,Saturday,1,West,Marketplace,Returning,Accessories,Webcam,Budget,Ben Ho,8,68.4,0.0,No discount,547.2,0.0,547.2
ORD-2046,2026-02-23,2026,Q1,2,February,2026-02,Monday,0,South,Online,Returning,Accessories,Wireless Mouse,Budget,Raj Kumar,3,40.5,0.03,Low (1-5%),121.5,3.64,117.86
ORD-2047,2026-11-13,2026,Q4,11,November,2026-11,Friday,0,Central,Online,Returning,Networking,Ethernet Cable,Budget,Chloe Lim,2,18.72,0.1,Medium (6-10%),37.44,3.74,33.7
ORD-2048,2026-01-01,2026,Q1,1,January,2026-01,Thursday,0,West,Retail Store,Returning,Office Supplies,Notebook Set,Budget,Priya Shah,3,22.5,0.0,No discount,67.5,0.0,67.5
ORD-2049,2026-08-10,2026,Q3,8,August,2026-08,Monday,0,North,Corporate Sales,Returning,Computers,Gaming Laptop,Premium,Mei Tan,3,3780.0,0.15,High (>10%),11340.0,1701.0,9639.0
ORD-2050,2026-02-17,2026,Q1,2,February,2026-02,Tuesday,0,West,Corporate Sales,Returning,Accessories,Webcam,Budget,Ben Ho,4,72.0,0.08,Medium (6-10%),288.0,23.04,264.96
ORD-2051,2026-03-20,2026,Q1,3,March,2026-03,Friday,0,Central,Corporate Sales,Returning,Office Supplies,Desk Organizer,Budget,Kevin Yap,7,31.5,0.0,No discount,220.5,0.0,220.5
ORD-2052,2026-08-13,2026,Q3,8,August,2026-08,Thursday,0,South,Online,Returning,Monitors,Portable Monitor,Mid-range,Raj Kumar,5,630.0,0.05,Low (1-5%),3150.0,157.5,2992.5
ORD-2053,2026-06-16,2026,Q2,6,June,2026-06,Tuesday,0,West,Marketplace,Returning,Storage,Memory Card 256GB,Budget,Sofia Tan,4,81.0,0.0,No discount,324.0,0.0,324.0
ORD-2054,2026-06-16,2026,Q2,6,June,2026-06,Tuesday,0,East,Corporate Sales,New,Office Supplies,Notebook Set,Budget,Amir Hassan,8,21.83,0.05,Low (1-5%),174.64,8.77,165.87
ORD-2055,2026-03-08,2026,Q1,3,March,2026-03,Sunday,1,North,Retail Store,Returning,Office Supplies,Sticky Notes,Budget,Aisha Lim,2,7.2,0.05,Low (1-5%),14.4,0.72,13.68
ORD-2056,2026-11-05,2026,Q4,11,November,2026-11,Thursday,0,Central,Online,Returning,Monitors,24-inch Monitor,Mid-range,Hafiz Rahman,3,522.0,0.1,Medium (6-10%),1566.0,156.6,1409.4
ORD-2057,2026-11-07,2026,Q4,11,November,2026-11,Saturday,1,Central,Online,Returning,Monitors,24-inch Monitor,Mid-range,Chloe Lim,2,506.34,0.0,No discount,1012.68,0.0,1012.68
ORD-2058,2026-06-10,2026,Q2,6,June,2026-06,Wednesday,0,East,Online,New,Office Supplies,Notebook Set,Budget,Grace Ng,7,21.38,0.05,Low (1-5%),149.66,7.52,142.14
ORD-2059,2026-11-16,2026,Q4,11,November,2026-11,Monday,0,North,Marketplace,Returning,Accessories,Wireless Mouse,Budget,Daniel Wong,9,42.12,0.1,Medium (6-10%),379.08,37.91,341.17
ORD-2060,2026-11-04,2026,Q4,11,November,2026-11,Wednesday,0,East,Online,Returning,Accessories,Webcam,Budget,Amir Hassan,6,72.0,0.2,High (>10%),432.0,86.4,345.6
ORD-2061,2026-09-07,2026,Q3,9,September,2026-09,Monday,0,East,Online,New,Storage,External HDD 2TB,Mid-range,Nora Chen,4,288.0,0.1,Medium (6-10%),1152.0,115.2,1036.8
ORD-2062,2026-06-05,2026,Q2,6,June,2026-06,Friday,0,North,Online,Returning,Computers,Laptop Air 13,Premium,Aisha Lim,2,2250.0,0.05,Low (1-5%),4500.0,225.0,4275.0
ORD-2063,2026-02-20,2026,Q1,2,February,2026-02,Friday,0,East,Online,New,Monitors,27-inch Monitor,Mid-range,Amir Hassan,3,780.3,0.15,High (>10%),2340.9,351.13,1989.77
ORD-2064,2026-04-30,2026,Q2,4,April,2026-04,Thursday,0,Central,Retail Store,New,Storage,Memory Card 256GB,Budget,Chloe Lim,4,81.0,0.05,Low (1-5%),324.0,16.2,307.8
ORD-2065,2026-05-02,2026,Q2,5,May,2026-05,Saturday,1,North,Online,New,Monitors,27-inch Monitor,Mid-range,Daniel Wong,2,795.6,0.08,Medium (6-10%),1591.2,127.3,1463.9
ORD-2066,2026-08-31,2026,Q3,8,August,2026-08,Monday,0,Central,Marketplace,Returning,Monitors,27-inch Monitor,Mid-range,Chloe Lim,4,726.75,0.2,High (>10%),2907.0,581.4,2325.6
ORD-2067,2026-12-20,2026,Q4,12,December,2026-12,Sunday,1,North,Online,Returning,Computers,Laptop Pro 14,Premium,Daniel Wong,2,2880.0,0.08,Medium (6-10%),5760.0,460.8,5299.2
ORD-2068,2026-10-06,2026,Q4,10,October,2026-10,Tuesday,0,East,Online,Returning,Computers,Gaming Laptop,Premium,Amir Hassan,2,4006.8,0.15,High (>10%),8013.6,1202.04,6811.56
ORD-2069,2026-07-29,2026,Q3,7,July,2026-07,Wednesday,0,East,Online,New,Storage,USB Drive 128GB,Budget,Amir Hassan,6,54.0,0.05,Low (1-5%),324.0,16.2,307.8
ORD-2070,2026-09-09,2026,Q3,9,September,2026-09,Wednesday,0,West,Retail Store,Returning,Computers,Laptop Pro 14,Premium,Ben Ho,3,2937.6,0.1,Medium (6-10%),8812.8,881.28,7931.52
ORD-2071,2026-07-10,2026,Q3,7,July,2026-07,Friday,0,East,Marketplace,Returning,Accessories,Laptop Stand,Budget,Nora Chen,7,34.2,0.2,High (>10%),239.4,47.88,191.52
ORD-2072,2026-06-17,2026,Q2,6,June,2026-06,Wednesday,0,North,Retail Store,New,Office Supplies,Desk Organizer,Budget,Aisha Lim,4,29.93,0.0,No discount,119.72,0.02,119.7
ORD-2073,2026-09-13,2026,Q3,9,September,2026-09,Sunday,1,North,Corporate Sales,New,Storage,External SSD 1TB,Mid-range,Aisha Lim,16,429.3,0.08,Medium (6-10%),6868.8,549.5,6319.3
ORD-2074,2026-03-24,2026,Q1,3,March,2026-03,Tuesday,0,Central,Corporate Sales,Returning,Accessories,Wireless Mouse,Budget,Chloe Lim,10,40.5,0.03,Low (1-5%),405.0,12.15,392.85
ORD-2075,2026-02-27,2026,Q1,2,February,2026-02,Friday,0,Central,Online,Returning,Accessories,Wireless Mouse,Budget,Kevin Yap,9,40.5,0.03,Low (1-5%),364.5,10.93,353.57
ORD-2076,2026-11-10,2026,Q4,11,November,2026-11,Tuesday,0,Central,Marketplace,New,Storage,USB Drive 128GB,Budget,Kevin Yap,8,51.3,0.05,Low (1-5%),410.4,20.52,389.88
ORD-2077,2026-03-09,2026,Q1,3,March,2026-03,Monday,0,North,Corporate Sales,New,Computers,Laptop Air 13,Premium,Daniel Wong,2,2385.0,0.08,Medium (6-10%),4770.0,381.6,4388.4
ORD-2078,2026-06-07,2026,Q2,6,June,2026-06,Sunday,1,West,Marketplace,Returning,Accessories,Webcam,Budget,Priya Shah,2,73.44,0.08,Medium (6-10%),146.88,11.75,135.13
ORD-2079,2026-02-15,2026,Q1,2,February,2026-02,Sunday,1,North,Marketplace,New,Accessories,Laptop Stand,Budget,Mei Tan,5,32.49,0.1,Medium (6-10%),162.45,16.24,146.21
ORD-2080,2026-09-15,2026,Q3,9,September,2026-09,Tuesday,0,North,Corporate Sales,New,Office Supplies,Pen Pack,Budget,Aisha Lim,6,10.8,0.05,Low (1-5%),64.8,3.24,61.56
ORD-2081,2026-05-03,2026,Q2,5,May,2026-05,Sunday,1,East,Retail Store,Returning,Computers,Laptop Air 13,Premium,Amir Hassan,5,2250.0,0.03,Low (1-5%),11250.0,337.5,10912.5
ORD-2082,2026-04-16,2026,Q2,4,April,2026-04,Thursday,0,South,Online,Returning,Monitors,27-inch Monitor,Mid-range,Raj Kumar,5,726.75,0.08,Medium (6-10%),3633.75,290.7,3343.05
ORD-2083,2026-07-07,2026,Q3,7,July,2026-07,Tuesday,0,Central,Retail Store,Returning,Storage,USB Drive 128GB,Budget,Kevin Yap,3,54.0,0.2,High (>10%),162.0,32.4,129.6
ORD-2084,2026-11-26,2026,Q4,11,November,2026-11,Thursday,0,South,Retail Store,New,Accessories,Laptop Stand,Budget,Jason Lee,7,32.49,0.08,Medium (6-10%),227.43,18.19,209.24
ORD-2085,2026-05-03,2026,Q2,5,May,2026-05,Sunday,1,East,Online,Returning,Storage,External SSD 1TB,Mid-range,Nora Chen,5,413.1,0.08,Medium (6-10%),2065.5,165.24,1900.26
ORD-2086,2026-03-16,2026,Q1,3,March,2026-03,Monday,0,South,Corporate Sales,New,Networking,Ethernet Cable,Budget,Raj Kumar,7,18.0,0.03,Low (1-5%),126.0,3.78,122.22
ORD-2087,2026-06-20,2026,Q2,6,June,2026-06,Saturday,1,East,Retail Store,Returning,Computers,Laptop Air 13,Premium,Amir Hassan,3,2250.0,0.1,Medium (6-10%),6750.0,675.0,6075.0
ORD-2088,2026-10-09,2026,Q4,10,October,2026-10,Friday,0,North,Marketplace,New,Networking,Wi-Fi Router,Mid-range,Daniel Wong,3,262.08,0.05,Low (1-5%),786.24,39.31,746.93
ORD-2089,2026-01-06,2026,Q1,1,January,2026-01,Tuesday,0,North,Online,New,Monitors,27-inch Monitor,Mid-range,Mei Tan,2,765.0,0.05,Low (1-5%),1530.0,76.5,1453.5
ORD-2090,2026-10-12,2026,Q4,10,October,2026-10,Monday,0,Central,Online,New,Computers,Gaming Laptop,Premium,Chloe Lim,2,3591.0,0.05,Low (1-5%),7182.0,359.1,6822.9
ORD-2091,2026-03-04,2026,Q1,3,March,2026-03,Wednesday,0,North,Marketplace,Returning,Storage,External HDD 2TB,Mid-range,Mei Tan,2,293.76,0.03,Low (1-5%),587.52,17.63,569.89
ORD-2092,2026-06-22,2026,Q2,6,June,2026-06,Monday,0,South,Online,Returning,Computers,Gaming Laptop,Premium,Raj Kumar,3,3780.0,0.03,Low (1-5%),11340.0,340.2,10999.8
ORD-2093,2026-05-30,2026,Q2,5,May,2026-05,Saturday,1,North,Corporate Sales,Returning,Office Supplies,Printer Paper,Budget,Daniel Wong,8,16.85,0.05,Low (1-5%),134.8,6.76,128.04
ORD-2094,2026-10-19,2026,Q4,10,October,2026-10,Monday,0,North,Marketplace,New,Accessories,Laptop Stand,Budget,Daniel Wong,4,34.88,0.0,No discount,139.52,-0.02,139.54
ORD-2095,2026-10-30,2026,Q4,10,October,2026-10,Friday,0,North,Online,Returning,Accessories,Laptop Stand,Budget,Mei Tan,2,35.57,0.05,Low (1-5%),71.14,3.56,67.58
ORD-2096,2026-10-06,2026,Q4,10,October,2026-10,Tuesday,0,South,Corporate Sales,Returning,Computers,Gaming Laptop,Premium,Raj Kumar,2,3780.0,0.1,Medium (6-10%),7560.0,756.0,6804.0
ORD-2097,2026-03-06,2026,Q1,3,March,2026-03,Friday,0,South,Corporate Sales,Returning,Monitors,24-inch Monitor,Mid-range,Farah Ali,2,522.0,0.1,Medium (6-10%),1044.0,104.4,939.6
ORD-2098,2026-01-09,2026,Q1,1,January,2026-01,Friday,0,East,Marketplace,Returning,Office Supplies,Desk Organizer,Budget,Grace Ng,3,32.76,0.08,Medium (6-10%),98.28,7.86,90.42
ORD-2099,2026-11-30,2026,Q4,11,November,2026-11,Monday,0,East,Online,Returning,Computers,All-in-One PC,Premium,Amir Hassan,2,2754.0,0.03,Low (1-5%),5508.0,165.24,5342.76
ORD-2100,2026-07-13,2026,Q3,7,July,2026-07,Monday,0,Central,Online,New,Networking,Ethernet Cable,Budget,Hafiz Rahman,4,18.0,0.05,Low (1-5%),72.0,3.6,68.4
ORD-2101,2026-06-15,2026,Q2,6,June,2026-06,Monday,0,South,Online,Returning,Computers,All-in-One PC,Premium,Farah Ali,2,2754.0,0.05,Low (1-5%),5508.0,275.4,5232.6
ORD-2102,2026-01-10,2026,Q1,1,January,2026-01,Saturday,1,East,Online,New,Accessories,Laptop Stand,Budget,Amir Hassan,4,34.2,0.05,Low (1-5%),136.8,6.84,129.96
ORD-2103,2026-10-18,2026,Q4,10,October,2026-10,Sunday,1,West,Online,New,Accessories,Mouse Pad,Budget,Ben Ho,4,13.5,0.03,Low (1-5%),54.0,1.62,52.38
ORD-2104,2026-05-15,2026,Q2,5,May,2026-05,Friday,0,West,Online,Returning,Office Supplies,Sticky Notes,Budget,Sofia Tan,2,7.63,0.03,Low (1-5%),15.26,0.45,14.81
ORD-2105,2026-03-24,2026,Q1,3,March,2026-03,Tuesday,0,West,Marketplace,Returning,Networking,Wi-Fi Router,Mid-range,Ben Ho,7,257.04,0.1,Medium (6-10%),1799.28,179.93,1619.35
ORD-2106,2026-06-06,2026,Q2,6,June,2026-06,Saturday,1,Central,Online,Returning,Office Supplies,Printer Paper,Budget,Hafiz Rahman,6,15.71,0.1,Medium (6-10%),94.26,9.4,84.86
ORD-2107,2026-08-18,2026,Q3,8,August,2026-08,Tuesday,0,Central,Online,Returning,Computers,Gaming Laptop,Premium,Kevin Yap,3,3780.0,0.05,Low (1-5%),11340.0,567.0,10773.0
ORD-2108,2026-06-09,2026,Q2,6,June,2026-06,Tuesday,0,South,Corporate Sales,Returning,Networking,Ethernet Cable,Budget,Farah Ali,3,18.0,0.03,Low (1-5%),54.0,1.62,52.38
ORD-2109,2026-09-09,2026,Q3,9,September,2026-09,Wednesday,0,South,Retail Store,Returning,Computers,Laptop Air 13,Premium,Raj Kumar,2,2250.0,0.03,Low (1-5%),4500.0,135.0,4365.0
ORD-2110,2026-08-24,2026,Q3,8,August,2026-08,Monday,0,West,Marketplace,Returning,Storage,USB Drive 128GB,Budget,Ben Ho,3,56.16,0.08,Medium (6-10%),168.48,13.48,155.0
ORD-2111,2026-12-05,2026,Q4,12,December,2026-12,Saturday,1,Central,Online,Returning,Monitors,27-inch Monitor,Mid-range,Kevin Yap,2,795.6,0.0,No discount,1591.2,0.0,1591.2
ORD-2112,2026-12-21,2026,Q4,12,December,2026-12,Monday,0,East,Marketplace,New,Storage,USB Drive 128GB,Budget,Grace Ng,3,54.0,0.05,Low (1-5%),162.0,8.1,153.9
ORD-2113,2026-05-06,2026,Q2,5,May,2026-05,Wednesday,0,West,Online,New,Computers,Laptop Pro 14,Premium,Sofia Tan,2,2880.0,0.08,Medium (6-10%),5760.0,460.8,5299.2
ORD-2114,2026-05-18,2026,Q2,5,May,2026-05,Monday,0,North,Retail Store,Returning,Accessories,Keyboard,Budget,Mei Tan,9,58.5,0.08,Medium (6-10%),526.5,42.12,484.38
ORD-2115,2026-11-25,2026,Q4,11,November,2026-11,Wednesday,0,West,Corporate Sales,Returning,Monitors,27-inch Monitor,Mid-range,Ben Ho,5,795.6,0.05,Low (1-5%),3978.0,198.9,3779.1
ORD-2116,2026-09-22,2026,Q3,9,September,2026-09,Tuesday,0,Central,Marketplace,Returning,Accessories,Webcam,Budget,Hafiz Rahman,2,74.88,0.05,Low (1-5%),149.76,7.49,142.27
ORD-2117,2026-04-30,2026,Q2,4,April,2026-04,Thursday,0,East,Marketplace,New,Accessories,Webcam,Budget,Grace Ng,5,73.44,0.1,Medium (6-10%),367.2,36.72,330.48
ORD-2118,2026-11-13,2026,Q4,11,November,2026-11,Friday,0,East,Retail Store,Returning,Accessories,Wireless Mouse,Budget,Nora Chen,2,40.5,0.1,Medium (6-10%),81.0,8.1,72.9
ORD-2119,2026-08-24,2026,Q3,8,August,2026-08,Monday,0,South,Online,Returning,Accessories,Mouse Pad,Budget,Raj Kumar,5,14.31,0.2,High (>10%),71.55,14.31,57.24
ORD-2120,2026-10-29,2026,Q4,10,October,2026-10,Thursday,0,Central,Retail Store,Returning,Accessories,Keyboard,Budget,Chloe Lim,3,62.01,0.15,High (>10%),186.03,27.9,158.13
ORD-2121,2026-06-23,2026,Q2,6,June,2026-06,Tuesday,0,Central,Online,New,Office Supplies,Pen Pack,Budget,Hafiz Rahman,3,11.45,0.1,Medium (6-10%),34.35,3.44,30.91
ORD-2122,2026-12-26,2026,Q4,12,December,2026-12,Saturday,1,North,Retail Store,Returning,Office Supplies,Desk Organizer,Budget,Mei Tan,2,31.5,0.1,Medium (6-10%),63.0,6.3,56.7
ORD-2123,2026-02-01,2026,Q1,2,February,2026-02,Sunday,1,West,Retail Store,Returning,Monitors,Portable Monitor,Mid-range,Priya Shah,4,611.1,0.2,High (>10%),2444.4,488.88,1955.52
ORD-2124,2026-07-23,2026,Q3,7,July,2026-07,Thursday,0,West,Corporate Sales,Returning,Accessories,USB-C Hub,Budget,Priya Shah,6,47.03,0.05,Low (1-5%),282.18,14.14,268.04
ORD-2125,2026-12-10,2026,Q4,12,December,2026-12,Thursday,0,South,Marketplace,Returning,Computers,Laptop Pro 14,Premium,Jason Lee,2,2793.6,0.05,Low (1-5%),5587.2,279.36,5307.84
ORD-2126,2026-04-10,2026,Q2,4,April,2026-04,Friday,0,West,Online,Returning,Accessories,Keyboard,Budget,Priya Shah,2,62.01,0.0,No discount,124.02,0.0,124.02
ORD-2127,2026-09-15,2026,Q3,9,September,2026-09,Tuesday,0,Central,Retail Store,New,Computers,Desktop Mini,Premium,Hafiz Rahman,2,1717.2,0.05,Low (1-5%),3434.4,171.72,3262.68
ORD-2128,2026-08-20,2026,Q3,8,August,2026-08,Thursday,0,North,Online,Returning,Accessories,Laptop Stand,Budget,Daniel Wong,5,34.88,0.03,Low (1-5%),174.4,5.21,169.19
ORD-2129,2026-03-21,2026,Q1,3,March,2026-03,Saturday,1,South,Corporate Sales,Returning,Computers,Laptop Air 13,Premium,Farah Ali,2,2250.0,0.15,High (>10%),4500.0,675.0,3825.0
ORD-2130,2026-01-09,2026,Q1,1,January,2026-01,Friday,0,Central,Retail Store,New,Accessories,Laptop Stand,Budget,Hafiz Rahman,3,35.57,0.15,High (>10%),106.71,16.01,90.7
ORD-2131,2026-09-19,2026,Q3,9,September,2026-09,Saturday,1,Central,Online,Returning,Office Supplies,Printer Paper,Budget,Hafiz Rahman,6,16.2,0.05,Low (1-5%),97.2,4.86,92.34
ORD-2132,2026-01-11,2026,Q1,1,January,2026-01,Sunday,1,West,Online,New,Accessories,Keyboard,Budget,Sofia Tan,4,58.5,0.1,Medium (6-10%),234.0,23.4,210.6
ORD-2133,2026-12-09,2026,Q4,12,December,2026-12,Wednesday,0,East,Retail Store,Returning,Accessories,Mouse Pad,Budget,Nora Chen,5,13.5,0.05,Low (1-5%),67.5,3.37,64.13
ORD-2134,2026-04-06,2026,Q2,4,April,2026-04,Monday,0,Central,Retail Store,New,Networking,Wi-Fi Router,Mid-range,Chloe Lim,3,239.4,0.08,Medium (6-10%),718.2,57.46,660.74
ORD-2135,2026-04-24,2026,Q2,4,April,2026-04,Friday,0,North,Marketplace,Returning,Accessories,Mouse Pad,Budget,Aisha Lim,2,14.31,0.2,High (>10%),28.62,5.72,22.9
ORD-2136,2026-03-07,2026,Q1,3,March,2026-03,Saturday,1,West,Corporate Sales,Returning,Networking,Mesh Wi-Fi Set,Mid-range,Priya Shah,4,675.0,0.03,Low (1-5%),2700.0,81.0,2619.0
ORD-2137,2026-10-16,2026,Q4,10,October,2026-10,Friday,0,East,Retail Store,Returning,Computers,Laptop Pro 14,Premium,Amir Hassan,2,2880.0,0.05,Low (1-5%),5760.0,288.0,5472.0
ORD-2138,2026-03-18,2026,Q1,3,March,2026-03,Wednesday,0,East,Retail Store,New,Accessories,USB-C Hub,Budget,Grace Ng,5,48.02,0.05,Low (1-5%),240.1,12.03,228.07
ORD-2139,2026-03-26,2026,Q1,3,March,2026-03,Thursday,0,West,Corporate Sales,Returning,Computers,Gaming Laptop,Premium,Priya Shah,2,3780.0,0.03,Low (1-5%),7560.0,226.8,7333.2
ORD-2140,2026-10-07,2026,Q4,10,October,2026-10,Wednesday,0,Central,Online,Returning,Accessories,Laptop Stand,Budget,Chloe Lim,4,34.2,0.0,No discount,136.8,0.0,136.8
ORD-2141,2026-11-07,2026,Q4,11,November,2026-11,Saturday,1,Central,Retail Store,Returning,Accessories,USB-C Hub,Budget,Hafiz Rahman,2,49.5,0.15,High (>10%),99.0,14.85,84.15
ORD-2142,2026-09-18,2026,Q3,9,September,2026-09,Friday,0,Central,Online,New,Accessories,Laptop Stand,Budget,Chloe Lim,3,34.2,0.05,Low (1-5%),102.6,5.13,97.47
ORD-2143,2026-09-30,2026,Q3,9,September,2026-09,Wednesday,0,East,Retail Store,New,Accessories,USB-C Hub,Budget,Nora Chen,6,49.5,0.05,Low (1-5%),297.0,14.85,282.15
ORD-2144,2026-05-17,2026,Q2,5,May,2026-05,Sunday,1,Central,Corporate Sales,Returning,Office Supplies,Desk Organizer,Budget,Hafiz Rahman,14,31.5,0.08,Medium (6-10%),441.0,35.28,405.72
ORD-2145,2026-10-05,2026,Q4,10,October,2026-10,Monday,0,South,Online,Returning,Monitors,Portable Monitor,Mid-range,Farah Ali,3,655.2,0.0,No discount,1965.6,0.0,1965.6
ORD-2146,2026-01-14,2026,Q1,1,January,2026-01,Wednesday,0,South,Marketplace,Returning,Storage,External SSD 1TB,Mid-range,Farah Ali,2,405.0,0.1,Medium (6-10%),810.0,81.0,729.0
ORD-2147,2026-01-11,2026,Q1,1,January,2026-01,Sunday,1,South,Corporate Sales,New,Monitors,27-inch Monitor,Mid-range,Farah Ali,3,765.0,0.08,Medium (6-10%),2295.0,183.6,2111.4
ORD-2148,2026-08-02,2026,Q3,8,August,2026-08,Sunday,1,North,Corporate Sales,Returning,Monitors,24-inch Monitor,Mid-range,Aisha Lim,3,542.88,0.15,High (>10%),1628.64,244.3,1384.34
ORD-2149,2026-04-20,2026,Q2,4,April,2026-04,Monday,0,East,Online,New,Computers,All-in-One PC,Premium,Amir Hassan,2,2754.0,0.03,Low (1-5%),5508.0,165.24,5342.76
ORD-2150,2026-02-24,2026,Q1,2,February,2026-02,Tuesday,0,North,Marketplace,Returning,Office Supplies,Pen Pack,Budget,Aisha Lim,4,10.8,0.08,Medium (6-10%),43.2,3.46,39.74
ORD-2151,2026-04-19,2026,Q2,4,April,2026-04,Sunday,1,East,Corporate Sales,Returning,Office Supplies,Notebook Set,Budget,Grace Ng,11,22.5,0.0,No discount,247.5,0.0,247.5
ORD-2152,2026-11-09,2026,Q4,11,November,2026-11,Monday,0,Central,Online,Returning,Storage,External HDD 2TB,Mid-range,Hafiz Rahman,3,288.0,0.03,Low (1-5%),864.0,25.92,838.08
ORD-2153,2026-05-22,2026,Q2,5,May,2026-05,Friday,0,Central,Online,Returning,Networking,Mesh Wi-Fi Set,Mid-range,Hafiz Rahman,4,654.75,0.05,Low (1-5%),2619.0,130.95,2488.05
ORD-2154,2026-11-27,2026,Q4,11,November,2026-11,Friday,0,East,Marketplace,Returning,Accessories,USB-C Hub,Budget,Amir Hassan,8,47.03,0.15,High (>10%),376.24,56.47,319.77
ORD-2155,2026-10-16,2026,Q4,10,October,2026-10,Friday,0,South,Online,New,Accessories,Wireless Mouse,Budget,Raj Kumar,4,39.29,0.08,Medium (6-10%),157.16,12.59,144.57
ORD-2156,2026-08-15,2026,Q3,8,August,2026-08,Saturday,1,East,Marketplace,Returning,Storage,Memory Card 256GB,Budget,Grace Ng,3,81.0,0.15,High (>10%),243.0,36.45,206.55
ORD-2157,2026-11-03,2026,Q4,11,November,2026-11,Tuesday,0,North,Corporate Sales,New,Monitors,Portable Monitor,Mid-range,Daniel Wong,2,598.5,0.05,Low (1-5%),1197.0,59.85,1137.15
ORD-2158,2026-01-11,2026,Q1,1,January,2026-01,Sunday,1,North,Online,New,Office Supplies,Sticky Notes,Budget,Mei Tan,4,7.34,0.1,Medium (6-10%),29.36,2.92,26.44
ORD-2159,2026-10-19,2026,Q4,10,October,2026-10,Monday,0,Central,Marketplace,Returning,Storage,External HDD 2TB,Mid-range,Chloe Lim,2,288.0,0.03,Low (1-5%),576.0,17.28,558.72
ORD-2160,2026-07-31,2026,Q3,7,July,2026-07,Friday,0,Central,Corporate Sales,Returning,Networking,Ethernet Cable,Budget,Chloe Lim,13,18.36,0.1,Medium (6-10%),238.68,23.87,214.81
ORD-2161,2026-04-14,2026,Q2,4,April,2026-04,Tuesday,0,Central,Online,Returning,Storage,External SSD 1TB,Mid-range,Chloe Lim,6,405.0,0.15,High (>10%),2430.0,364.5,2065.5
ORD-2162,2026-11-13,2026,Q4,11,November,2026-11,Friday,0,North,Marketplace,Returning,Accessories,Wireless Mouse,Budget,Aisha Lim,3,42.93,0.05,Low (1-5%),128.79,6.44,122.35
ORD-2163,2026-04-08,2026,Q2,4,April,2026-04,Wednesday,0,North,Online,Returning,Storage,External SSD 1TB,Mid-range,Aisha Lim,5,405.0,0.0,No discount,2025.0,0.0,2025.0
ORD-2164,2026-12-10,2026,Q4,12,December,2026-12,Thursday,0,West,Online,New,Networking,Ethernet Cable,Budget,Ben Ho,3,19.08,0.0,No discount,57.24,0.0,57.24
ORD-2165,2026-01-13,2026,Q1,1,January,2026-01,Tuesday,0,Central,Retail Store,Returning,Computers,Desktop Mini,Premium,Hafiz Rahman,2,1571.4,0.1,Medium (6-10%),3142.8,314.28,2828.52
ORD-2166,2026-03-23,2026,Q1,3,March,2026-03,Monday,0,North,Corporate Sales,Returning,Monitors,Ultrawide Monitor,Premium,Mei Tan,2,1377.0,0.15,High (>10%),2754.0,413.1,2340.9
ORD-2167,2026-05-08,2026,Q2,5,May,2026-05,Friday,0,East,Online,Returning,Accessories,Webcam,Budget,Amir Hassan,6,72.0,0.08,Medium (6-10%),432.0,34.56,397.44
ORD-2168,2026-08-27,2026,Q3,8,August,2026-08,Thursday,0,North,Online,Returning,Networking,Mesh Wi-Fi Set,Mid-range,Mei Tan,6,688.5,0.0,No discount,4131.0,0.0,4131.0
ORD-2169,2026-07-01,2026,Q3,7,July,2026-07,Wednesday,0,South,Retail Store,Returning,Computers,Desktop Mini,Premium,Farah Ali,3,1539.0,0.05,Low (1-5%),4617.0,230.85,4386.15
ORD-2170,2026-01-28,2026,Q1,1,January,2026-01,Wednesday,0,North,Retail Store,Returning,Office Supplies,Sticky Notes,Budget,Mei Tan,2,7.2,0.0,No discount,14.4,0.0,14.4
ORD-2171,2026-03-02,2026,Q1,3,March,2026-03,Monday,0,North,Retail Store,Returning,Office Supplies,Sticky Notes,Budget,Daniel Wong,2,7.63,0.08,Medium (6-10%),15.26,1.22,14.04
ORD-2172,2026-01-16,2026,Q1,1,January,2026-01,Friday,0,East,Marketplace,New,Storage,USB Drive 128GB,Budget,Grace Ng,3,52.38,0.1,Medium (6-10%),157.14,15.71,141.43
ORD-2173,2026-08-03,2026,Q3,8,August,2026-08,Monday,0,East,Marketplace,New,Storage,External SSD 1TB,Mid-range,Nora Chen,3,421.2,0.08,Medium (6-10%),1263.6,101.09,1162.51
ORD-2174,2026-06-03,2026,Q2,6,June,2026-06,Wednesday,0,West,Online,Returning,Monitors,Ultrawide Monitor,Premium,Sofia Tan,2,1350.0,0.05,Low (1-5%),2700.0,135.0,2565.0
ORD-2175,2026-08-30,2026,Q3,8,August,2026-08,Sunday,1,Central,Corporate Sales,Returning,Storage,External HDD 2TB,Mid-range,Chloe Lim,3,288.0,0.08,Medium (6-10%),864.0,69.12,794.88
ORD-2176,2026-11-03,2026,Q4,11,November,2026-11,Tuesday,0,North,Retail Store,Returning,Accessories,Webcam,Budget,Daniel Wong,3,74.88,0.03,Low (1-5%),224.64,6.74,217.9
ORD-2177,2026-04-15,2026,Q2,4,April,2026-04,Wednesday,0,North,Online,Returning,Networking,Ethernet Cable,Budget,Aisha Lim,3,18.0,0.1,Medium (6-10%),54.0,5.4,48.6
ORD-2178,2026-10-15,2026,Q4,10,October,2026-10,Thursday,0,West,Corporate Sales,New,Monitors,24-inch Monitor,Mid-range,Priya Shah,2,532.44,0.0,No discount,1064.88,0.0,1064.88
ORD-2179,2026-08-02,2026,Q3,8,August,2026-08,Sunday,1,Central,Marketplace,New,Storage,External HDD 2TB,Mid-range,Chloe Lim,3,293.76,0.05,Low (1-5%),881.28,44.06,837.22
ORD-2180,2026-12-17,2026,Q4,12,December,2026-12,Thursday,0,North,Marketplace,Returning,Monitors,27-inch Monitor,Mid-range,Daniel Wong,3,765.0,0.05,Low (1-5%),2295.0,114.75,2180.25
ORD-2181,2026-05-20,2026,Q2,5,May,2026-05,Wednesday,0,West,Retail Store,Returning,Accessories,Webcam,Budget,Priya Shah,4,73.44,0.08,Medium (6-10%),293.76,23.5,270.26
ORD-2182,2026-06-03,2026,Q2,6,June,2026-06,Wednesday,0,North,Online,Returning,Storage,External HDD 2TB,Mid-range,Aisha Lim,6,299.52,0.03,Low (1-5%),1797.12,53.91,1743.21
ORD-2183,2026-04-29,2026,Q2,4,April,2026-04,Wednesday,0,East,Retail Store,Returning,Computers,Desktop Mini,Premium,Grace Ng,2,1539.0,0.08,Medium (6-10%),3078.0,246.24,2831.76
ORD-2184,2026-05-30,2026,Q2,5,May,2026-05,Saturday,1,West,Retail Store,New,Office Supplies,Pen Pack,Budget,Sofia Tan,3,10.8,0.0,No discount,32.4,0.0,32.4
ORD-2185,2026-06-06,2026,Q2,6,June,2026-06,Saturday,1,West,Retail Store,New,Office Supplies,Notebook Set,Budget,Ben Ho,8,22.5,0.05,Low (1-5%),180.0,9.0,171.0
ORD-2186,2026-02-24,2026,Q1,2,February,2026-02,Tuesday,0,East,Corporate Sales,New,Computers,Desktop Mini,Premium,Amir Hassan,2,1652.4,0.0,No discount,3304.8,0.0,3304.8
ORD-2187,2026-07-25,2026,Q3,7,July,2026-07,Saturday,1,West,Retail Store,Returning,Computers,Laptop Pro 14,Premium,Priya Shah,2,3052.8,0.15,High (>10%),6105.6,915.84,5189.76
ORD-2188,2026-09-05,2026,Q3,9,September,2026-09,Saturday,1,Central,Online,Returning,Accessories,Mouse Pad,Budget,Kevin Yap,3,14.31,0.0,No discount,42.93,0.0,42.93
ORD-2189,2026-09-26,2026,Q3,9,September,2026-09,Saturday,1,East,Online,Returning,Accessories,Mouse Pad,Budget,Amir Hassan,2,13.77,0.1,Medium (6-10%),27.54,2.75,24.79
ORD-2190,2026-11-14,2026,Q4,11,November,2026-11,Saturday,1,East,Retail Store,Returning,Computers,Desktop Mini,Premium,Grace Ng,2,1620.0,0.05,Low (1-5%),3240.0,162.0,3078.0
ORD-2191,2026-12-11,2026,Q4,12,December,2026-12,Friday,0,North,Online,Returning,Accessories,USB-C Hub,Budget,Mei Tan,4,49.5,0.1,Medium (6-10%),198.0,19.8,178.2
ORD-2192,2026-12-27,2026,Q4,12,December,2026-12,Sunday,1,West,Retail Store,Returning,Computers,All-in-One PC,Premium,Priya Shah,2,2808.0,0.03,Low (1-5%),5616.0,168.48,5447.52
ORD-2193,2026-12-19,2026,Q4,12,December,2026-12,Saturday,1,North,Marketplace,New,Storage,Memory Card 256GB,Budget,Daniel Wong,5,84.24,0.0,No discount,421.2,0.0,421.2
ORD-2194,2026-10-28,2026,Q4,10,October,2026-10,Wednesday,0,East,Marketplace,New,Computers,Gaming Laptop,Premium,Grace Ng,2,3591.0,0.03,Low (1-5%),7182.0,215.46,6966.54
ORD-2195,2026-04-12,2026,Q2,4,April,2026-04,Sunday,1,South,Retail Store,New,Monitors,Ultrawide Monitor,Premium,Raj Kumar,4,1377.0,0.05,Low (1-5%),5508.0,275.4,5232.6
ORD-2196,2026-04-26,2026,Q2,4,April,2026-04,Sunday,1,North,Retail Store,Returning,Computers,Laptop Air 13,Premium,Daniel Wong,2,2250.0,0.15,High (>10%),4500.0,675.0,3825.0
ORD-2197,2026-05-13,2026,Q2,5,May,2026-05,Wednesday,0,West,Corporate Sales,New,Monitors,24-inch Monitor,Mid-range,Sofia Tan,2,532.44,0.08,Medium (6-10%),1064.88,85.19,979.69
ORD-2198,2026-10-05,2026,Q4,10,October,2026-10,Monday,0,North,Corporate Sales,Returning,Computers,Gaming Laptop,Premium,Daniel Wong,3,3780.0,0.03,Low (1-5%),11340.0,340.2,10999.8
ORD-2199,2026-11-07,2026,Q4,11,November,2026-11,Saturday,1,Central,Marketplace,Returning,Networking,Ethernet Cable,Budget,Kevin Yap,2,17.1,0.08,Medium (6-10%),34.2,2.74,31.46
ORD-2200,2026-09-18,2026,Q3,9,September,2026-09,Friday,0,South,Retail Store,New,Storage,External SSD 1TB,Mid-range,Jason Lee,2,405.0,0.08,Medium (6-10%),810.0,64.8,745.2
ORD-2201,2026-09-06,2026,Q3,9,September,2026-09,Sunday,1,North,Online,New,Accessories,USB-C Hub,Budget,Aisha Lim,6,48.02,0.1,Medium (6-10%),288.12,28.84,259.28
ORD-2202,2026-03-08,2026,Q1,3,March,2026-03,Sunday,1,South,Online,Returning,Accessories,Keyboard,Budget,Jason Lee,2,58.5,0.03,Low (1-5%),117.0,3.51,113.49
ORD-2203,2026-08-12,2026,Q3,8,August,2026-08,Wednesday,0,Central,Retail Store,Returning,Accessories,Laptop Stand,Budget,Hafiz Rahman,8,34.2,0.15,High (>10%),273.6,41.04,232.56
ORD-2204,2026-11-14,2026,Q4,11,November,2026-11,Saturday,1,East,Marketplace,New,Accessories,Webcam,Budget,Amir Hassan,4,74.88,0.15,High (>10%),299.52,44.93,254.59
ORD-2205,2026-10-23,2026,Q4,10,October,2026-10,Friday,0,Central,Online,Returning,Computers,Desktop Mini,Premium,Kevin Yap,2,1620.0,0.05,Low (1-5%),3240.0,162.0,3078.0
ORD-2206,2026-02-28,2026,Q1,2,February,2026-02,Saturday,1,Central,Corporate Sales,Returning,Monitors,24-inch Monitor,Mid-range,Kevin Yap,3,553.32,0.0,No discount,1659.96,0.0,1659.96
ORD-2207,2026-12-03,2026,Q4,12,December,2026-12,Thursday,0,West,Corporate Sales,Returning,Networking,Network Switch,Mid-range,Priya Shah,8,162.0,0.0,No discount,1296.0,0.0,1296.0
ORD-2208,2026-06-19,2026,Q2,6,June,2026-06,Friday,0,East,Marketplace,New,Monitors,24-inch Monitor,Mid-range,Nora Chen,2,532.44,0.1,Medium (6-10%),1064.88,106.49,958.39
ORD-2209,2026-03-09,2026,Q1,3,March,2026-03,Monday,0,Central,Online,New,Office Supplies,Notebook Set,Budget,Chloe Lim,3,23.85,0.08,Medium (6-10%),71.55,5.72,65.83
ORD-2210,2026-07-12,2026,Q3,7,July,2026-07,Sunday,1,West,Online,Returning,Computers,Laptop Air 13,Premium,Priya Shah,2,2340.0,0.08,Medium (6-10%),4680.0,374.4,4305.6
ORD-2211,2026-08-28,2026,Q3,8,August,2026-08,Friday,0,North,Retail Store,Returning,Computers,Laptop Pro 14,Premium,Daniel Wong,2,2793.6,0.05,Low (1-5%),5587.2,279.36,5307.84
ORD-2212,2026-07-03,2026,Q3,7,July,2026-07,Friday,0,South,Retail Store,Returning,Accessories,Keyboard,Budget,Raj Kumar,4,55.58,0.05,Low (1-5%),222.32,11.13,211.19
ORD-2213,2026-04-05,2026,Q2,4,April,2026-04,Sunday,1,Central,Retail Store,Returning,Computers,Gaming Laptop,Premium,Hafiz Rahman,2,3931.2,0.0,No discount,7862.4,0.0,7862.4
ORD-2214,2026-10-03,2026,Q4,10,October,2026-10,Saturday,1,South,Corporate Sales,Returning,Monitors,27-inch Monitor,Mid-range,Jason Lee,2,765.0,0.03,Low (1-5%),1530.0,45.9,1484.1
ORD-2215,2026-11-09,2026,Q4,11,November,2026-11,Monday,0,East,Online,New,Office Supplies,Notebook Set,Budget,Nora Chen,5,21.38,0.0,No discount,106.9,0.02,106.88
ORD-2216,2026-12-17,2026,Q4,12,December,2026-12,Thursday,0,North,Online,New,Office Supplies,Sticky Notes,Budget,Mei Tan,6,7.34,0.2,High (>10%),44.04,8.79,35.25
ORD-2217,2026-09-16,2026,Q3,9,September,2026-09,Wednesday,0,North,Online,New,Office Supplies,Pen Pack,Budget,Daniel Wong,4,11.02,0.1,Medium (6-10%),44.08,4.42,39.66
ORD-2218,2026-11-25,2026,Q4,11,November,2026-11,Wednesday,0,North,Online,Returning,Accessories,Wireless Mouse,Budget,Aisha Lim,6,39.29,0.05,Low (1-5%),235.74,11.82,223.92
ORD-2219,2026-02-22,2026,Q1,2,February,2026-02,Sunday,1,North,Retail Store,Returning,Monitors,27-inch Monitor,Mid-range,Daniel Wong,5,780.3,0.15,High (>10%),3901.5,585.22,3316.28
ORD-2220,2026-11-26,2026,Q4,11,November,2026-11,Thursday,0,East,Online,Returning,Computers,Desktop Mini,Premium,Nora Chen,2,1620.0,0.15,High (>10%),3240.0,486.0,2754.0
ORD-2221,2026-02-10,2026,Q1,2,February,2026-02,Tuesday,0,South,Marketplace,Returning,Office Supplies,Sticky Notes,Budget,Jason Lee,6,6.98,0.0,No discount,41.88,-0.02,41.9
ORD-2222,2026-05-17,2026,Q2,5,May,2026-05,Sunday,1,East,Corporate Sales,Returning,Office Supplies,Pen Pack,Budget,Nora Chen,6,10.8,0.05,Low (1-5%),64.8,3.24,61.56
ORD-2223,2026-04-21,2026,Q2,4,April,2026-04,Tuesday,0,East,Retail Store,New,Accessories,Wireless Mouse,Budget,Amir Hassan,4,41.31,0.05,Low (1-5%),165.24,8.26,156.98
ORD-2224,2026-07-26,2026,Q3,7,July,2026-07,Sunday,1,West,Corporate Sales,Returning,Monitors,24-inch Monitor,Mid-range,Priya Shah,5,522.0,0.05,Low (1-5%),2610.0,130.5,2479.5
ORD-2225,2026-10-19,2026,Q4,10,October,2026-10,Monday,0,East,Corporate Sales,Returning,Monitors,24-inch Monitor,Mid-range,Grace Ng,2,522.0,0.05,Low (1-5%),1044.0,52.2,991.8
ORD-2226,2026-01-27,2026,Q1,1,January,2026-01,Tuesday,0,West,Retail Store,Returning,Office Supplies,Sticky Notes,Budget,Sofia Tan,5,7.34,0.0,No discount,36.7,-0.02,36.72
ORD-2227,2026-06-02,2026,Q2,6,June,2026-06,Tuesday,0,Central,Corporate Sales,New,Computers,Laptop Air 13,Premium,Kevin Yap,2,2137.5,0.05,Low (1-5%),4275.0,213.75,4061.25
ORD-2228,2026-10-02,2026,Q4,10,October,2026-10,Friday,0,North,Online,Returning,Office Supplies,Pen Pack,Budget,Aisha Lim,6,11.23,0.05,Low (1-5%),67.38,3.36,64.02
ORD-2229,2026-05-01,2026,Q2,5,May,2026-05,Friday,0,East,Retail Store,New,Networking,Ethernet Cable,Budget,Amir Hassan,8,18.0,0.05,Low (1-5%),144.0,7.2,136.8
ORD-2230,2026-01-06,2026,Q1,1,January,2026-01,Tuesday,0,South,Retail Store,New,Office Supplies,Printer Paper,Budget,Farah Ali,4,16.2,0.1,Medium (6-10%),64.8,6.48,58.32
ORD-2231,2026-01-25,2026,Q1,1,January,2026-01,Sunday,1,East,Corporate Sales,New,Storage,External SSD 1TB,Mid-range,Nora Chen,13,405.0,0.08,Medium (6-10%),5265.0,421.2,4843.8
ORD-2232,2026-06-07,2026,Q2,6,June,2026-06,Sunday,1,Central,Online,Returning,Networking,Network Switch,Mid-range,Kevin Yap,4,162.0,0.03,Low (1-5%),648.0,19.44,628.56
ORD-2233,2026-04-25,2026,Q2,4,April,2026-04,Saturday,1,North,Marketplace,Returning,Networking,Network Switch,Mid-range,Aisha Lim,2,162.0,0.2,High (>10%),324.0,64.8,259.2
ORD-2234,2026-04-06,2026,Q2,4,April,2026-04,Monday,0,North,Marketplace,New,Storage,External SSD 1TB,Mid-range,Daniel Wong,3,405.0,0.08,Medium (6-10%),1215.0,97.2,1117.8
ORD-2235,2026-03-20,2026,Q1,3,March,2026-03,Friday,0,West,Corporate Sales,Returning,Networking,Mesh Wi-Fi Set,Mid-range,Sofia Tan,3,688.5,0.0,No discount,2065.5,0.0,2065.5
ORD-2236,2026-05-31,2026,Q2,5,May,2026-05,Sunday,1,South,Online,Returning,Networking,Wi-Fi Router,Mid-range,Jason Lee,3,262.08,0.15,High (>10%),786.24,117.94,668.3
ORD-2237,2026-06-01,2026,Q2,6,June,2026-06,Monday,0,West,Online,Returning,Accessories,USB-C Hub,Budget,Ben Ho,6,48.02,0.08,Medium (6-10%),288.12,23.08,265.04
ORD-2238,2026-05-08,2026,Q2,5,May,2026-05,Friday,0,East,Online,New,Accessories,Webcam,Budget,Amir Hassan,4,68.4,0.0,No discount,273.6,0.0,273.6
ORD-2239,2026-05-05,2026,Q2,5,May,2026-05,Tuesday,0,Central,Corporate Sales,New,Accessories,Wireless Mouse,Budget,Chloe Lim,11,42.12,0.0,No discount,463.32,0.0,463.32
ORD-2240,2026-02-10,2026,Q1,2,February,2026-02,Tuesday,0,East,Online,Returning,Networking,Network Switch,Mid-range,Grace Ng,5,162.0,0.05,Low (1-5%),810.0,40.5,769.5
ORD-2241,2026-04-16,2026,Q2,4,April,2026-04,Thursday,0,East,Online,Returning,Monitors,27-inch Monitor,Mid-range,Nora Chen,3,810.9,0.05,Low (1-5%),2432.7,121.63,2311.07
ORD-2242,2026-04-24,2026,Q2,4,April,2026-04,Friday,0,North,Marketplace,Returning,Office Supplies,Desk Organizer,Budget,Mei Tan,3,29.93,0.05,Low (1-5%),89.79,4.5,85.29
ORD-2243,2026-06-23,2026,Q2,6,June,2026-06,Tuesday,0,Central,Marketplace,Returning,Accessories,Mouse Pad,Budget,Hafiz Rahman,2,13.77,0.08,Medium (6-10%),27.54,2.2,25.34
ORD-2244,2026-06-15,2026,Q2,6,June,2026-06,Monday,0,East,Retail Store,Returning,Computers,Gaming Laptop,Premium,Nora Chen,3,3780.0,0.05,Low (1-5%),11340.0,567.0,10773.0
ORD-2245,2026-09-19,2026,Q3,9,September,2026-09,Saturday,1,North,Marketplace,Returning,Storage,Memory Card 256GB,Budget,Aisha Lim,3,84.24,0.05,Low (1-5%),252.72,12.64,240.08
ORD-2246,2026-04-03,2026,Q2,4,April,2026-04,Friday,0,East,Retail Store,Returning,Networking,Network Switch,Mid-range,Nora Chen,2,153.9,0.05,Low (1-5%),307.8,15.39,292.41
ORD-2247,2026-09-30,2026,Q3,9,September,2026-09,Wednesday,0,East,Online,Returning,Storage,Memory Card 256GB,Budget,Grace Ng,3,81.0,0.1,Medium (6-10%),243.0,24.3,218.7
ORD-2248,2026-10-21,2026,Q4,10,October,2026-10,Wednesday,0,South,Corporate Sales,New,Monitors,Portable Monitor,Mid-range,Farah Ali,4,630.0,0.03,Low (1-5%),2520.0,75.6,2444.4
ORD-2249,2026-05-30,2026,Q2,5,May,2026-05,Saturday,1,West,Retail Store,Returning,Accessories,Wireless Mouse,Budget,Sofia Tan,2,39.29,0.0,No discount,78.58,0.01,78.57
ORD-2250,2026-03-05,2026,Q1,3,March,2026-03,Thursday,0,South,Marketplace,New,Accessories,Keyboard,Budget,Farah Ali,6,58.5,0.05,Low (1-5%),351.0,17.55,333.45
ORD-2251,2026-08-27,2026,Q3,8,August,2026-08,Thursday,0,East,Online,New,Computers,All-in-One PC,Premium,Amir Hassan,4,2700.0,0.0,No discount,10800.0,0.0,10800.0
ORD-2252,2026-02-20,2026,Q1,2,February,2026-02,Friday,0,South,Retail Store,Returning,Storage,USB Drive 128GB,Budget,Raj Kumar,8,54.0,0.08,Medium (6-10%),432.0,34.56,397.44
ORD-2253,2026-04-12,2026,Q2,4,April,2026-04,Sunday,1,West,Online,Returning,Computers,Laptop Air 13,Premium,Ben Ho,2,2137.5,0.2,High (>10%),4275.0,855.0,3420.0
ORD-2254,2026-12-19,2026,Q4,12,December,2026-12,Saturday,1,East,Retail Store,New,Monitors,Ultrawide Monitor,Premium,Nora Chen,6,1377.0,0.15,High (>10%),8262.0,1239.3,7022.7
ORD-2255,2026-03-20,2026,Q1,3,March,2026-03,Friday,0,South,Retail Store,New,Networking,Mesh Wi-Fi Set,Mid-range,Raj Kumar,3,688.5,0.08,Medium (6-10%),2065.5,165.24,1900.26
ORD-2256,2026-05-26,2026,Q2,5,May,2026-05,Tuesday,0,East,Retail Store,Returning,Networking,Ethernet Cable,Budget,Grace Ng,2,18.0,0.03,Low (1-5%),36.0,1.08,34.92
ORD-2257,2026-01-11,2026,Q1,1,January,2026-01,Sunday,1,East,Marketplace,New,Accessories,Laptop Stand,Budget,Nora Chen,3,34.2,0.08,Medium (6-10%),102.6,8.21,94.39
ORD-2258,2026-04-25,2026,Q2,4,April,2026-04,Saturday,1,West,Corporate Sales,New,Accessories,Webcam,Budget,Ben Ho,10,68.4,0.0,No discount,684.0,0.0,684.0
ORD-2259,2026-03-16,2026,Q1,3,March,2026-03,Monday,0,South,Online,Returning,Storage,USB Drive 128GB,Budget,Farah Ali,6,55.08,0.1,Medium (6-10%),330.48,33.05,297.43
ORD-2260,2026-11-06,2026,Q4,11,November,2026-11,Friday,0,North,Online,New,Accessories,Laptop Stand,Budget,Daniel Wong,2,34.2,0.08,Medium (6-10%),68.4,5.47,62.93
ORD-2261,2026-02-22,2026,Q1,2,February,2026-02,Sunday,1,Central,Marketplace,Returning,Accessories,Keyboard,Budget,Chloe Lim,2,56.75,0.03,Low (1-5%),113.5,3.41,110.09
ORD-2262,2026-03-26,2026,Q1,3,March,2026-03,Thursday,0,North,Online,New,Storage,USB Drive 128GB,Budget,Aisha Lim,2,52.38,0.05,Low (1-5%),104.76,5.24,99.52
ORD-2263,2026-11-09,2026,Q4,11,November,2026-11,Monday,0,Central,Online,New,Storage,External HDD 2TB,Mid-range,Chloe Lim,2,279.36,0.08,Medium (6-10%),558.72,44.7,514.02
ORD-2264,2026-01-26,2026,Q1,1,January,2026-01,Monday,0,West,Online,Returning,Computers,All-in-One PC,Premium,Ben Ho,2,2700.0,0.03,Low (1-5%),5400.0,162.0,5238.0
ORD-2265,2026-06-08,2026,Q2,6,June,2026-06,Monday,0,East,Corporate Sales,Returning,Networking,Network Switch,Mid-range,Nora Chen,8,162.0,0.0,No discount,1296.0,0.0,1296.0
ORD-2266,2026-04-29,2026,Q2,4,April,2026-04,Wednesday,0,East,Marketplace,Returning,Storage,External SSD 1TB,Mid-range,Nora Chen,2,405.0,0.05,Low (1-5%),810.0,40.5,769.5
ORD-2267,2026-03-21,2026,Q1,3,March,2026-03,Saturday,1,Central,Online,Returning,Storage,External HDD 2TB,Mid-range,Chloe Lim,3,299.52,0.05,Low (1-5%),898.56,44.93,853.63
ORD-2268,2026-07-21,2026,Q3,7,July,2026-07,Tuesday,0,Central,Corporate Sales,New,Computers,Laptop Pro 14,Premium,Chloe Lim,2,2793.6,0.15,High (>10%),5587.2,838.08,4749.12
ORD-2269,2026-08-27,2026,Q3,8,August,2026-08,Thursday,0,East,Corporate Sales,Returning,Monitors,24-inch Monitor,Mid-range,Amir Hassan,3,532.44,0.15,High (>10%),1597.32,239.6,1357.72
ORD-2270,2026-09-20,2026,Q3,9,September,2026-09,Sunday,1,West,Online,New,Office Supplies,Printer Paper,Budget,Ben Ho,5,16.52,0.05,Low (1-5%),82.6,4.11,78.49
ORD-2271,2026-04-16,2026,Q2,4,April,2026-04,Thursday,0,South,Marketplace,New,Storage,External SSD 1TB,Mid-range,Farah Ali,3,413.1,0.15,High (>10%),1239.3,185.89,1053.41
ORD-2272,2026-12-28,2026,Q4,12,December,2026-12,Monday,0,Central,Retail Store,Returning,Monitors,27-inch Monitor,Mid-range,Chloe Lim,3,765.0,0.08,Medium (6-10%),2295.0,183.6,2111.4
ORD-2273,2026-11-26,2026,Q4,11,November,2026-11,Thursday,0,South,Marketplace,Returning,Computers,Laptop Pro 14,Premium,Raj Kumar,3,2995.2,0.1,Medium (6-10%),8985.6,898.56,8087.04
ORD-2274,2026-03-31,2026,Q1,3,March,2026-03,Tuesday,0,North,Online,Returning,Accessories,Laptop Stand,Budget,Aisha Lim,2,34.2,0.05,Low (1-5%),68.4,3.42,64.98
ORD-2275,2026-11-28,2026,Q4,11,November,2026-11,Saturday,1,East,Online,Returning,Storage,Memory Card 256GB,Budget,Grace Ng,8,84.24,0.03,Low (1-5%),673.92,20.22,653.7
ORD-2276,2026-01-31,2026,Q1,1,January,2026-01,Saturday,1,North,Marketplace,Returning,Storage,External HDD 2TB,Mid-range,Mei Tan,4,288.0,0.08,Medium (6-10%),1152.0,92.16,1059.84
ORD-2277,2026-01-06,2026,Q1,1,January,2026-01,Tuesday,0,Central,Retail Store,New,Computers,All-in-One PC,Premium,Kevin Yap,2,2808.0,0.1,Medium (6-10%),5616.0,561.6,5054.4
ORD-2278,2026-04-24,2026,Q2,4,April,2026-04,Friday,0,South,Corporate Sales,New,Monitors,Portable Monitor,Mid-range,Raj Kumar,2,611.1,0.05,Low (1-5%),1222.2,61.11,1161.09
ORD-2279,2026-11-03,2026,Q4,11,November,2026-11,Tuesday,0,West,Marketplace,Returning,Storage,Memory Card 256GB,Budget,Ben Ho,4,81.0,0.08,Medium (6-10%),324.0,25.92,298.08
ORD-2280,2026-09-29,2026,Q3,9,September,2026-09,Tuesday,0,North,Online,Returning,Networking,Mesh Wi-Fi Set,Mid-range,Daniel Wong,6,675.0,0.03,Low (1-5%),4050.0,121.5,3928.5
ORD-2281,2026-01-06,2026,Q1,1,January,2026-01,Tuesday,0,South,Marketplace,Returning,Accessories,Laptop Stand,Budget,Jason Lee,4,33.17,0.08,Medium (6-10%),132.68,10.6,122.08
ORD-2282,2026-04-15,2026,Q2,4,April,2026-04,Wednesday,0,South,Online,Returning,Storage,USB Drive 128GB,Budget,Raj Kumar,3,51.3,0.03,Low (1-5%),153.9,4.62,149.28
ORD-2283,2026-05-27,2026,Q2,5,May,2026-05,Wednesday,0,West,Retail Store,Returning,Networking,Network Switch,Mid-range,Priya Shah,4,165.24,0.05,Low (1-5%),660.96,33.05,627.91
ORD-2284,2026-03-30,2026,Q1,3,March,2026-03,Monday,0,East,Online,Returning,Storage,External HDD 2TB,Mid-range,Grace Ng,2,288.0,0.05,Low (1-5%),576.0,28.8,547.2
ORD-2285,2026-01-11,2026,Q1,1,January,2026-01,Sunday,1,South,Online,New,Accessories,Mouse Pad,Budget,Raj Kumar,2,14.04,0.08,Medium (6-10%),28.08,2.25,25.83
ORD-2286,2026-06-13,2026,Q2,6,June,2026-06,Saturday,1,East,Retail Store,Returning,Accessories,Laptop Stand,Budget,Amir Hassan,3,36.25,0.1,Medium (6-10%),108.75,10.87,97.88
ORD-2287,2026-04-19,2026,Q2,4,April,2026-04,Sunday,1,North,Marketplace,New,Office Supplies,Sticky Notes,Budget,Daniel Wong,3,7.63,0.05,Low (1-5%),22.89,1.14,21.75
ORD-2288,2026-01-05,2026,Q1,1,January,2026-01,Monday,0,West,Corporate Sales,Returning,Computers,Laptop Pro 14,Premium,Sofia Tan,2,2880.0,0.1,Medium (6-10%),5760.0,576.0,5184.0
ORD-2289,2026-02-11,2026,Q1,2,February,2026-02,Wednesday,0,West,Corporate Sales,Returning,Networking,Mesh Wi-Fi Set,Mid-range,Priya Shah,4,675.0,0.03,Low (1-5%),2700.0,81.0,2619.0
ORD-2290,2026-04-25,2026,Q2,4,April,2026-04,Saturday,1,South,Online,New,Computers,Laptop Pro 14,Premium,Farah Ali,2,3052.8,0.0,No discount,6105.6,0.0,6105.6
ORD-2291,2026-09-13,2026,Q3,9,September,2026-09,Sunday,1,West,Retail Store,New,Accessories,Keyboard,Budget,Sofia Tan,5,56.75,0.1,Medium (6-10%),283.75,28.4,255.35
ORD-2292,2026-04-21,2026,Q2,4,April,2026-04,Tuesday,0,West,Online,Returning,Storage,Memory Card 256GB,Budget,Sofia Tan,2,76.95,0.1,Medium (6-10%),153.9,15.39,138.51
ORD-2293,2026-05-12,2026,Q2,5,May,2026-05,Tuesday,0,East,Online,Returning,Storage,External SSD 1TB,Mid-range,Grace Ng,4,405.0,0.1,Medium (6-10%),1620.0,162.0,1458.0
ORD-2294,2026-03-06,2026,Q1,3,March,2026-03,Friday,0,North,Retail Store,New,Monitors,24-inch Monitor,Mid-range,Aisha Lim,3,532.44,0.1,Medium (6-10%),1597.32,159.73,1437.59
ORD-2295,2026-07-27,2026,Q3,7,July,2026-07,Monday,0,North,Online,Returning,Networking,Ethernet Cable,Budget,Mei Tan,4,18.0,0.05,Low (1-5%),72.0,3.6,68.4
ORD-2296,2026-11-25,2026,Q4,11,November,2026-11,Wednesday,0,East,Online,New,Accessories,Wireless Mouse,Budget,Grace Ng,3,40.5,0.08,Medium (6-10%),121.5,9.72,111.78
ORD-2297,2026-09-25,2026,Q3,9,September,2026-09,Friday,0,South,Online,New,Office Supplies,Pen Pack,Budget,Farah Ali,5,10.8,0.08,Medium (6-10%),54.0,4.32,49.68
ORD-2298,2026-11-22,2026,Q4,11,November,2026-11,Sunday,1,North,Retail Store,New,Monitors,27-inch Monitor,Mid-range,Mei Tan,2,765.0,0.0,No discount,1530.0,0.0,1530.0
ORD-2299,2026-06-03,2026,Q2,6,June,2026-06,Wednesday,0,Central,Online,Returning,Computers,Desktop Mini,Premium,Chloe Lim,5,1717.2,0.08,Medium (6-10%),8586.0,686.88,7899.12
ORD-2300,2026-12-16,2026,Q4,12,December,2026-12,Wednesday,0,East,Online,Returning,Office Supplies,Pen Pack,Budget,Nora Chen,4,10.48,0.15,High (>10%),41.92,6.3,35.62
ORD-2301,2026-08-28,2026,Q3,8,August,2026-08,Friday,0,North,Online,New,Monitors,27-inch Monitor,Mid-range,Mei Tan,2,742.05,0.0,No discount,1484.1,0.0,1484.1
ORD-2302,2026-12-24,2026,Q4,12,December,2026-12,Thursday,0,Central,Online,Returning,Accessories,Wireless Mouse,Budget,Chloe Lim,3,39.29,0.05,Low (1-5%),117.87,5.91,111.96
ORD-2303,2026-02-21,2026,Q1,2,February,2026-02,Saturday,1,West,Corporate Sales,New,Networking,Network Switch,Mid-range,Sofia Tan,3,162.0,0.0,No discount,486.0,0.0,486.0
ORD-2304,2026-06-29,2026,Q2,6,June,2026-06,Monday,0,East,Retail Store,New,Storage,Memory Card 256GB,Budget,Nora Chen,5,78.57,0.03,Low (1-5%),392.85,11.79,381.06
ORD-2305,2026-06-13,2026,Q2,6,June,2026-06,Saturday,1,North,Retail Store,Returning,Computers,Laptop Pro 14,Premium,Aisha Lim,2,2736.0,0.2,High (>10%),5472.0,1094.4,4377.6
ORD-2306,2026-09-24,2026,Q3,9,September,2026-09,Thursday,0,East,Marketplace,New,Accessories,Keyboard,Budget,Grace Ng,5,58.5,0.15,High (>10%),292.5,43.87,248.63
ORD-2307,2026-01-19,2026,Q1,1,January,2026-01,Monday,0,Central,Retail Store,Returning,Monitors,27-inch Monitor,Mid-range,Hafiz Rahman,2,726.75,0.0,No discount,1453.5,0.0,1453.5
ORD-2308,2026-06-16,2026,Q2,6,June,2026-06,Tuesday,0,East,Online,Returning,Storage,External HDD 2TB,Mid-range,Nora Chen,5,293.76,0.05,Low (1-5%),1468.8,73.44,1395.36
ORD-2309,2026-12-08,2026,Q4,12,December,2026-12,Tuesday,0,East,Online,New,Office Supplies,Printer Paper,Budget,Grace Ng,3,16.85,0.03,Low (1-5%),50.55,1.52,49.03
ORD-2310,2026-05-04,2026,Q2,5,May,2026-05,Monday,0,South,Online,Returning,Storage,External HDD 2TB,Mid-range,Jason Lee,3,273.6,0.15,High (>10%),820.8,123.12,697.68
ORD-2311,2026-11-03,2026,Q4,11,November,2026-11,Tuesday,0,East,Marketplace,New,Office Supplies,Pen Pack,Budget,Amir Hassan,6,10.8,0.05,Low (1-5%),64.8,3.24,61.56
ORD-2312,2026-11-17,2026,Q4,11,November,2026-11,Tuesday,0,East,Retail Store,Returning,Computers,All-in-One PC,Premium,Amir Hassan,3,2700.0,0.1,Medium (6-10%),8100.0,810.0,7290.0
ORD-2313,2026-11-07,2026,Q4,11,November,2026-11,Saturday,1,West,Corporate Sales,Returning,Monitors,Portable Monitor,Mid-range,Priya Shah,3,630.0,0.1,Medium (6-10%),1890.0,189.0,1701.0
ORD-2314,2026-04-10,2026,Q2,4,April,2026-04,Friday,0,North,Corporate Sales,New,Storage,External HDD 2TB,Mid-range,Mei Tan,13,273.6,0.2,High (>10%),3556.8,711.36,2845.44
ORD-2315,2026-07-30,2026,Q3,7,July,2026-07,Thursday,0,North,Marketplace,New,Computers,Laptop Air 13,Premium,Mei Tan,4,2182.5,0.03,Low (1-5%),8730.0,261.9,8468.1
ORD-2316,2026-04-01,2026,Q2,4,April,2026-04,Wednesday,0,North,Marketplace,Returning,Accessories,USB-C Hub,Budget,Aisha Lim,3,48.02,0.05,Low (1-5%),144.06,7.22,136.84
ORD-2317,2026-01-20,2026,Q1,1,January,2026-01,Tuesday,0,South,Retail Store,New,Monitors,Portable Monitor,Mid-range,Farah Ali,3,598.5,0.2,High (>10%),1795.5,359.1,1436.4
ORD-2318,2026-01-05,2026,Q1,1,January,2026-01,Monday,0,South,Retail Store,Returning,Office Supplies,Notebook Set,Budget,Farah Ali,5,23.4,0.08,Medium (6-10%),117.0,9.36,107.64
ORD-2319,2026-12-22,2026,Q4,12,December,2026-12,Tuesday,0,East,Online,New,Monitors,24-inch Monitor,Mid-range,Nora Chen,2,553.32,0.03,Low (1-5%),1106.64,33.2,1073.44
ORD-2320,2026-10-23,2026,Q4,10,October,2026-10,Friday,0,West,Online,Returning,Computers,All-in-One PC,Premium,Priya Shah,2,2862.0,0.03,Low (1-5%),5724.0,171.72,5552.28
ORD-2321,2026-07-11,2026,Q3,7,July,2026-07,Saturday,1,East,Online,Returning,Monitors,24-inch Monitor,Mid-range,Amir Hassan,2,553.32,0.05,Low (1-5%),1106.64,55.33,1051.31
ORD-2322,2026-09-13,2026,Q3,9,September,2026-09,Sunday,1,Central,Retail Store,Returning,Computers,Laptop Pro 14,Premium,Chloe Lim,2,3052.8,0.05,Low (1-5%),6105.6,305.28,5800.32
ORD-2323,2026-01-20,2026,Q1,1,January,2026-01,Tuesday,0,South,Online,New,Office Supplies,Pen Pack,Budget,Jason Lee,3,11.45,0.0,No discount,34.35,0.01,34.34
ORD-2324,2026-11-29,2026,Q4,11,November,2026-11,Sunday,1,North,Online,New,Accessories,Mouse Pad,Budget,Daniel Wong,2,14.31,0.08,Medium (6-10%),28.62,2.29,26.33
ORD-2325,2026-04-12,2026,Q2,4,April,2026-04,Sunday,1,North,Online,Returning,Networking,Wi-Fi Router,Mid-range,Aisha Lim,4,267.12,0.15,High (>10%),1068.48,160.27,908.21
ORD-2326,2026-01-17,2026,Q1,1,January,2026-01,Saturday,1,Central,Online,Returning,Computers,Laptop Pro 14,Premium,Chloe Lim,2,2880.0,0.08,Medium (6-10%),5760.0,460.8,5299.2
ORD-2327,2026-09-01,2026,Q3,9,September,2026-09,Tuesday,0,Central,Corporate Sales,Returning,Monitors,27-inch Monitor,Mid-range,Kevin Yap,2,765.0,0.03,Low (1-5%),1530.0,45.9,1484.1
ORD-2328,2026-07-03,2026,Q3,7,July,2026-07,Friday,0,East,Marketplace,Returning,Accessories,Wireless Mouse,Budget,Nora Chen,4,40.5,0.0,No discount,162.0,0.0,162.0
ORD-2329,2026-05-04,2026,Q2,5,May,2026-05,Monday,0,South,Corporate Sales,Returning,Computers,All-in-One PC,Premium,Jason Lee,2,2565.0,0.1,Medium (6-10%),5130.0,513.0,4617.0
ORD-2330,2026-10-07,2026,Q4,10,October,2026-10,Wednesday,0,Central,Online,Returning,Office Supplies,Pen Pack,Budget,Chloe Lim,4,10.8,0.05,Low (1-5%),43.2,2.16,41.04
ORD-2331,2026-02-13,2026,Q1,2,February,2026-02,Friday,0,East,Retail Store,Returning,Accessories,Mouse Pad,Budget,Nora Chen,6,13.5,0.0,No discount,81.0,0.0,81.0
ORD-2332,2026-03-06,2026,Q1,3,March,2026-03,Friday,0,East,Online,Returning,Office Supplies,Desk Organizer,Budget,Amir Hassan,6,31.5,0.08,Medium (6-10%),189.0,15.12,173.88
ORD-2333,2026-11-01,2026,Q4,11,November,2026-11,Sunday,1,Central,Online,Returning,Networking,Network Switch,Mid-range,Kevin Yap,4,171.72,0.15,High (>10%),686.88,103.03,583.85
ORD-2334,2026-12-16,2026,Q4,12,December,2026-12,Wednesday,0,East,Corporate Sales,Returning,Storage,External HDD 2TB,Mid-range,Nora Chen,9,288.0,0.05,Low (1-5%),2592.0,129.6,2462.4
ORD-2335,2026-01-06,2026,Q1,1,January,2026-01,Tuesday,0,South,Retail Store,Returning,Office Supplies,Notebook Set,Budget,Jason Lee,3,22.95,0.05,Low (1-5%),68.85,3.44,65.41
ORD-2336,2026-11-30,2026,Q4,11,November,2026-11,Monday,0,South,Marketplace,Returning,Office Supplies,Printer Paper,Budget,Jason Lee,3,17.17,0.15,High (>10%),51.51,7.72,43.79
ORD-2337,2026-08-18,2026,Q3,8,August,2026-08,Tuesday,0,Central,Retail Store,Returning,Monitors,Portable Monitor,Mid-range,Hafiz Rahman,2,642.6,0.05,Low (1-5%),1285.2,64.26,1220.94
ORD-2338,2026-07-20,2026,Q3,7,July,2026-07,Monday,0,West,Online,New,Accessories,Laptop Stand,Budget,Sofia Tan,3,34.2,0.15,High (>10%),102.6,15.39,87.21
ORD-2339,2026-12-08,2026,Q4,12,December,2026-12,Tuesday,0,Central,Online,New,Storage,USB Drive 128GB,Budget,Chloe Lim,4,54.0,0.08,Medium (6-10%),216.0,17.28,198.72
ORD-2340,2026-10-29,2026,Q4,10,October,2026-10,Thursday,0,Central,Marketplace,Returning,Accessories,Mouse Pad,Budget,Chloe Lim,5,13.77,0.08,Medium (6-10%),68.85,5.51,63.34
ORD-2341,2026-11-19,2026,Q4,11,November,2026-11,Thursday,0,East,Online,Returning,Accessories,Keyboard,Budget,Amir Hassan,4,58.5,0.1,Medium (6-10%),234.0,23.4,210.6
ORD-2342,2026-03-21,2026,Q1,3,March,2026-03,Saturday,1,Central,Online,Returning,Storage,Memory Card 256GB,Budget,Hafiz Rahman,2,82.62,0.08,Medium (6-10%),165.24,13.22,152.02
ORD-2343,2026-02-13,2026,Q1,2,February,2026-02,Friday,0,Central,Marketplace,New,Accessories,Laptop Stand,Budget,Kevin Yap,3,36.25,0.2,High (>10%),108.75,21.75,87.0
ORD-2344,2026-11-17,2026,Q4,11,November,2026-11,Tuesday,0,East,Online,New,Computers,Gaming Laptop,Premium,Nora Chen,2,3666.6,0.08,Medium (6-10%),7333.2,586.66,6746.54
ORD-2345,2026-04-03,2026,Q2,4,April,2026-04,Friday,0,South,Marketplace,New,Office Supplies,Desk Organizer,Budget,Raj Kumar,4,30.56,0.05,Low (1-5%),122.24,6.13,116.11
ORD-2346,2026-12-22,2026,Q4,12,December,2026-12,Tuesday,0,East,Online,Returning,Accessories,Wireless Mouse,Budget,Amir Hassan,8,41.31,0.1,Medium (6-10%),330.48,33.05,297.43
ORD-2347,2026-08-06,2026,Q3,8,August,2026-08,Thursday,0,North,Retail Store,Returning,Networking,Ethernet Cable,Budget,Aisha Lim,2,18.0,0.08,Medium (6-10%),36.0,2.88,33.12
ORD-2348,2026-06-10,2026,Q2,6,June,2026-06,Wednesday,0,Central,Marketplace,New,Storage,External HDD 2TB,Mid-range,Hafiz Rahman,4,279.36,0.08,Medium (6-10%),1117.44,89.4,1028.04
ORD-2349,2026-04-11,2026,Q2,4,April,2026-04,Saturday,1,North,Marketplace,New,Monitors,27-inch Monitor,Mid-range,Mei Tan,5,765.0,0.05,Low (1-5%),3825.0,191.25,3633.75
ORD-2350,2026-10-04,2026,Q4,10,October,2026-10,Sunday,1,East,Marketplace,Returning,Computers,Laptop Air 13,Premium,Amir Hassan,3,2182.5,0.05,Low (1-5%),6547.5,327.37,6220.13
ORD-2351,2026-06-24,2026,Q2,6,June,2026-06,Wednesday,0,Central,Marketplace,Returning,Accessories,Laptop Stand,Budget,Kevin Yap,7,34.2,0.08,Medium (6-10%),239.4,19.15,220.25
ORD-2352,2026-01-05,2026,Q1,1,January,2026-01,Monday,0,East,Retail Store,Returning,Storage,USB Drive 128GB,Budget,Grace Ng,5,54.0,0.08,Medium (6-10%),270.0,21.6,248.4
ORD-2353,2026-06-09,2026,Q2,6,June,2026-06,Tuesday,0,Central,Online,New,Computers,Laptop Air 13,Premium,Hafiz Rahman,3,2250.0,0.03,Low (1-5%),6750.0,202.5,6547.5
ORD-2354,2026-12-22,2026,Q4,12,December,2026-12,Tuesday,0,Central,Online,Returning,Monitors,24-inch Monitor,Mid-range,Chloe Lim,3,542.88,0.05,Low (1-5%),1628.64,81.43,1547.21
ORD-2355,2026-07-24,2026,Q3,7,July,2026-07,Friday,0,East,Retail Store,Returning,Computers,Desktop Mini,Premium,Nora Chen,4,1652.4,0.03,Low (1-5%),6609.6,198.29,6411.31
ORD-2356,2026-03-28,2026,Q1,3,March,2026-03,Saturday,1,East,Retail Store,Returning,Accessories,Wireless Mouse,Budget,Nora Chen,3,42.12,0.1,Medium (6-10%),126.36,12.64,113.72
ORD-2357,2026-06-09,2026,Q2,6,June,2026-06,Tuesday,0,North,Corporate Sales,New,Accessories,Laptop Stand,Budget,Aisha Lim,5,36.25,0.03,Low (1-5%),181.25,5.43,175.82
ORD-2358,2026-04-30,2026,Q2,4,April,2026-04,Thursday,0,North,Retail Store,New,Accessories,Wireless Mouse,Budget,Daniel Wong,4,38.48,0.08,Medium (6-10%),153.92,12.33,141.59
ORD-2359,2026-03-18,2026,Q1,3,March,2026-03,Wednesday,0,East,Retail Store,New,Accessories,Keyboard,Budget,Nora Chen,2,56.75,0.0,No discount,113.5,0.01,113.49
ORD-2360,2026-07-25,2026,Q3,7,July,2026-07,Saturday,1,East,Corporate Sales,Returning,Computers,Laptop Air 13,Premium,Nora Chen,3,2250.0,0.05,Low (1-5%),6750.0,337.5,6412.5
ORD-2361,2026-10-17,2026,Q4,10,October,2026-10,Saturday,1,Central,Retail Store,Returning,Computers,Laptop Air 13,Premium,Chloe Lim,2,2137.5,0.1,Medium (6-10%),4275.0,427.5,3847.5
ORD-2362,2026-11-27,2026,Q4,11,November,2026-11,Friday,0,South,Corporate Sales,Returning,Monitors,24-inch Monitor,Mid-range,Raj Kumar,2,522.0,0.1,Medium (6-10%),1044.0,104.4,939.6
ORD-2363,2026-01-13,2026,Q1,1,January,2026-01,Tuesday,0,North,Online,Returning,Monitors,Portable Monitor,Mid-range,Daniel Wong,4,655.2,0.05,Low (1-5%),2620.8,131.04,2489.76
ORD-2364,2026-12-12,2026,Q4,12,December,2026-12,Saturday,1,Central,Retail Store,Returning,Computers,Desktop Mini,Premium,Chloe Lim,2,1684.8,0.15,High (>10%),3369.6,505.44,2864.16
ORD-2365,2026-07-11,2026,Q3,7,July,2026-07,Saturday,1,North,Marketplace,Returning,Accessories,USB-C Hub,Budget,Aisha Lim,3,51.48,0.08,Medium (6-10%),154.44,12.36,142.08
ORD-2366,2026-07-25,2026,Q3,7,July,2026-07,Saturday,1,North,Retail Store,Returning,Accessories,Webcam,Budget,Mei Tan,4,72.0,0.03,Low (1-5%),288.0,8.64,279.36
ORD-2367,2026-03-29,2026,Q1,3,March,2026-03,Sunday,1,North,Retail Store,Returning,Monitors,Portable Monitor,Mid-range,Aisha Lim,4,642.6,0.05,Low (1-5%),2570.4,128.52,2441.88
ORD-2368,2026-08-12,2026,Q3,8,August,2026-08,Wednesday,0,Central,Marketplace,Returning,Accessories,Wireless Mouse,Budget,Kevin Yap,3,41.31,0.08,Medium (6-10%),123.93,9.91,114.02
ORD-2369,2026-03-11,2026,Q1,3,March,2026-03,Wednesday,0,East,Online,Returning,Monitors,Portable Monitor,Mid-range,Grace Ng,2,611.1,0.05,Low (1-5%),1222.2,61.11,1161.09
ORD-2370,2026-04-03,2026,Q2,4,April,2026-04,Friday,0,North,Corporate Sales,New,Accessories,Keyboard,Budget,Daniel Wong,3,59.67,0.05,Low (1-5%),179.01,8.95,170.06
ORD-2371,2026-06-20,2026,Q2,6,June,2026-06,Saturday,1,South,Online,Returning,Monitors,Portable Monitor,Mid-range,Jason Lee,2,667.8,0.08,Medium (6-10%),1335.6,106.85,1228.75
ORD-2372,2026-10-24,2026,Q4,10,October,2026-10,Saturday,1,West,Retail Store,Returning,Accessories,USB-C Hub,Budget,Priya Shah,4,50.49,0.05,Low (1-5%),201.96,10.1,191.86
ORD-2373,2026-05-09,2026,Q2,5,May,2026-05,Saturday,1,North,Marketplace,New,Computers,Gaming Laptop,Premium,Mei Tan,2,3780.0,0.05,Low (1-5%),7560.0,378.0,7182.0
ORD-2374,2026-03-19,2026,Q1,3,March,2026-03,Thursday,0,North,Corporate Sales,Returning,Monitors,Ultrawide Monitor,Premium,Mei Tan,2,1350.0,0.0,No discount,2700.0,0.0,2700.0
ORD-2375,2026-04-16,2026,Q2,4,April,2026-04,Thursday,0,Central,Online,Returning,Accessories,Mouse Pad,Budget,Hafiz Rahman,2,14.31,0.08,Medium (6-10%),28.62,2.29,26.33
ORD-2376,2026-12-08,2026,Q4,12,December,2026-12,Tuesday,0,Central,Marketplace,New,Monitors,Ultrawide Monitor,Premium,Kevin Yap,3,1377.0,0.1,Medium (6-10%),4131.0,413.1,3717.9
ORD-2377,2026-08-22,2026,Q3,8,August,2026-08,Saturday,1,South,Retail Store,Returning,Computers,Laptop Pro 14,Premium,Jason Lee,2,2995.2,0.03,Low (1-5%),5990.4,179.71,5810.69
ORD-2378,2026-04-24,2026,Q2,4,April,2026-04,Friday,0,Central,Online,Returning,Office Supplies,Desk Organizer,Budget,Chloe Lim,6,30.56,0.05,Low (1-5%),183.36,9.2,174.16
ORD-2379,2026-08-11,2026,Q3,8,August,2026-08,Tuesday,0,East,Online,New,Monitors,Ultrawide Monitor,Premium,Amir Hassan,3,1404.0,0.08,Medium (6-10%),4212.0,336.96,3875.04
ORD-2380,2026-08-04,2026,Q3,8,August,2026-08,Tuesday,0,North,Retail Store,Returning,Accessories,Laptop Stand,Budget,Mei Tan,3,32.49,0.1,Medium (6-10%),97.47,9.75,87.72
ORD-2381,2026-01-06,2026,Q1,1,January,2026-01,Tuesday,0,South,Online,New,Monitors,Portable Monitor,Mid-range,Raj Kumar,3,655.2,0.08,Medium (6-10%),1965.6,157.25,1808.35
ORD-2382,2026-04-20,2026,Q2,4,April,2026-04,Monday,0,Central,Online,Returning,Monitors,24-inch Monitor,Mid-range,Chloe Lim,2,506.34,0.1,Medium (6-10%),1012.68,101.27,911.41
ORD-2383,2026-03-14,2026,Q1,3,March,2026-03,Saturday,1,East,Online,Returning,Office Supplies,Pen Pack,Budget,Nora Chen,2,10.26,0.0,No discount,20.52,0.0,20.52
ORD-2384,2026-04-27,2026,Q2,4,April,2026-04,Monday,0,South,Corporate Sales,Returning,Computers,All-in-One PC,Premium,Farah Ali,2,2619.0,0.15,High (>10%),5238.0,785.7,4452.3
ORD-2385,2026-02-19,2026,Q1,2,February,2026-02,Thursday,0,North,Online,New,Networking,Mesh Wi-Fi Set,Mid-range,Aisha Lim,6,702.0,0.05,Low (1-5%),4212.0,210.6,4001.4
ORD-2386,2026-08-20,2026,Q3,8,August,2026-08,Thursday,0,Central,Online,Returning,Accessories,USB-C Hub,Budget,Kevin Yap,2,49.5,0.1,Medium (6-10%),99.0,9.9,89.1
ORD-2387,2026-02-20,2026,Q1,2,February,2026-02,Friday,0,North,Online,Returning,Computers,Laptop Air 13,Premium,Daniel Wong,3,2385.0,0.05,Low (1-5%),7155.0,357.75,6797.25
ORD-2388,2026-05-21,2026,Q2,5,May,2026-05,Thursday,0,West,Retail Store,Returning,Computers,Desktop Mini,Premium,Priya Shah,2,1652.4,0.05,Low (1-5%),3304.8,165.24,3139.56
ORD-2389,2026-03-03,2026,Q1,3,March,2026-03,Tuesday,0,North,Marketplace,New,Networking,Mesh Wi-Fi Set,Mid-range,Aisha Lim,5,675.0,0.05,Low (1-5%),3375.0,168.75,3206.25
ORD-2390,2026-09-19,2026,Q3,9,September,2026-09,Saturday,1,North,Retail Store,Returning,Networking,Ethernet Cable,Budget,Aisha Lim,7,18.0,0.08,Medium (6-10%),126.0,10.08,115.92
ORD-2391,2026-07-03,2026,Q3,7,July,2026-07,Friday,0,South,Online,Returning,Office Supplies,Printer Paper,Budget,Farah Ali,6,16.2,0.05,Low (1-5%),97.2,4.86,92.34
ORD-2392,2026-10-28,2026,Q4,10,October,2026-10,Wednesday,0,South,Online,New,Networking,Network Switch,Mid-range,Jason Lee,8,165.24,0.08,Medium (6-10%),1321.92,105.75,1216.17
ORD-2393,2026-03-28,2026,Q1,3,March,2026-03,Saturday,1,Central,Marketplace,Returning,Monitors,Ultrawide Monitor,Premium,Kevin Yap,2,1350.0,0.03,Low (1-5%),2700.0,81.0,2619.0
ORD-2394,2026-08-31,2026,Q3,8,August,2026-08,Monday,0,South,Online,New,Accessories,Wireless Mouse,Budget,Farah Ali,5,41.31,0.1,Medium (6-10%),206.55,20.65,185.9
ORD-2395,2026-04-05,2026,Q2,4,April,2026-04,Sunday,1,East,Marketplace,Returning,Accessories,Laptop Stand,Budget,Grace Ng,4,34.2,0.15,High (>10%),136.8,20.52,116.28
ORD-2396,2026-08-20,2026,Q3,8,August,2026-08,Thursday,0,North,Corporate Sales,Returning,Accessories,Mouse Pad,Budget,Mei Tan,8,13.5,0.1,Medium (6-10%),108.0,10.8,97.2
ORD-2397,2026-01-04,2026,Q1,1,January,2026-01,Sunday,1,South,Retail Store,Returning,Monitors,Portable Monitor,Mid-range,Raj Kumar,5,667.8,0.08,Medium (6-10%),3339.0,267.12,3071.88
ORD-2398,2026-12-27,2026,Q4,12,December,2026-12,Sunday,1,East,Retail Store,New,Storage,External SSD 1TB,Mid-range,Amir Hassan,4,405.0,0.1,Medium (6-10%),1620.0,162.0,1458.0
ORD-2399,2026-04-17,2026,Q2,4,April,2026-04,Friday,0,North,Online,Returning,Accessories,Wireless Mouse,Budget,Aisha Lim,2,42.12,0.0,No discount,84.24,0.0,84.24
ORD-2400,2026-07-29,2026,Q3,7,July,2026-07,Wednesday,0,East,Retail Store,Returning,Networking,Ethernet Cable,Budget,Grace Ng,4,17.1,0.08,Medium (6-10%),68.4,5.47,62.93
ORD-2401,2026-10-09,2026,Q4,10,October,2026-10,Friday,0,West,Marketplace,Returning,Computers,Desktop Mini,Premium,Priya Shah,2,1620.0,0.03,Low (1-5%),3240.0,97.2,3142.8
ORD-2402,2026-11-06,2026,Q4,11,November,2026-11,Friday,0,West,Marketplace,New,Accessories,Mouse Pad,Budget,Ben Ho,2,13.5,0.05,Low (1-5%),27.0,1.35,25.65
ORD-2403,2026-06-29,2026,Q2,6,June,2026-06,Monday,0,East,Corporate Sales,Returning,Office Supplies,Desk Organizer,Budget,Grace Ng,16,31.5,0.1,Medium (6-10%),504.0,50.4,453.6
ORD-2404,2026-05-01,2026,Q2,5,May,2026-05,Friday,0,Central,Marketplace,New,Accessories,Laptop Stand,Budget,Chloe Lim,2,34.2,0.05,Low (1-5%),68.4,3.42,64.98
ORD-2405,2026-07-27,2026,Q3,7,July,2026-07,Monday,0,West,Retail Store,New,Storage,USB Drive 128GB,Budget,Sofia Tan,3,52.38,0.0,No discount,157.14,0.0,157.14
ORD-2406,2026-07-06,2026,Q3,7,July,2026-07,Monday,0,East,Online,New,Networking,Wi-Fi Router,Mid-range,Grace Ng,2,244.44,0.05,Low (1-5%),488.88,24.44,464.44
ORD-2407,2026-11-18,2026,Q4,11,November,2026-11,Wednesday,0,North,Marketplace,Returning,Computers,Desktop Mini,Premium,Daniel Wong,3,1684.8,0.08,Medium (6-10%),5054.4,404.35,4650.05
ORD-2408,2026-10-13,2026,Q4,10,October,2026-10,Tuesday,0,North,Online,Returning,Storage,External SSD 1TB,Mid-range,Aisha Lim,6,405.0,0.15,High (>10%),2430.0,364.5,2065.5
ORD-2409,2026-08-15,2026,Q3,8,August,2026-08,Saturday,1,South,Corporate Sales,New,Accessories,USB-C Hub,Budget,Jason Lee,3,49.5,0.05,Low (1-5%),148.5,7.42,141.08
ORD-2410,2026-12-21,2026,Q4,12,December,2026-12,Monday,0,South,Corporate Sales,New,Computers,Gaming Laptop,Premium,Jason Lee,2,3666.6,0.03,Low (1-5%),7333.2,220.0,7113.2
ORD-2411,2026-04-08,2026,Q2,4,April,2026-04,Wednesday,0,East,Retail Store,Returning,Monitors,Ultrawide Monitor,Premium,Grace Ng,3,1309.5,0.0,No discount,3928.5,0.0,3928.5
ORD-2412,2026-10-05,2026,Q4,10,October,2026-10,Monday,0,East,Retail Store,New,Accessories,Laptop Stand,Budget,Nora Chen,5,34.2,0.1,Medium (6-10%),171.0,17.1,153.9
ORD-2413,2026-04-28,2026,Q2,4,April,2026-04,Tuesday,0,South,Online,Returning,Accessories,Laptop Stand,Budget,Farah Ali,3,34.2,0.0,No discount,102.6,0.0,102.6
ORD-2414,2026-05-23,2026,Q2,5,May,2026-05,Saturday,1,North,Online,Returning,Monitors,24-inch Monitor,Mid-range,Aisha Lim,2,532.44,0.2,High (>10%),1064.88,212.98,851.9
ORD-2415,2026-04-05,2026,Q2,4,April,2026-04,Sunday,1,North,Online,Returning,Accessories,Laptop Stand,Budget,Daniel Wong,6,34.2,0.05,Low (1-5%),205.2,10.26,194.94
ORD-2416,2026-03-12,2026,Q1,3,March,2026-03,Thursday,0,Central,Retail Store,Returning,Storage,USB Drive 128GB,Budget,Chloe Lim,2,54.0,0.08,Medium (6-10%),108.0,8.64,99.36
ORD-2417,2026-05-29,2026,Q2,5,May,2026-05,Friday,0,East,Corporate Sales,New,Accessories,Wireless Mouse,Budget,Nora Chen,14,39.29,0.08,Medium (6-10%),550.06,44.07,505.99
ORD-2418,2026-02-11,2026,Q1,2,February,2026-02,Wednesday,0,East,Online,Returning,Accessories,Webcam,Budget,Grace Ng,2,72.0,0.03,Low (1-5%),144.0,4.32,139.68
ORD-2419,2026-12-23,2026,Q4,12,December,2026-12,Wednesday,0,Central,Retail Store,New,Accessories,Mouse Pad,Budget,Kevin Yap,2,13.5,0.2,High (>10%),27.0,5.4,21.6
ORD-2420,2026-07-14,2026,Q3,7,July,2026-07,Tuesday,0,North,Retail Store,New,Office Supplies,Pen Pack,Budget,Mei Tan,4,11.45,0.0,No discount,45.8,0.01,45.79
ORD-2421,2026-08-13,2026,Q3,8,August,2026-08,Thursday,0,North,Retail Store,New,Computers,All-in-One PC,Premium,Mei Tan,4,2808.0,0.03,Low (1-5%),11232.0,336.96,10895.04
ORD-2422,2026-08-29,2026,Q3,8,August,2026-08,Saturday,1,North,Retail Store,Returning,Monitors,24-inch Monitor,Mid-range,Daniel Wong,3,542.88,0.1,Medium (6-10%),1628.64,162.86,1465.78
ORD-2423,2026-06-02,2026,Q2,6,June,2026-06,Tuesday,0,Central,Retail Store,Returning,Computers,Laptop Pro 14,Premium,Kevin Yap,5,2880.0,0.1,Medium (6-10%),14400.0,1440.0,12960.0
ORD-2424,2026-01-13,2026,Q1,1,January,2026-01,Tuesday,0,North,Online,Returning,Monitors,27-inch Monitor,Mid-range,Mei Tan,4,742.05,0.0,No discount,2968.2,0.0,2968.2
ORD-2425,2026-05-15,2026,Q2,5,May,2026-05,Friday,0,North,Corporate Sales,Returning,Networking,Ethernet Cable,Budget,Aisha Lim,7,18.72,0.08,Medium (6-10%),131.04,10.48,120.56
ORD-2426,2026-07-06,2026,Q3,7,July,2026-07,Monday,0,Central,Online,Returning,Accessories,Mouse Pad,Budget,Hafiz Rahman,3,13.5,0.2,High (>10%),40.5,8.1,32.4
ORD-2427,2026-01-01,2026,Q1,1,January,2026-01,Thursday,0,East,Online,Returning,Office Supplies,Printer Paper,Budget,Amir Hassan,2,16.2,0.0,No discount,32.4,0.0,32.4
ORD-2428,2026-09-03,2026,Q3,9,September,2026-09,Thursday,0,North,Corporate Sales,Returning,Office Supplies,Notebook Set,Budget,Aisha Lim,6,23.85,0.1,Medium (6-10%),143.1,14.31,128.79
ORD-2429,2026-03-28,2026,Q1,3,March,2026-03,Saturday,1,South,Retail Store,Returning,Accessories,Keyboard,Budget,Raj Kumar,7,62.01,0.0,No discount,434.07,0.0,434.07
ORD-2430,2026-09-13,2026,Q3,9,September,2026-09,Sunday,1,North,Marketplace,Returning,Networking,Wi-Fi Router,Mid-range,Daniel Wong,5,252.0,0.08,Medium (6-10%),1260.0,100.8,1159.2
ORD-2431,2026-02-28,2026,Q1,2,February,2026-02,Saturday,1,West,Corporate Sales,Returning,Accessories,Webcam,Budget,Sofia Tan,6,69.84,0.05,Low (1-5%),419.04,20.95,398.09
ORD-2432,2026-10-22,2026,Q4,10,October,2026-10,Thursday,0,Central,Marketplace,Returning,Networking,Mesh Wi-Fi Set,Mid-range,Chloe Lim,8,715.5,0.0,No discount,5724.0,0.0,5724.0
ORD-2433,2026-05-23,2026,Q2,5,May,2026-05,Saturday,1,West,Retail Store,New,Monitors,27-inch Monitor,Mid-range,Ben Ho,3,742.05,0.08,Medium (6-10%),2226.15,178.09,2048.06
ORD-2434,2026-04-26,2026,Q2,4,April,2026-04,Sunday,1,South,Online,Returning,Office Supplies,Sticky Notes,Budget,Raj Kumar,2,7.34,0.05,Low (1-5%),14.68,0.73,13.95
ORD-2435,2026-11-11,2026,Q4,11,November,2026-11,Wednesday,0,North,Online,Returning,Accessories,Laptop Stand,Budget,Mei Tan,2,36.25,0.2,High (>10%),72.5,14.5,58.0
ORD-2436,2026-04-09,2026,Q2,4,April,2026-04,Thursday,0,East,Online,Returning,Accessories,USB-C Hub,Budget,Nora Chen,4,51.48,0.1,Medium (6-10%),205.92,20.59,185.33
ORD-2437,2026-09-18,2026,Q3,9,September,2026-09,Friday,0,East,Online,Returning,Accessories,Wireless Mouse,Budget,Amir Hassan,3,38.48,0.15,High (>10%),115.44,17.33,98.11
ORD-2438,2026-09-02,2026,Q3,9,September,2026-09,Wednesday,0,West,Marketplace,Returning,Accessories,Keyboard,Budget,Priya Shah,2,56.75,0.05,Low (1-5%),113.5,5.68,107.82
ORD-2439,2026-07-21,2026,Q3,7,July,2026-07,Tuesday,0,Central,Online,Returning,Accessories,Keyboard,Budget,Chloe Lim,7,55.58,0.05,Low (1-5%),389.06,19.49,369.57
ORD-2440,2026-10-29,2026,Q4,10,October,2026-10,Thursday,0,South,Online,Returning,Networking,Ethernet Cable,Budget,Farah Ali,3,17.1,0.05,Low (1-5%),51.3,2.56,48.74
ORD-2441,2026-10-18,2026,Q4,10,October,2026-10,Sunday,1,West,Online,New,Storage,External SSD 1TB,Mid-range,Sofia Tan,2,405.0,0.1,Medium (6-10%),810.0,81.0,729.0
ORD-2442,2026-10-24,2026,Q4,10,October,2026-10,Saturday,1,North,Marketplace,New,Accessories,Wireless Mouse,Budget,Mei Tan,2,42.93,0.03,Low (1-5%),85.86,2.58,83.28
ORD-2443,2026-10-24,2026,Q4,10,October,2026-10,Saturday,1,North,Retail Store,Returning,Computers,Gaming Laptop,Premium,Mei Tan,2,3780.0,0.1,Medium (6-10%),7560.0,756.0,6804.0
ORD-2444,2026-01-06,2026,Q1,1,January,2026-01,Tuesday,0,North,Online,New,Office Supplies,Printer Paper,Budget,Mei Tan,2,15.71,0.03,Low (1-5%),31.42,0.93,30.49
ORD-2445,2026-04-03,2026,Q2,4,April,2026-04,Friday,0,East,Corporate Sales,New,Storage,USB Drive 128GB,Budget,Grace Ng,5,57.24,0.2,High (>10%),286.2,57.24,228.96
ORD-2446,2026-07-09,2026,Q3,7,July,2026-07,Thursday,0,Central,Retail Store,Returning,Office Supplies,Desk Organizer,Budget,Kevin Yap,3,32.13,0.03,Low (1-5%),96.39,2.89,93.5
ORD-2447,2026-11-27,2026,Q4,11,November,2026-11,Friday,0,North,Retail Store,Returning,Monitors,24-inch Monitor,Mid-range,Mei Tan,4,506.34,0.03,Low (1-5%),2025.36,60.76,1964.6
ORD-2448,2026-03-23,2026,Q1,3,March,2026-03,Monday,0,East,Marketplace,Returning,Computers,All-in-One PC,Premium,Nora Chen,2,2700.0,0.03,Low (1-5%),5400.0,162.0,5238.0
ORD-2449,2026-08-11,2026,Q3,8,August,2026-08,Tuesday,0,Central,Retail Store,Returning,Office Supplies,Pen Pack,Budget,Hafiz Rahman,3,10.48,0.08,Medium (6-10%),31.44,2.53,28.91
ORD-2450,2026-04-18,2026,Q2,4,April,2026-04,Saturday,1,North,Online,Returning,Office Supplies,Pen Pack,Budget,Daniel Wong,6,10.8,0.03,Low (1-5%),64.8,1.94,62.86
ORD-2451,2026-05-02,2026,Q2,5,May,2026-05,Saturday,1,West,Online,Returning,Monitors,Ultrawide Monitor,Premium,Ben Ho,2,1431.0,0.03,Low (1-5%),2862.0,85.86,2776.14
ORD-2452,2026-01-25,2026,Q1,1,January,2026-01,Sunday,1,North,Online,Returning,Accessories,Mouse Pad,Budget,Daniel Wong,2,12.83,0.0,No discount,25.66,0.01,25.65
ORD-2453,2026-11-19,2026,Q4,11,November,2026-11,Thursday,0,North,Corporate Sales,Returning,Office Supplies,Printer Paper,Budget,Daniel Wong,3,16.52,0.1,Medium (6-10%),49.56,4.95,44.61
ORD-2454,2026-05-01,2026,Q2,5,May,2026-05,Friday,0,Central,Online,Returning,Storage,USB Drive 128GB,Budget,Chloe Lim,3,54.0,0.0,No discount,162.0,0.0,162.0
ORD-2455,2026-08-19,2026,Q3,8,August,2026-08,Wednesday,0,East,Online,Returning,Storage,External HDD 2TB,Mid-range,Grace Ng,6,288.0,0.03,Low (1-5%),1728.0,51.84,1676.16
ORD-2456,2026-11-10,2026,Q4,11,November,2026-11,Tuesday,0,South,Online,Returning,Accessories,Webcam,Budget,Raj Kumar,2,68.4,0.03,Low (1-5%),136.8,4.1,132.7
ORD-2457,2026-05-21,2026,Q2,5,May,2026-05,Thursday,0,South,Online,Returning,Monitors,Portable Monitor,Mid-range,Raj Kumar,3,655.2,0.03,Low (1-5%),1965.6,58.97,1906.63
ORD-2458,2026-11-17,2026,Q4,11,November,2026-11,Tuesday,0,North,Online,Returning,Computers,Laptop Air 13,Premium,Mei Tan,3,2340.0,0.08,Medium (6-10%),7020.0,561.6,6458.4
ORD-2459,2026-02-08,2026,Q1,2,February,2026-02,Sunday,1,South,Online,Returning,Storage,Memory Card 256GB,Budget,Jason Lee,5,82.62,0.0,No discount,413.1,0.0,413.1
ORD-2460,2026-10-31,2026,Q4,10,October,2026-10,Saturday,1,Central,Marketplace,New,Accessories,Laptop Stand,Budget,Hafiz Rahman,7,32.49,0.15,High (>10%),227.43,34.11,193.32
ORD-2461,2026-04-11,2026,Q2,4,April,2026-04,Saturday,1,Central,Marketplace,Returning,Accessories,Mouse Pad,Budget,Kevin Yap,8,13.5,0.1,Medium (6-10%),108.0,10.8,97.2
ORD-2462,2026-12-16,2026,Q4,12,December,2026-12,Wednesday,0,Central,Online,New,Storage,External HDD 2TB,Mid-range,Kevin Yap,3,279.36,0.05,Low (1-5%),838.08,41.9,796.18
ORD-2463,2026-01-23,2026,Q1,1,January,2026-01,Friday,0,South,Corporate Sales,Returning,Monitors,Ultrawide Monitor,Premium,Farah Ali,2,1404.0,0.0,No discount,2808.0,0.0,2808.0
ORD-2464,2026-05-10,2026,Q2,5,May,2026-05,Sunday,1,South,Corporate Sales,Returning,Computers,Desktop Mini,Premium,Farah Ali,2,1620.0,0.15,High (>10%),3240.0,486.0,2754.0
ORD-2465,2026-04-21,2026,Q2,4,April,2026-04,Tuesday,0,South,Online,Returning,Storage,External SSD 1TB,Mid-range,Jason Lee,3,405.0,0.03,Low (1-5%),1215.0,36.45,1178.55
ORD-2466,2026-05-18,2026,Q2,5,May,2026-05,Monday,0,West,Online,Returning,Networking,Wi-Fi Router,Mid-range,Ben Ho,3,244.44,0.03,Low (1-5%),733.32,22.0,711.32
ORD-2467,2026-11-17,2026,Q4,11,November,2026-11,Tuesday,0,East,Marketplace,Returning,Office Supplies,Pen Pack,Budget,Grace Ng,3,10.48,0.08,Medium (6-10%),31.44,2.53,28.91
ORD-2468,2026-07-27,2026,Q3,7,July,2026-07,Monday,0,Central,Online,Returning,Monitors,24-inch Monitor,Mid-range,Chloe Lim,2,532.44,0.08,Medium (6-10%),1064.88,85.19,979.69
ORD-2469,2026-10-12,2026,Q4,10,October,2026-10,Monday,0,North,Marketplace,New,Storage,USB Drive 128GB,Budget,Aisha Lim,6,54.0,0.05,Low (1-5%),324.0,16.2,307.8
ORD-2470,2026-04-11,2026,Q2,4,April,2026-04,Saturday,1,South,Online,New,Accessories,Wireless Mouse,Budget,Raj Kumar,4,42.93,0.1,Medium (6-10%),171.72,17.17,154.55
ORD-2471,2026-07-20,2026,Q3,7,July,2026-07,Monday,0,Central,Online,New,Storage,Memory Card 256GB,Budget,Chloe Lim,2,81.0,0.05,Low (1-5%),162.0,8.1,153.9
ORD-2472,2026-01-14,2026,Q1,1,January,2026-01,Wednesday,0,Central,Corporate Sales,Returning,Networking,Network Switch,Mid-range,Kevin Yap,16,165.24,0.0,No discount,2643.84,0.0,2643.84
ORD-2473,2026-11-25,2026,Q4,11,November,2026-11,Wednesday,0,East,Marketplace,Returning,Accessories,Keyboard,Budget,Nora Chen,6,58.5,0.2,High (>10%),351.0,70.2,280.8
ORD-2474,2026-11-08,2026,Q4,11,November,2026-11,Sunday,1,West,Online,New,Monitors,24-inch Monitor,Mid-range,Priya Shah,3,522.0,0.03,Low (1-5%),1566.0,46.98,1519.02
ORD-2475,2026-09-09,2026,Q3,9,September,2026-09,Wednesday,0,West,Marketplace,Returning,Networking,Network Switch,Mid-range,Ben Ho,7,153.9,0.1,Medium (6-10%),1077.3,107.73,969.57
ORD-2476,2026-05-26,2026,Q2,5,May,2026-05,Tuesday,0,South,Marketplace,New,Storage,External SSD 1TB,Mid-range,Raj Kumar,2,405.0,0.05,Low (1-5%),810.0,40.5,769.5
ORD-2477,2026-06-16,2026,Q2,6,June,2026-06,Tuesday,0,South,Online,New,Networking,Mesh Wi-Fi Set,Mid-range,Raj Kumar,6,675.0,0.03,Low (1-5%),4050.0,121.5,3928.5
ORD-2478,2026-08-17,2026,Q3,8,August,2026-08,Monday,0,North,Online,New,Computers,Laptop Pro 14,Premium,Daniel Wong,2,2793.6,0.0,No discount,5587.2,0.0,5587.2
ORD-2479,2026-10-11,2026,Q4,10,October,2026-10,Sunday,1,North,Retail Store,Returning,Accessories,Laptop Stand,Budget,Aisha Lim,5,32.49,0.05,Low (1-5%),162.45,8.12,154.33
ORD-2480,2026-12-14,2026,Q4,12,December,2026-12,Monday,0,East,Corporate Sales,New,Storage,External SSD 1TB,Mid-range,Nora Chen,7,405.0,0.15,High (>10%),2835.0,425.25,2409.75
ORD-2481,2026-12-28,2026,Q4,12,December,2026-12,Monday,0,Central,Retail Store,New,Computers,All-in-One PC,Premium,Hafiz Rahman,3,2619.0,0.15,High (>10%),7857.0,1178.55,6678.45
ORD-2482,2026-03-15,2026,Q1,3,March,2026-03,Sunday,1,North,Marketplace,New,Networking,Mesh Wi-Fi Set,Mid-range,Aisha Lim,7,675.0,0.05,Low (1-5%),4725.0,236.25,4488.75
ORD-2483,2026-06-07,2026,Q2,6,June,2026-06,Sunday,1,East,Online,Returning,Monitors,27-inch Monitor,Mid-range,Amir Hassan,6,765.0,0.1,Medium (6-10%),4590.0,459.0,4131.0
ORD-2484,2026-02-10,2026,Q1,2,February,2026-02,Tuesday,0,North,Online,Returning,Storage,Memory Card 256GB,Budget,Daniel Wong,3,81.0,0.03,Low (1-5%),243.0,7.29,235.71
ORD-2485,2026-12-24,2026,Q4,12,December,2026-12,Thursday,0,Central,Online,New,Accessories,Laptop Stand,Budget,Hafiz Rahman,2,33.17,0.1,Medium (6-10%),66.34,6.63,59.71
ORD-2486,2026-01-09,2026,Q1,1,January,2026-01,Friday,0,East,Online,Returning,Monitors,24-inch Monitor,Mid-range,Nora Chen,2,522.0,0.03,Low (1-5%),1044.0,31.32,1012.68
ORD-2487,2026-09-15,2026,Q3,9,September,2026-09,Tuesday,0,Central,Retail Store,New,Office Supplies,Sticky Notes,Budget,Hafiz Rahman,5,7.49,0.05,Low (1-5%),37.45,1.88,35.57
ORD-2488,2026-11-22,2026,Q4,11,November,2026-11,Sunday,1,South,Retail Store,Returning,Storage,Memory Card 256GB,Budget,Jason Lee,7,78.57,0.05,Low (1-5%),549.99,27.5,522.49
ORD-2489,2026-10-19,2026,Q4,10,October,2026-10,Monday,0,South,Marketplace,New,Accessories,Wireless Mouse,Budget,Farah Ali,2,40.5,0.08,Medium (6-10%),81.0,6.48,74.52
ORD-2490,2026-08-26,2026,Q3,8,August,2026-08,Wednesday,0,Central,Online,New,Accessories,Keyboard,Budget,Hafiz Rahman,3,58.5,0.0,No discount,175.5,0.0,175.5
ORD-2491,2026-06-18,2026,Q2,6,June,2026-06,Thursday,0,Central,Online,Returning,Accessories,Webcam,Budget,Hafiz Rahman,2,76.32,0.1,Medium (6-10%),152.64,15.26,137.38
ORD-2492,2026-10-29,2026,Q4,10,October,2026-10,Thursday,0,North,Retail Store,Returning,Computers,Laptop Air 13,Premium,Aisha Lim,2,2250.0,0.08,Medium (6-10%),4500.0,360.0,4140.0
ORD-2493,2026-09-29,2026,Q3,9,September,2026-09,Tuesday,0,Central,Online,Returning,Storage,USB Drive 128GB,Budget,Kevin Yap,7,51.3,0.2,High (>10%),359.1,71.82,287.28
ORD-2494,2026-05-02,2026,Q2,5,May,2026-05,Saturday,1,Central,Retail Store,Returning,Accessories,Keyboard,Budget,Kevin Yap,4,60.84,0.05,Low (1-5%),243.36,12.17,231.19
ORD-2495,2026-03-22,2026,Q1,3,March,2026-03,Sunday,1,South,Corporate Sales,Returning,Computers,Gaming Laptop,Premium,Jason Lee,4,3666.6,0.03,Low (1-5%),14666.4,439.99,14226.41
ORD-2496,2026-07-14,2026,Q3,7,July,2026-07,Tuesday,0,North,Marketplace,Returning,Storage,USB Drive 128GB,Budget,Aisha Lim,9,55.08,0.1,Medium (6-10%),495.72,49.57,446.15
ORD-2497,2026-11-25,2026,Q4,11,November,2026-11,Wednesday,0,South,Retail Store,New,Office Supplies,Desk Organizer,Budget,Raj Kumar,4,31.5,0.0,No discount,126.0,0.0,126.0
ORD-2498,2026-06-11,2026,Q2,6,June,2026-06,Thursday,0,East,Online,New,Office Supplies,Printer Paper,Budget,Nora Chen,7,16.85,0.08,Medium (6-10%),117.95,9.45,108.5
ORD-2499,2026-02-25,2026,Q1,2,February,2026-02,Wednesday,0,South,Online,New,Accessories,Webcam,Budget,Raj Kumar,6,73.44,0.1,Medium (6-10%),440.64,44.06,396.58
ORD-2500,2026-03-01,2026,Q1,3,March,2026-03,Sunday,1,South,Online,Returning,Accessories,Mouse Pad,Budget,Farah Ali,6,13.1,0.03,Low (1-5%),78.6,2.39,76.21
ORD-2501,2026-06-06,2026,Q2,6,June,2026-06,Saturday,1,Central,Retail Store,Returning,Networking,Network Switch,Mid-range,Kevin Yap,2,162.0,0.08,Medium (6-10%),324.0,25.92,298.08
ORD-2502,2026-01-04,2026,Q1,1,January,2026-01,Sunday,1,Central,Retail Store,Returning,Computers,Laptop Pro 14,Premium,Hafiz Rahman,3,3052.8,0.08,Medium (6-10%),9158.4,732.67,8425.73
ORD-2503,2026-09-20,2026,Q3,9,September,2026-09,Sunday,1,North,Online,Returning,Storage,Memory Card 256GB,Budget,Mei Tan,7,85.86,0.15,High (>10%),601.02,90.15,510.87
ORD-2504,2026-08-30,2026,Q3,8,August,2026-08,Sunday,1,East,Corporate Sales,New,Monitors,Ultrawide Monitor,Premium,Amir Hassan,6,1309.5,0.03,Low (1-5%),7857.0,235.71,7621.29
ORD-2505,2026-04-30,2026,Q2,4,April,2026-04,Thursday,0,North,Marketplace,New,Networking,Mesh Wi-Fi Set,Mid-range,Aisha Lim,7,688.5,0.05,Low (1-5%),4819.5,240.97,4578.53
ORD-2506,2026-03-07,2026,Q1,3,March,2026-03,Saturday,1,East,Online,Returning,Networking,Wi-Fi Router,Mid-range,Nora Chen,4,244.44,0.0,No discount,977.76,0.0,977.76
ORD-2507,2026-03-14,2026,Q1,3,March,2026-03,Saturday,1,North,Retail Store,Returning,Accessories,USB-C Hub,Budget,Aisha Lim,3,50.49,0.03,Low (1-5%),151.47,4.54,146.93
ORD-2508,2026-02-22,2026,Q1,2,February,2026-02,Sunday,1,East,Online,Returning,Storage,External HDD 2TB,Mid-range,Amir Hassan,2,293.76,0.15,High (>10%),587.52,88.13,499.39
ORD-2509,2026-07-27,2026,Q3,7,July,2026-07,Monday,0,North,Online,Returning,Accessories,Keyboard,Budget,Daniel Wong,6,58.5,0.05,Low (1-5%),351.0,17.55,333.45
ORD-2510,2026-05-02,2026,Q2,5,May,2026-05,Saturday,1,Central,Corporate Sales,Returning,Monitors,27-inch Monitor,Mid-range,Chloe Lim,2,742.05,0.03,Low (1-5%),1484.1,44.52,1439.58
ORD-2511,2026-11-29,2026,Q4,11,November,2026-11,Sunday,1,Central,Retail Store,New,Storage,USB Drive 128GB,Budget,Kevin Yap,2,56.16,0.08,Medium (6-10%),112.32,8.99,103.33
ORD-2512,2026-11-26,2026,Q4,11,November,2026-11,Thursday,0,West,Retail Store,New,Monitors,27-inch Monitor,Mid-range,Sofia Tan,4,765.0,0.15,High (>10%),3060.0,459.0,2601.0
ORD-2513,2026-11-07,2026,Q4,11,November,2026-11,Saturday,1,South,Online,Returning,Monitors,24-inch Monitor,Mid-range,Jason Lee,4,553.32,0.08,Medium (6-10%),2213.28,177.06,2036.22
ORD-2514,2026-09-13,2026,Q3,9,September,2026-09,Sunday,1,West,Marketplace,Returning,Storage,Memory Card 256GB,Budget,Sofia Tan,2,85.86,0.05,Low (1-5%),171.72,8.59,163.13
ORD-2515,2026-01-11,2026,Q1,1,January,2026-01,Sunday,1,South,Online,Returning,Accessories,Keyboard,Budget,Jason Lee,2,58.5,0.05,Low (1-5%),117.0,5.85,111.15
ORD-2516,2026-03-13,2026,Q1,3,March,2026-03,Friday,0,West,Corporate Sales,New,Computers,Gaming Laptop,Premium,Sofia Tan,2,3666.6,0.05,Low (1-5%),7333.2,366.66,6966.54
ORD-2517,2026-10-17,2026,Q4,10,October,2026-10,Saturday,1,West,Marketplace,New,Storage,USB Drive 128GB,Budget,Sofia Tan,8,56.16,0.1,Medium (6-10%),449.28,44.93,404.35
ORD-2518,2026-08-18,2026,Q3,8,August,2026-08,Tuesday,0,West,Online,Returning,Storage,USB Drive 128GB,Budget,Sofia Tan,8,51.3,0.0,No discount,410.4,0.0,410.4
ORD-2519,2026-11-26,2026,Q4,11,November,2026-11,Thursday,0,North,Retail Store,Returning,Storage,Memory Card 256GB,Budget,Mei Tan,4,81.0,0.05,Low (1-5%),324.0,16.2,307.8
ORD-2520,2026-04-20,2026,Q2,4,April,2026-04,Monday,0,South,Corporate Sales,Returning,Storage,External SSD 1TB,Mid-range,Jason Lee,6,405.0,0.08,Medium (6-10%),2430.0,194.4,2235.6
ORD-2521,2026-06-26,2026,Q2,6,June,2026-06,Friday,0,West,Online,Returning,Accessories,Keyboard,Budget,Ben Ho,7,58.5,0.08,Medium (6-10%),409.5,32.76,376.74
ORD-2522,2026-06-18,2026,Q2,6,June,2026-06,Thursday,0,West,Corporate Sales,New,Monitors,Ultrawide Monitor,Premium,Sofia Tan,4,1404.0,0.2,High (>10%),5616.0,1123.2,4492.8
ORD-2523,2026-09-22,2026,Q3,9,September,2026-09,Tuesday,0,Central,Retail Store,Returning,Computers,Laptop Air 13,Premium,Chloe Lim,2,2340.0,0.08,Medium (6-10%),4680.0,374.4,4305.6
ORD-2524,2026-05-11,2026,Q2,5,May,2026-05,Monday,0,South,Retail Store,Returning,Office Supplies,Sticky Notes,Budget,Jason Lee,5,7.34,0.0,No discount,36.7,-0.02,36.72
ORD-2525,2026-03-21,2026,Q1,3,March,2026-03,Saturday,1,Central,Online,Returning,Office Supplies,Desk Organizer,Budget,Kevin Yap,3,32.76,0.08,Medium (6-10%),98.28,7.86,90.42
ORD-2526,2026-02-06,2026,Q1,2,February,2026-02,Friday,0,North,Online,New,Monitors,Ultrawide Monitor,Premium,Daniel Wong,2,1377.0,0.05,Low (1-5%),2754.0,137.7,2616.3
ORD-2527,2026-06-19,2026,Q2,6,June,2026-06,Friday,0,South,Online,Returning,Storage,External HDD 2TB,Mid-range,Jason Lee,4,288.0,0.03,Low (1-5%),1152.0,34.56,1117.44
ORD-2528,2026-10-28,2026,Q4,10,October,2026-10,Wednesday,0,South,Retail Store,Returning,Office Supplies,Pen Pack,Budget,Raj Kumar,3,10.48,0.0,No discount,31.44,0.01,31.43
ORD-2529,2026-09-30,2026,Q3,9,September,2026-09,Wednesday,0,South,Retail Store,New,Networking,Network Switch,Mid-range,Raj Kumar,7,162.0,0.03,Low (1-5%),1134.0,34.02,1099.98
ORD-2530,2026-06-12,2026,Q2,6,June,2026-06,Friday,0,South,Retail Store,Returning,Computers,All-in-One PC,Premium,Jason Lee,2,2754.0,0.15,High (>10%),5508.0,826.2,4681.8
ORD-2531,2026-02-23,2026,Q1,2,February,2026-02,Monday,0,South,Online,Returning,Monitors,Ultrawide Monitor,Premium,Raj Kumar,5,1404.0,0.05,Low (1-5%),7020.0,351.0,6669.0
ORD-2532,2026-08-25,2026,Q3,8,August,2026-08,Tuesday,0,East,Corporate Sales,Returning,Computers,Laptop Air 13,Premium,Grace Ng,2,2250.0,0.0,No discount,4500.0,0.0,4500.0
ORD-2533,2026-11-27,2026,Q4,11,November,2026-11,Friday,0,East,Marketplace,New,Monitors,Portable Monitor,Mid-range,Grace Ng,2,630.0,0.08,Medium (6-10%),1260.0,100.8,1159.2
ORD-2534,2026-08-05,2026,Q3,8,August,2026-08,Wednesday,0,South,Online,Returning,Accessories,Laptop Stand,Budget,Farah Ali,3,33.17,0.05,Low (1-5%),99.51,4.96,94.55
ORD-2535,2026-07-11,2026,Q3,7,July,2026-07,Saturday,1,North,Corporate Sales,Returning,Networking,Network Switch,Mid-range,Mei Tan,10,171.72,0.2,High (>10%),1717.2,343.44,1373.76
ORD-2536,2026-04-14,2026,Q2,4,April,2026-04,Tuesday,0,East,Online,New,Storage,External HDD 2TB,Mid-range,Nora Chen,3,279.36,0.08,Medium (6-10%),838.08,67.05,771.03
ORD-2537,2026-12-01,2026,Q4,12,December,2026-12,Tuesday,0,North,Retail Store,Returning,Networking,Network Switch,Mid-range,Aisha Lim,4,153.9,0.1,Medium (6-10%),615.6,61.56,554.04
ORD-2538,2026-12-01,2026,Q4,12,December,2026-12,Tuesday,0,North,Marketplace,Returning,Office Supplies,Desk Organizer,Budget,Aisha Lim,2,32.76,0.03,Low (1-5%),65.52,1.97,63.55
ORD-2539,2026-08-30,2026,Q3,8,August,2026-08,Sunday,1,Central,Retail Store,New,Computers,All-in-One PC,Premium,Hafiz Rahman,3,2808.0,0.05,Low (1-5%),8424.0,421.2,8002.8
ORD-2540,2026-04-28,2026,Q2,4,April,2026-04,Tuesday,0,North,Retail Store,New,Computers,Desktop Mini,Premium,Aisha Lim,3,1652.4,0.03,Low (1-5%),4957.2,148.72,4808.48
ORD-2541,2026-11-11,2026,Q4,11,November,2026-11,Wednesday,0,Central,Marketplace,New,Monitors,Ultrawide Monitor,Premium,Hafiz Rahman,5,1309.5,0.15,High (>10%),6547.5,982.12,5565.38
ORD-2542,2026-01-12,2026,Q1,1,January,2026-01,Monday,0,North,Marketplace,Returning,Accessories,Laptop Stand,Budget,Mei Tan,4,34.88,0.1,Medium (6-10%),139.52,13.94,125.58
ORD-2543,2026-08-01,2026,Q3,8,August,2026-08,Saturday,1,North,Marketplace,Returning,Office Supplies,Desk Organizer,Budget,Aisha Lim,2,32.13,0.0,No discount,64.26,0.0,64.26
ORD-2544,2026-06-17,2026,Q2,6,June,2026-06,Wednesday,0,North,Retail Store,Returning,Accessories,Wireless Mouse,Budget,Daniel Wong,3,40.5,0.15,High (>10%),121.5,18.22,103.28
ORD-2545,2026-08-13,2026,Q3,8,August,2026-08,Thursday,0,East,Marketplace,Returning,Monitors,27-inch Monitor,Mid-range,Amir Hassan,2,795.6,0.08,Medium (6-10%),1591.2,127.3,1463.9
ORD-2546,2026-10-09,2026,Q4,10,October,2026-10,Friday,0,West,Online,New,Computers,All-in-One PC,Premium,Sofia Tan,4,2700.0,0.03,Low (1-5%),10800.0,324.0,10476.0
ORD-2547,2026-07-26,2026,Q3,7,July,2026-07,Sunday,1,Central,Corporate Sales,Returning,Computers,Laptop Air 13,Premium,Kevin Yap,3,2250.0,0.03,Low (1-5%),6750.0,202.5,6547.5
ORD-2548,2026-03-27,2026,Q1,3,March,2026-03,Friday,0,West,Retail Store,Returning,Accessories,Mouse Pad,Budget,Ben Ho,7,12.83,0.05,Low (1-5%),89.81,4.52,85.29
ORD-2549,2026-06-04,2026,Q2,6,June,2026-06,Thursday,0,North,Retail Store,New,Monitors,Portable Monitor,Mid-range,Aisha Lim,3,655.2,0.0,No discount,1965.6,0.0,1965.6
ORD-2550,2026-06-03,2026,Q2,6,June,2026-06,Wednesday,0,Central,Retail Store,New,Office Supplies,Desk Organizer,Budget,Kevin Yap,3,31.5,0.03,Low (1-5%),94.5,2.83,91.67
ORD-2551,2026-11-12,2026,Q4,11,November,2026-11,Thursday,0,North,Online,Returning,Office Supplies,Printer Paper,Budget,Daniel Wong,7,16.85,0.08,Medium (6-10%),117.95,9.45,108.5
ORD-2552,2026-02-02,2026,Q1,2,February,2026-02,Monday,0,East,Online,Returning,Accessories,USB-C Hub,Budget,Nora Chen,2,49.5,0.08,Medium (6-10%),99.0,7.92,91.08
ORD-2553,2026-06-23,2026,Q2,6,June,2026-06,Tuesday,0,West,Marketplace,Returning,Networking,Wi-Fi Router,Mid-range,Priya Shah,2,257.04,0.03,Low (1-5%),514.08,15.42,498.66
ORD-2554,2026-07-12,2026,Q3,7,July,2026-07,Sunday,1,West,Marketplace,Returning,Storage,USB Drive 128GB,Budget,Priya Shah,4,52.38,0.05,Low (1-5%),209.52,10.48,199.04
ORD-2555,2026-03-29,2026,Q1,3,March,2026-03,Sunday,1,North,Corporate Sales,Returning,Computers,All-in-One PC,Premium,Aisha Lim,2,2700.0,0.2,High (>10%),5400.0,1080.0,4320.0
ORD-2556,2026-06-16,2026,Q2,6,June,2026-06,Tuesday,0,West,Retail Store,Returning,Monitors,27-inch Monitor,Mid-range,Priya Shah,2,795.6,0.2,High (>10%),1591.2,318.24,1272.96
ORD-2557,2026-05-28,2026,Q2,5,May,2026-05,Thursday,0,South,Marketplace,Returning,Storage,External SSD 1TB,Mid-range,Jason Lee,7,405.0,0.08,Medium (6-10%),2835.0,226.8,2608.2
ORD-2558,2026-06-06,2026,Q2,6,June,2026-06,Saturday,1,East,Retail Store,New,Computers,All-in-One PC,Premium,Grace Ng,3,2862.0,0.2,High (>10%),8586.0,1717.2,6868.8
ORD-2559,2026-02-16,2026,Q1,2,February,2026-02,Monday,0,West,Marketplace,New,Networking,Mesh Wi-Fi Set,Mid-range,Sofia Tan,2,675.0,0.15,High (>10%),1350.0,202.5,1147.5
ORD-2560,2026-12-02,2026,Q4,12,December,2026-12,Wednesday,0,South,Corporate Sales,Returning,Monitors,27-inch Monitor,Mid-range,Jason Lee,4,726.75,0.05,Low (1-5%),2907.0,145.35,2761.65
ORD-2561,2026-07-26,2026,Q3,7,July,2026-07,Sunday,1,Central,Marketplace,Returning,Monitors,Portable Monitor,Mid-range,Kevin Yap,3,642.6,0.1,Medium (6-10%),1927.8,192.78,1735.02
ORD-2562,2026-12-09,2026,Q4,12,December,2026-12,Wednesday,0,West,Online,New,Monitors,24-inch Monitor,Mid-range,Ben Ho,2,495.9,0.0,No discount,991.8,0.0,991.8
ORD-2563,2026-04-13,2026,Q2,4,April,2026-04,Monday,0,West,Marketplace,Returning,Storage,External SSD 1TB,Mid-range,Sofia Tan,2,429.3,0.15,High (>10%),858.6,128.79,729.81
ORD-2564,2026-12-28,2026,Q4,12,December,2026-12,Monday,0,West,Marketplace,Returning,Accessories,Keyboard,Budget,Priya Shah,5,58.5,0.1,Medium (6-10%),292.5,29.25,263.25
ORD-2565,2026-10-22,2026,Q4,10,October,2026-10,Thursday,0,North,Online,Returning,Storage,External HDD 2TB,Mid-range,Mei Tan,4,273.6,0.03,Low (1-5%),1094.4,32.83,1061.57
ORD-2566,2026-08-16,2026,Q3,8,August,2026-08,Sunday,1,North,Corporate Sales,Returning,Monitors,24-inch Monitor,Mid-range,Daniel Wong,2,522.0,0.08,Medium (6-10%),1044.0,83.52,960.48
ORD-2567,2026-07-03,2026,Q3,7,July,2026-07,Friday,0,North,Marketplace,Returning,Networking,Network Switch,Mid-range,Mei Tan,5,171.72,0.03,Low (1-5%),858.6,25.76,832.84
ORD-2568,2026-08-24,2026,Q3,8,August,2026-08,Monday,0,West,Online,Returning,Accessories,Keyboard,Budget,Ben Ho,2,55.58,0.08,Medium (6-10%),111.16,8.9,102.26
ORD-2569,2026-11-02,2026,Q4,11,November,2026-11,Monday,0,West,Marketplace,Returning,Networking,Mesh Wi-Fi Set,Mid-range,Ben Ho,2,675.0,0.08,Medium (6-10%),1350.0,108.0,1242.0
ORD-2570,2026-07-06,2026,Q3,7,July,2026-07,Monday,0,East,Corporate Sales,Returning,Networking,Ethernet Cable,Budget,Nora Chen,5,17.46,0.15,High (>10%),87.3,13.09,74.21
ORD-2571,2026-10-02,2026,Q4,10,October,2026-10,Friday,0,North,Retail Store,Returning,Monitors,Ultrawide Monitor,Premium,Mei Tan,3,1282.5,0.03,Low (1-5%),3847.5,115.42,3732.08
ORD-2572,2026-10-03,2026,Q4,10,October,2026-10,Saturday,1,South,Online,Returning,Accessories,Laptop Stand,Budget,Raj Kumar,5,34.88,0.1,Medium (6-10%),174.4,17.42,156.98
ORD-2573,2026-11-24,2026,Q4,11,November,2026-11,Tuesday,0,West,Marketplace,New,Storage,USB Drive 128GB,Budget,Sofia Tan,5,54.0,0.1,Medium (6-10%),270.0,27.0,243.0
ORD-2574,2026-08-10,2026,Q3,8,August,2026-08,Monday,0,Central,Online,New,Computers,Desktop Mini,Premium,Chloe Lim,2,1652.4,0.03,Low (1-5%),3304.8,99.14,3205.66
ORD-2575,2026-01-03,2026,Q1,1,January,2026-01,Saturday,1,South,Online,Returning,Accessories,Keyboard,Budget,Farah Ali,7,62.01,0.05,Low (1-5%),434.07,21.7,412.37
ORD-2576,2026-08-16,2026,Q3,8,August,2026-08,Sunday,1,North,Retail Store,New,Monitors,24-inch Monitor,Mid-range,Aisha Lim,3,553.32,0.15,High (>10%),1659.96,248.99,1410.97
ORD-2577,2026-06-19,2026,Q2,6,June,2026-06,Friday,0,North,Online,New,Accessories,Mouse Pad,Budget,Mei Tan,3,13.1,0.05,Low (1-5%),39.3,1.98,37.32
ORD-2578,2026-11-22,2026,Q4,11,November,2026-11,Sunday,1,West,Online,Returning,Office Supplies,Notebook Set,Budget,Ben Ho,2,22.5,0.0,No discount,45.0,0.0,45.0
ORD-2579,2026-12-13,2026,Q4,12,December,2026-12,Sunday,1,Central,Retail Store,Returning,Monitors,Portable Monitor,Mid-range,Kevin Yap,3,630.0,0.08,Medium (6-10%),1890.0,151.2,1738.8
ORD-2580,2026-12-09,2026,Q4,12,December,2026-12,Wednesday,0,South,Retail Store,New,Computers,Gaming Laptop,Premium,Farah Ali,2,3666.6,0.1,Medium (6-10%),7333.2,733.32,6599.88
ORD-2581,2026-04-06,2026,Q2,4,April,2026-04,Monday,0,North,Online,New,Storage,External SSD 1TB,Mid-range,Daniel Wong,2,384.75,0.15,High (>10%),769.5,115.42,654.08
ORD-2582,2026-10-18,2026,Q4,10,October,2026-10,Sunday,1,North,Retail Store,New,Networking,Network Switch,Mid-range,Mei Tan,3,162.0,0.0,No discount,486.0,0.0,486.0
ORD-2583,2026-07-26,2026,Q3,7,July,2026-07,Sunday,1,West,Online,New,Monitors,24-inch Monitor,Mid-range,Sofia Tan,3,532.44,0.05,Low (1-5%),1597.32,79.87,1517.45
ORD-2584,2026-07-14,2026,Q3,7,July,2026-07,Tuesday,0,East,Online,Returning,Accessories,Wireless Mouse,Budget,Grace Ng,6,38.48,0.03,Low (1-5%),230.88,6.96,223.92
ORD-2585,2026-12-16,2026,Q4,12,December,2026-12,Wednesday,0,South,Marketplace,New,Storage,External SSD 1TB,Mid-range,Jason Lee,4,384.75,0.05,Low (1-5%),1539.0,76.95,1462.05
ORD-2586,2026-11-22,2026,Q4,11,November,2026-11,Sunday,1,South,Retail Store,Returning,Computers,Laptop Pro 14,Premium,Raj Kumar,2,2880.0,0.0,No discount,5760.0,0.0,5760.0
ORD-2587,2026-12-26,2026,Q4,12,December,2026-12,Saturday,1,Central,Online,Returning,Office Supplies,Printer Paper,Budget,Hafiz Rahman,6,16.2,0.15,High (>10%),97.2,14.58,82.62
ORD-2588,2026-03-11,2026,Q1,3,March,2026-03,Wednesday,0,South,Online,New,Accessories,USB-C Hub,Budget,Farah Ali,2,47.03,0.2,High (>10%),94.06,18.82,75.24
ORD-2589,2026-04-06,2026,Q2,4,April,2026-04,Monday,0,South,Online,Returning,Storage,External SSD 1TB,Mid-range,Farah Ali,3,384.75,0.08,Medium (6-10%),1154.25,92.34,1061.91
ORD-2590,2026-09-02,2026,Q3,9,September,2026-09,Wednesday,0,North,Corporate Sales,New,Computers,All-in-One PC,Premium,Daniel Wong,3,2619.0,0.08,Medium (6-10%),7857.0,628.56,7228.44
ORD-2591,2026-11-21,2026,Q4,11,November,2026-11,Saturday,1,West,Retail Store,New,Storage,External SSD 1TB,Mid-range,Priya Shah,5,413.1,0.0,No discount,2065.5,0.0,2065.5
ORD-2592,2026-02-08,2026,Q1,2,February,2026-02,Sunday,1,Central,Online,Returning,Office Supplies,Printer Paper,Budget,Chloe Lim,4,17.17,0.08,Medium (6-10%),68.68,5.49,63.19
ORD-2593,2026-06-15,2026,Q2,6,June,2026-06,Monday,0,West,Marketplace,Returning,Monitors,Ultrawide Monitor,Premium,Sofia Tan,2,1309.5,0.08,Medium (6-10%),2619.0,209.52,2409.48
ORD-2594,2026-03-16,2026,Q1,3,March,2026-03,Monday,0,South,Online,Returning,Accessories,Keyboard,Budget,Raj Kumar,5,58.5,0.05,Low (1-5%),292.5,14.62,277.88
ORD-2595,2026-10-31,2026,Q4,10,October,2026-10,Saturday,1,East,Retail Store,New,Monitors,24-inch Monitor,Mid-range,Amir Hassan,4,553.32,0.0,No discount,2213.28,0.0,2213.28
ORD-2596,2026-03-14,2026,Q1,3,March,2026-03,Saturday,1,Central,Marketplace,New,Accessories,Wireless Mouse,Budget,Chloe Lim,6,42.93,0.08,Medium (6-10%),257.58,20.61,236.97
ORD-2597,2026-02-14,2026,Q1,2,February,2026-02,Saturday,1,North,Online,Returning,Accessories,Mouse Pad,Budget,Daniel Wong,2,13.5,0.15,High (>10%),27.0,4.05,22.95
ORD-2598,2026-12-26,2026,Q4,12,December,2026-12,Saturday,1,North,Online,Returning,Storage,Memory Card 256GB,Budget,Aisha Lim,7,81.0,0.03,Low (1-5%),567.0,17.01,549.99
ORD-2599,2026-12-24,2026,Q4,12,December,2026-12,Thursday,0,Central,Retail Store,Returning,Computers,All-in-One PC,Premium,Kevin Yap,3,2565.0,0.15,High (>10%),7695.0,1154.25,6540.75
ORD-2600,2026-12-29,2026,Q4,12,December,2026-12,Tuesday,0,South,Retail Store,New,Accessories,Laptop Stand,Budget,Jason Lee,4,34.2,0.08,Medium (6-10%),136.8,10.94,125.86
ORD-2601,2026-05-30,2026,Q2,5,May,2026-05,Saturday,1,North,Online,Returning,Accessories,Wireless Mouse,Budget,Mei Tan,3,42.12,0.05,Low (1-5%),126.36,6.32,120.04
ORD-2602,2026-06-11,2026,Q2,6,June,2026-06,Thursday,0,Central,Retail Store,New,Monitors,24-inch Monitor,Mid-range,Hafiz Rahman,5,506.34,0.08,Medium (6-10%),2531.7,202.54,2329.16
ORD-2603,2026-09-19,2026,Q3,9,September,2026-09,Saturday,1,South,Online,Returning,Monitors,27-inch Monitor,Mid-range,Jason Lee,3,810.9,0.05,Low (1-5%),2432.7,121.63,2311.07
ORD-2604,2026-12-16,2026,Q4,12,December,2026-12,Wednesday,0,West,Online,New,Computers,Laptop Pro 14,Premium,Priya Shah,4,2880.0,0.03,Low (1-5%),11520.0,345.6,11174.4
ORD-2605,2026-12-06,2026,Q4,12,December,2026-12,Sunday,1,East,Retail Store,Returning,Computers,Gaming Laptop,Premium,Grace Ng,2,3780.0,0.15,High (>10%),7560.0,1134.0,6426.0
ORD-2606,2026-11-08,2026,Q4,11,November,2026-11,Sunday,1,West,Online,Returning,Monitors,Portable Monitor,Mid-range,Priya Shah,2,630.0,0.0,No discount,1260.0,0.0,1260.0
ORD-2607,2026-12-23,2026,Q4,12,December,2026-12,Wednesday,0,West,Marketplace,Returning,Monitors,Ultrawide Monitor,Premium,Ben Ho,2,1404.0,0.08,Medium (6-10%),2808.0,224.64,2583.36
ORD-2608,2026-03-15,2026,Q1,3,March,2026-03,Sunday,1,North,Retail Store,New,Accessories,Laptop Stand,Budget,Daniel Wong,6,34.2,0.03,Low (1-5%),205.2,6.16,199.04
ORD-2609,2026-01-07,2026,Q1,1,January,2026-01,Wednesday,0,East,Retail Store,Returning,Computers,All-in-One PC,Premium,Grace Ng,2,2808.0,0.05,Low (1-5%),5616.0,280.8,5335.2
ORD-2610,2026-01-14,2026,Q1,1,January,2026-01,Wednesday,0,North,Online,Returning,Networking,Network Switch,Mid-range,Mei Tan,3,157.14,0.08,Medium (6-10%),471.42,37.71,433.71
ORD-2611,2026-03-02,2026,Q1,3,March,2026-03,Monday,0,North,Marketplace,Returning,Storage,External HDD 2TB,Mid-range,Daniel Wong,4,293.76,0.2,High (>10%),1175.04,235.01,940.03
ORD-2612,2026-11-27,2026,Q4,11,November,2026-11,Friday,0,Central,Corporate Sales,New,Computers,Gaming Laptop,Premium,Chloe Lim,2,3591.0,0.2,High (>10%),7182.0,1436.4,5745.6
ORD-2613,2026-11-12,2026,Q4,11,November,2026-11,Thursday,0,East,Online,New,Office Supplies,Notebook Set,Budget,Amir Hassan,3,22.5,0.2,High (>10%),67.5,13.5,54.0
ORD-2614,2026-09-07,2026,Q3,9,September,2026-09,Monday,0,North,Online,New,Accessories,Keyboard,Budget,Aisha Lim,3,58.5,0.08,Medium (6-10%),175.5,14.04,161.46
ORD-2615,2026-03-06,2026,Q1,3,March,2026-03,Friday,0,East,Corporate Sales,Returning,Networking,Wi-Fi Router,Mid-range,Grace Ng,10,252.0,0.1,Medium (6-10%),2520.0,252.0,2268.0
ORD-2616,2026-10-21,2026,Q4,10,October,2026-10,Wednesday,0,North,Retail Store,Returning,Accessories,USB-C Hub,Budget,Aisha Lim,6,52.47,0.0,No discount,314.82,0.0,314.82
ORD-2617,2026-09-02,2026,Q3,9,September,2026-09,Wednesday,0,South,Marketplace,New,Accessories,Laptop Stand,Budget,Farah Ali,7,34.2,0.08,Medium (6-10%),239.4,19.15,220.25
ORD-2618,2026-07-20,2026,Q3,7,July,2026-07,Monday,0,West,Retail Store,Returning,Storage,Memory Card 256GB,Budget,Priya Shah,3,85.86,0.05,Low (1-5%),257.58,12.88,244.7
ORD-2619,2026-05-29,2026,Q2,5,May,2026-05,Friday,0,Central,Online,Returning,Networking,Wi-Fi Router,Mid-range,Kevin Yap,2,244.44,0.0,No discount,488.88,0.0,488.88
ORD-2620,2026-02-09,2026,Q1,2,February,2026-02,Monday,0,Central,Corporate Sales,Returning,Computers,Gaming Laptop,Premium,Chloe Lim,2,3591.0,0.0,No discount,7182.0,0.0,7182.0
ORD-2621,2026-06-24,2026,Q2,6,June,2026-06,Wednesday,0,North,Marketplace,Returning,Office Supplies,Printer Paper,Budget,Daniel Wong,3,16.2,0.05,Low (1-5%),48.6,2.43,46.17
ORD-2622,2026-04-09,2026,Q2,4,April,2026-04,Thursday,0,East,Online,Returning,Accessories,USB-C Hub,Budget,Grace Ng,2,47.03,0.08,Medium (6-10%),94.06,7.53,86.53
ORD-2623,2026-08-26,2026,Q3,8,August,2026-08,Wednesday,0,North,Retail Store,Returning,Accessories,Laptop Stand,Budget,Aisha Lim,9,35.57,0.08,Medium (6-10%),320.13,25.63,294.5
ORD-2624,2026-10-24,2026,Q4,10,October,2026-10,Saturday,1,Central,Retail Store,Returning,Computers,Desktop Mini,Premium,Hafiz Rahman,2,1684.8,0.0,No discount,3369.6,0.0,3369.6
ORD-2625,2026-05-28,2026,Q2,5,May,2026-05,Thursday,0,South,Corporate Sales,New,Networking,Network Switch,Mid-range,Raj Kumar,11,162.0,0.2,High (>10%),1782.0,356.4,1425.6
ORD-2626,2026-10-26,2026,Q4,10,October,2026-10,Monday,0,East,Retail Store,New,Office Supplies,Desk Organizer,Budget,Grace Ng,6,32.76,0.08,Medium (6-10%),196.56,15.72,180.84
ORD-2627,2026-03-14,2026,Q1,3,March,2026-03,Saturday,1,South,Online,New,Storage,USB Drive 128GB,Budget,Jason Lee,7,54.0,0.0,No discount,378.0,0.0,378.0
ORD-2628,2026-06-28,2026,Q2,6,June,2026-06,Sunday,1,North,Online,New,Networking,Network Switch,Mid-range,Daniel Wong,8,168.48,0.08,Medium (6-10%),1347.84,107.83,1240.01
ORD-2629,2026-06-13,2026,Q2,6,June,2026-06,Saturday,1,North,Online,New,Accessories,Wireless Mouse,Budget,Mei Tan,3,40.5,0.2,High (>10%),121.5,24.3,97.2
ORD-2630,2026-05-28,2026,Q2,5,May,2026-05,Thursday,0,East,Marketplace,Returning,Monitors,Portable Monitor,Mid-range,Grace Ng,2,598.5,0.15,High (>10%),1197.0,179.55,1017.45
ORD-2631,2026-01-16,2026,Q1,1,January,2026-01,Friday,0,East,Marketplace,Returning,Monitors,27-inch Monitor,Mid-range,Grace Ng,4,765.0,0.03,Low (1-5%),3060.0,91.8,2968.2
ORD-2632,2026-12-11,2026,Q4,12,December,2026-12,Friday,0,East,Corporate Sales,New,Office Supplies,Printer Paper,Budget,Amir Hassan,16,16.2,0.08,Medium (6-10%),259.2,20.74,238.46
ORD-2633,2026-11-21,2026,Q4,11,November,2026-11,Saturday,1,Central,Online,Returning,Networking,Wi-Fi Router,Mid-range,Hafiz Rahman,4,252.0,0.05,Low (1-5%),1008.0,50.4,957.6
ORD-2634,2026-05-14,2026,Q2,5,May,2026-05,Thursday,0,South,Retail Store,Returning,Office Supplies,Notebook Set,Budget,Jason Lee,4,23.85,0.2,High (>10%),95.4,19.08,76.32
ORD-2635,2026-09-03,2026,Q3,9,September,2026-09,Thursday,0,Central,Online,New,Storage,External HDD 2TB,Mid-range,Hafiz Rahman,6,293.76,0.03,Low (1-5%),1762.56,52.88,1709.68
ORD-2636,2026-01-22,2026,Q1,1,January,2026-01,Thursday,0,Central,Online,Returning,Accessories,USB-C Hub,Budget,Chloe Lim,5,50.49,0.15,High (>10%),252.45,37.87,214.58
ORD-2637,2026-07-02,2026,Q3,7,July,2026-07,Thursday,0,North,Corporate Sales,Returning,Office Supplies,Sticky Notes,Budget,Mei Tan,10,7.63,0.08,Medium (6-10%),76.3,6.09,70.21
ORD-2638,2026-06-29,2026,Q2,6,June,2026-06,Monday,0,West,Corporate Sales,New,Computers,Laptop Air 13,Premium,Priya Shah,2,2385.0,0.05,Low (1-5%),4770.0,238.5,4531.5
ORD-2639,2026-07-22,2026,Q3,7,July,2026-07,Wednesday,0,North,Online,Returning,Storage,External SSD 1TB,Mid-range,Mei Tan,4,392.85,0.05,Low (1-5%),1571.4,78.57,1492.83
ORD-2640,2026-09-11,2026,Q3,9,September,2026-09,Friday,0,South,Retail Store,New,Storage,External HDD 2TB,Mid-range,Raj Kumar,5,293.76,0.08,Medium (6-10%),1468.8,117.5,1351.3
ORD-2641,2026-04-29,2026,Q2,4,April,2026-04,Wednesday,0,North,Marketplace,Returning,Accessories,Mouse Pad,Budget,Aisha Lim,4,13.1,0.1,Medium (6-10%),52.4,5.26,47.14
ORD-2642,2026-06-17,2026,Q2,6,June,2026-06,Wednesday,0,South,Marketplace,Returning,Accessories,Keyboard,Budget,Farah Ali,3,58.5,0.2,High (>10%),175.5,35.1,140.4
ORD-2643,2026-04-14,2026,Q2,4,April,2026-04,Tuesday,0,North,Retail Store,Returning,Office Supplies,Notebook Set,Budget,Daniel Wong,4,23.85,0.03,Low (1-5%),95.4,2.86,92.54
ORD-2644,2026-04-10,2026,Q2,4,April,2026-04,Friday,0,North,Corporate Sales,Returning,Office Supplies,Desk Organizer,Budget,Daniel Wong,9,31.5,0.03,Low (1-5%),283.5,8.5,275.0
ORD-2645,2026-06-17,2026,Q2,6,June,2026-06,Wednesday,0,East,Online,Returning,Computers,All-in-One PC,Premium,Nora Chen,5,2808.0,0.08,Medium (6-10%),14040.0,1123.2,12916.8
ORD-2646,2026-11-25,2026,Q4,11,November,2026-11,Wednesday,0,West,Online,Returning,Computers,All-in-One PC,Premium,Ben Ho,3,2700.0,0.03,Low (1-5%),8100.0,243.0,7857.0
ORD-2647,2026-09-09,2026,Q3,9,September,2026-09,Wednesday,0,South,Online,New,Storage,Memory Card 256GB,Budget,Raj Kumar,2,81.0,0.0,No discount,162.0,0.0,162.0
ORD-2648,2026-11-21,2026,Q4,11,November,2026-11,Saturday,1,North,Retail Store,Returning,Computers,Laptop Pro 14,Premium,Daniel Wong,5,2880.0,0.2,High (>10%),14400.0,2880.0,11520.0
ORD-2649,2026-01-07,2026,Q1,1,January,2026-01,Wednesday,0,South,Marketplace,Returning,Monitors,27-inch Monitor,Mid-range,Raj Kumar,3,726.75,0.08,Medium (6-10%),2180.25,174.42,2005.83
ORD-2650,2026-04-03,2026,Q2,4,April,2026-04,Friday,0,North,Online,New,Accessories,Wireless Mouse,Budget,Aisha Lim,2,38.48,0.05,Low (1-5%),76.96,3.86,73.1
ORD-2651,2026-04-06,2026,Q2,4,April,2026-04,Monday,0,North,Online,Returning,Monitors,Portable Monitor,Mid-range,Aisha Lim,2,655.2,0.08,Medium (6-10%),1310.4,104.83,1205.57
ORD-2652,2026-03-13,2026,Q1,3,March,2026-03,Friday,0,Central,Online,Returning,Accessories,Webcam,Budget,Kevin Yap,7,72.0,0.08,Medium (6-10%),504.0,40.32,463.68
ORD-2653,2026-12-19,2026,Q4,12,December,2026-12,Saturday,1,East,Online,Returning,Computers,All-in-One PC,Premium,Grace Ng,2,2700.0,0.05,Low (1-5%),5400.0,270.0,5130.0
ORD-2654,2026-05-22,2026,Q2,5,May,2026-05,Friday,0,Central,Online,New,Storage,External SSD 1TB,Mid-range,Chloe Lim,6,429.3,0.03,Low (1-5%),2575.8,77.27,2498.53
ORD-2655,2026-01-27,2026,Q1,1,January,2026-01,Tuesday,0,Central,Marketplace,Returning,Storage,Memory Card 256GB,Budget,Chloe Lim,3,78.57,0.15,High (>10%),235.71,35.36,200.35
ORD-2656,2026-06-29,2026,Q2,6,June,2026-06,Monday,0,West,Retail Store,New,Accessories,Mouse Pad,Budget,Sofia Tan,7,14.04,0.05,Low (1-5%),98.28,4.91,93.37
ORD-2657,2026-09-23,2026,Q3,9,September,2026-09,Wednesday,0,Central,Marketplace,New,Accessories,USB-C Hub,Budget,Kevin Yap,2,50.49,0.08,Medium (6-10%),100.98,8.08,92.9
ORD-2658,2026-04-20,2026,Q2,4,April,2026-04,Monday,0,East,Retail Store,New,Office Supplies,Pen Pack,Budget,Grace Ng,3,11.23,0.0,No discount,33.69,-0.01,33.7
ORD-2659,2026-03-18,2026,Q1,3,March,2026-03,Wednesday,0,West,Retail Store,Returning,Computers,Gaming Laptop,Premium,Priya Shah,2,3591.0,0.05,Low (1-5%),7182.0,359.1,6822.9
ORD-2660,2026-07-29,2026,Q3,7,July,2026-07,Wednesday,0,West,Online,Returning,Storage,Memory Card 256GB,Budget,Priya Shah,3,78.57,0.05,Low (1-5%),235.71,11.79,223.92
ORD-2661,2026-12-06,2026,Q4,12,December,2026-12,Sunday,1,East,Online,Returning,Computers,All-in-One PC,Premium,Nora Chen,2,2700.0,0.2,High (>10%),5400.0,1080.0,4320.0
ORD-2662,2026-06-23,2026,Q2,6,June,2026-06,Tuesday,0,West,Online,Returning,Storage,External HDD 2TB,Mid-range,Priya Shah,2,299.52,0.2,High (>10%),599.04,119.81,479.23
ORD-2663,2026-11-25,2026,Q4,11,November,2026-11,Wednesday,0,Central,Marketplace,Returning,Accessories,Wireless Mouse,Budget,Chloe Lim,3,42.93,0.08,Medium (6-10%),128.79,10.3,118.49
ORD-2664,2026-06-15,2026,Q2,6,June,2026-06,Monday,0,South,Online,Returning,Monitors,Portable Monitor,Mid-range,Jason Lee,4,630.0,0.03,Low (1-5%),2520.0,75.6,2444.4
ORD-2665,2026-11-21,2026,Q4,11,November,2026-11,Saturday,1,East,Online,Returning,Monitors,27-inch Monitor,Mid-range,Grace Ng,2,795.6,0.03,Low (1-5%),1591.2,47.74,1543.46
ORD-2666,2026-11-12,2026,Q4,11,November,2026-11,Thursday,0,East,Online,New,Storage,USB Drive 128GB,Budget,Grace Ng,3,55.08,0.03,Low (1-5%),165.24,4.96,160.28
ORD-2667,2026-10-05,2026,Q4,10,October,2026-10,Monday,0,South,Marketplace,New,Computers,All-in-One PC,Premium,Raj Kumar,2,2700.0,0.08,Medium (6-10%),5400.0,432.0,4968.0
ORD-2668,2026-12-11,2026,Q4,12,December,2026-12,Friday,0,East,Online,Returning,Networking,Wi-Fi Router,Mid-range,Grace Ng,4,244.44,0.05,Low (1-5%),977.76,48.89,928.87
ORD-2669,2026-11-14,2026,Q4,11,November,2026-11,Saturday,1,South,Online,New,Office Supplies,Desk Organizer,Budget,Jason Lee,9,33.39,0.08,Medium (6-10%),300.51,24.04,276.47
ORD-2670,2026-08-29,2026,Q3,8,August,2026-08,Saturday,1,West,Corporate Sales,New,Computers,All-in-One PC,Premium,Ben Ho,2,2700.0,0.05,Low (1-5%),5400.0,270.0,5130.0
ORD-2671,2026-05-04,2026,Q2,5,May,2026-05,Monday,0,Central,Online,Returning,Monitors,Ultrawide Monitor,Premium,Hafiz Rahman,2,1282.5,0.0,No discount,2565.0,0.0,2565.0
ORD-2672,2026-12-21,2026,Q4,12,December,2026-12,Monday,0,West,Marketplace,New,Storage,External SSD 1TB,Mid-range,Sofia Tan,6,405.0,0.15,High (>10%),2430.0,364.5,2065.5
ORD-2673,2026-12-22,2026,Q4,12,December,2026-12,Tuesday,0,North,Online,New,Office Supplies,Desk Organizer,Budget,Aisha Lim,8,31.5,0.15,High (>10%),252.0,37.8,214.2
ORD-2674,2026-01-19,2026,Q1,1,January,2026-01,Monday,0,North,Online,Returning,Office Supplies,Sticky Notes,Budget,Aisha Lim,5,7.34,0.0,No discount,36.7,-0.02,36.72
ORD-2675,2026-04-23,2026,Q2,4,April,2026-04,Thursday,0,Central,Corporate Sales,Returning,Monitors,Ultrawide Monitor,Premium,Kevin Yap,3,1377.0,0.03,Low (1-5%),4131.0,123.93,4007.07
ORD-2676,2026-03-19,2026,Q1,3,March,2026-03,Thursday,0,East,Retail Store,Returning,Accessories,USB-C Hub,Budget,Amir Hassan,2,50.49,0.03,Low (1-5%),100.98,3.03,97.95
ORD-2677,2026-10-14,2026,Q4,10,October,2026-10,Wednesday,0,Central,Online,Returning,Storage,External HDD 2TB,Mid-range,Kevin Yap,2,305.28,0.03,Low (1-5%),610.56,18.32,592.24
ORD-2678,2026-02-25,2026,Q1,2,February,2026-02,Wednesday,0,West,Online,New,Accessories,Laptop Stand,Budget,Ben Ho,2,35.57,0.0,No discount,71.14,0.0,71.14
ORD-2679,2026-07-11,2026,Q3,7,July,2026-07,Saturday,1,Central,Corporate Sales,Returning,Monitors,27-inch Monitor,Mid-range,Kevin Yap,4,780.3,0.03,Low (1-5%),3121.2,93.64,3027.56
ORD-2680,2026-01-28,2026,Q1,1,January,2026-01,Wednesday,0,South,Retail Store,New,Monitors,27-inch Monitor,Mid-range,Farah Ali,6,765.0,0.2,High (>10%),4590.0,918.0,3672.0
ORD-2681,2026-12-17,2026,Q4,12,December,2026-12,Thursday,0,North,Online,New,Office Supplies,Printer Paper,Budget,Mei Tan,3,16.2,0.03,Low (1-5%),48.6,1.46,47.14
ORD-2682,2026-02-05,2026,Q1,2,February,2026-02,Thursday,0,East,Retail Store,New,Accessories,Laptop Stand,Budget,Amir Hassan,4,36.25,0.03,Low (1-5%),145.0,4.34,140.66
ORD-2683,2026-06-12,2026,Q2,6,June,2026-06,Friday,0,North,Online,Returning,Monitors,Ultrawide Monitor,Premium,Daniel Wong,2,1377.0,0.08,Medium (6-10%),2754.0,220.32,2533.68
ORD-2684,2026-01-05,2026,Q1,1,January,2026-01,Monday,0,West,Retail Store,Returning,Accessories,Wireless Mouse,Budget,Ben Ho,3,39.29,0.05,Low (1-5%),117.87,5.91,111.96
ORD-2685,2026-02-22,2026,Q1,2,February,2026-02,Sunday,1,North,Online,New,Networking,Network Switch,Mid-range,Daniel Wong,5,153.9,0.0,No discount,769.5,0.0,769.5
ORD-2686,2026-01-23,2026,Q1,1,January,2026-01,Friday,0,West,Marketplace,New,Office Supplies,Desk Organizer,Budget,Sofia Tan,5,30.56,0.2,High (>10%),152.8,30.58,122.22
ORD-2687,2026-06-09,2026,Q2,6,June,2026-06,Tuesday,0,East,Online,Returning,Monitors,24-inch Monitor,Mid-range,Grace Ng,2,495.9,0.05,Low (1-5%),991.8,49.59,942.21
ORD-2688,2026-03-12,2026,Q1,3,March,2026-03,Thursday,0,South,Online,Returning,Networking,Ethernet Cable,Budget,Farah Ali,3,18.0,0.15,High (>10%),54.0,8.1,45.9
ORD-2689,2026-10-01,2026,Q4,10,October,2026-10,Thursday,0,North,Marketplace,New,Computers,Laptop Air 13,Premium,Aisha Lim,2,2250.0,0.08,Medium (6-10%),4500.0,360.0,4140.0
ORD-2690,2026-09-19,2026,Q3,9,September,2026-09,Saturday,1,West,Corporate Sales,Returning,Storage,External SSD 1TB,Mid-range,Priya Shah,3,384.75,0.05,Low (1-5%),1154.25,57.71,1096.54
ORD-2691,2026-10-08,2026,Q4,10,October,2026-10,Thursday,0,West,Online,Returning,Monitors,24-inch Monitor,Mid-range,Sofia Tan,2,522.0,0.15,High (>10%),1044.0,156.6,887.4
ORD-2692,2026-06-17,2026,Q2,6,June,2026-06,Wednesday,0,East,Marketplace,New,Accessories,Laptop Stand,Budget,Amir Hassan,8,33.17,0.2,High (>10%),265.36,53.05,212.31
ORD-2693,2026-11-20,2026,Q4,11,November,2026-11,Friday,0,Central,Marketplace,New,Storage,External HDD 2TB,Mid-range,Chloe Lim,5,293.76,0.05,Low (1-5%),1468.8,73.44,1395.36
ORD-2694,2026-03-05,2026,Q1,3,March,2026-03,Thursday,0,North,Retail Store,Returning,Networking,Wi-Fi Router,Mid-range,Daniel Wong,3,239.4,0.05,Low (1-5%),718.2,35.91,682.29
ORD-2695,2026-01-18,2026,Q1,1,January,2026-01,Sunday,1,South,Retail Store,New,Office Supplies,Pen Pack,Budget,Raj Kumar,4,11.45,0.08,Medium (6-10%),45.8,3.67,42.13
ORD-2696,2026-07-09,2026,Q3,7,July,2026-07,Thursday,0,West,Retail Store,New,Monitors,Ultrawide Monitor,Premium,Ben Ho,2,1350.0,0.03,Low (1-5%),2700.0,81.0,2619.0
ORD-2697,2026-05-28,2026,Q2,5,May,2026-05,Thursday,0,Central,Online,New,Accessories,Laptop Stand,Budget,Hafiz Rahman,2,32.49,0.0,No discount,64.98,0.0,64.98
ORD-2698,2026-05-05,2026,Q2,5,May,2026-05,Tuesday,0,Central,Online,New,Monitors,27-inch Monitor,Mid-range,Kevin Yap,3,726.75,0.08,Medium (6-10%),2180.25,174.42,2005.83
ORD-2699,2026-05-09,2026,Q2,5,May,2026-05,Saturday,1,North,Online,New,Accessories,Wireless Mouse,Budget,Aisha Lim,4,38.48,0.05,Low (1-5%),153.92,7.71,146.21
ORD-2700,2026-02-11,2026,Q1,2,February,2026-02,Wednesday,0,South,Online,Returning,Monitors,Portable Monitor,Mid-range,Raj Kumar,2,630.0,0.03,Low (1-5%),1260.0,37.8,1222.2
ORD-2701,2026-02-13,2026,Q1,2,February,2026-02,Friday,0,East,Corporate Sales,Returning,Accessories,Mouse Pad,Budget,Amir Hassan,14,13.77,0.15,High (>10%),192.78,28.92,163.86
ORD-2702,2026-05-29,2026,Q2,5,May,2026-05,Friday,0,Central,Retail Store,Returning,Monitors,27-inch Monitor,Mid-range,Hafiz Rahman,2,742.05,0.1,Medium (6-10%),1484.1,148.41,1335.69
ORD-2703,2026-05-13,2026,Q2,5,May,2026-05,Wednesday,0,North,Marketplace,New,Storage,External HDD 2TB,Mid-range,Aisha Lim,7,273.6,0.03,Low (1-5%),1915.2,57.46,1857.74
ORD-2704,2026-06-05,2026,Q2,6,June,2026-06,Friday,0,North,Retail Store,Returning,Accessories,Webcam,Budget,Mei Tan,2,72.0,0.05,Low (1-5%),144.0,7.2,136.8
ORD-2705,2026-11-27,2026,Q4,11,November,2026-11,Friday,0,North,Corporate Sales,Returning,Computers,Gaming Laptop,Premium,Daniel Wong,2,3780.0,0.15,High (>10%),7560.0,1134.0,6426.0
ORD-2706,2026-03-09,2026,Q1,3,March,2026-03,Monday,0,South,Marketplace,Returning,Monitors,Portable Monitor,Mid-range,Farah Ali,3,598.5,0.08,Medium (6-10%),1795.5,143.64,1651.86
ORD-2707,2026-04-02,2026,Q2,4,April,2026-04,Thursday,0,East,Online,Returning,Monitors,24-inch Monitor,Mid-range,Amir Hassan,3,532.44,0.05,Low (1-5%),1597.32,79.87,1517.45
ORD-2708,2026-03-23,2026,Q1,3,March,2026-03,Monday,0,North,Retail Store,New,Accessories,Laptop Stand,Budget,Daniel Wong,3,34.2,0.08,Medium (6-10%),102.6,8.21,94.39
ORD-2709,2026-07-08,2026,Q3,7,July,2026-07,Wednesday,0,North,Marketplace,Returning,Accessories,Webcam,Budget,Aisha Lim,7,76.32,0.15,High (>10%),534.24,80.14,454.1
ORD-2710,2026-05-29,2026,Q2,5,May,2026-05,Friday,0,South,Online,New,Monitors,27-inch Monitor,Mid-range,Jason Lee,2,810.9,0.0,No discount,1621.8,0.0,1621.8
ORD-2711,2026-10-03,2026,Q4,10,October,2026-10,Saturday,1,East,Retail Store,Returning,Computers,Laptop Air 13,Premium,Amir Hassan,2,2137.5,0.03,Low (1-5%),4275.0,128.25,4146.75
ORD-2712,2026-12-21,2026,Q4,12,December,2026-12,Monday,0,North,Online,Returning,Monitors,24-inch Monitor,Mid-range,Aisha Lim,2,506.34,0.2,High (>10%),1012.68,202.54,810.14
ORD-2713,2026-08-23,2026,Q3,8,August,2026-08,Sunday,1,North,Online,New,Storage,External SSD 1TB,Mid-range,Mei Tan,2,405.0,0.0,No discount,810.0,0.0,810.0
ORD-2714,2026-04-23,2026,Q2,4,April,2026-04,Thursday,0,West,Online,New,Storage,Memory Card 256GB,Budget,Sofia Tan,6,82.62,0.0,No discount,495.72,0.0,495.72
ORD-2715,2026-04-23,2026,Q2,4,April,2026-04,Thursday,0,North,Marketplace,Returning,Monitors,Portable Monitor,Mid-range,Aisha Lim,4,642.6,0.05,Low (1-5%),2570.4,128.52,2441.88
ORD-2716,2026-03-22,2026,Q1,3,March,2026-03,Sunday,1,Central,Online,Returning,Monitors,Portable Monitor,Mid-range,Kevin Yap,2,667.8,0.05,Low (1-5%),1335.6,66.78,1268.82
ORD-2717,2026-02-18,2026,Q1,2,February,2026-02,Wednesday,0,North,Corporate Sales,Returning,Storage,External SSD 1TB,Mid-range,Daniel Wong,10,421.2,0.15,High (>10%),4212.0,631.8,3580.2
ORD-2718,2026-10-01,2026,Q4,10,October,2026-10,Thursday,0,South,Retail Store,Returning,Accessories,Mouse Pad,Budget,Farah Ali,2,13.5,0.1,Medium (6-10%),27.0,2.7,24.3
ORD-2719,2026-04-24,2026,Q2,4,April,2026-04,Friday,0,East,Online,Returning,Computers,Laptop Air 13,Premium,Nora Chen,3,2182.5,0.03,Low (1-5%),6547.5,196.42,6351.08
ORD-2720,2026-01-06,2026,Q1,1,January,2026-01,Tuesday,0,East,Online,Returning,Computers,Gaming Laptop,Premium,Nora Chen,2,3931.2,0.15,High (>10%),7862.4,1179.36,6683.04
ORD-2721,2026-06-23,2026,Q2,6,June,2026-06,Tuesday,0,South,Online,Returning,Office Supplies,Desk Organizer,Budget,Farah Ali,2,32.13,0.1,Medium (6-10%),64.26,6.43,57.83
ORD-2722,2026-02-04,2026,Q1,2,February,2026-02,Wednesday,0,East,Retail Store,Returning,Storage,External HDD 2TB,Mid-range,Amir Hassan,4,288.0,0.05,Low (1-5%),1152.0,57.6,1094.4
ORD-2723,2026-09-13,2026,Q3,9,September,2026-09,Sunday,1,North,Online,Returning,Computers,Gaming Laptop,Premium,Aisha Lim,2,3666.6,0.2,High (>10%),7333.2,1466.64,5866.56
ORD-2724,2026-03-14,2026,Q1,3,March,2026-03,Saturday,1,West,Marketplace,Returning,Networking,Ethernet Cable,Budget,Priya Shah,5,18.0,0.0,No discount,90.0,0.0,90.0
ORD-2725,2026-11-21,2026,Q4,11,November,2026-11,Saturday,1,Central,Online,Returning,Networking,Wi-Fi Router,Mid-range,Hafiz Rahman,2,262.08,0.05,Low (1-5%),524.16,26.21,497.95
ORD-2726,2026-12-23,2026,Q4,12,December,2026-12,Wednesday,0,North,Retail Store,Returning,Computers,Laptop Air 13,Premium,Daniel Wong,3,2295.0,0.15,High (>10%),6885.0,1032.75,5852.25
ORD-2727,2026-10-12,2026,Q4,10,October,2026-10,Monday,0,Central,Marketplace,New,Computers,Laptop Pro 14,Premium,Hafiz Rahman,2,2937.6,0.05,Low (1-5%),5875.2,293.76,5581.44
ORD-2728,2026-12-31,2026,Q4,12,December,2026-12,Thursday,0,Central,Marketplace,New,Accessories,Laptop Stand,Budget,Kevin Yap,3,36.25,0.08,Medium (6-10%),108.75,8.69,100.06
ORD-2729,2026-04-28,2026,Q2,4,April,2026-04,Tuesday,0,East,Corporate Sales,Returning,Monitors,Ultrawide Monitor,Premium,Grace Ng,2,1431.0,0.05,Low (1-5%),2862.0,143.1,2718.9
ORD-2730,2026-09-24,2026,Q3,9,September,2026-09,Thursday,0,Central,Online,Returning,Networking,Ethernet Cable,Budget,Hafiz Rahman,3,18.0,0.03,Low (1-5%),54.0,1.62,52.38
ORD-2731,2026-08-28,2026,Q3,8,August,2026-08,Friday,0,South,Retail Store,Returning,Office Supplies,Printer Paper,Budget,Raj Kumar,3,15.71,0.15,High (>10%),47.13,7.06,40.07
ORD-2732,2026-11-02,2026,Q4,11,November,2026-11,Monday,0,South,Online,Returning,Accessories,Laptop Stand,Budget,Raj Kumar,4,34.2,0.1,Medium (6-10%),136.8,13.68,123.12
ORD-2733,2026-10-20,2026,Q4,10,October,2026-10,Tuesday,0,North,Corporate Sales,Returning,Monitors,Ultrawide Monitor,Premium,Mei Tan,2,1431.0,0.15,High (>10%),2862.0,429.3,2432.7
ORD-2734,2026-01-28,2026,Q1,1,January,2026-01,Wednesday,0,Central,Online,Returning,Storage,External SSD 1TB,Mid-range,Hafiz Rahman,2,405.0,0.0,No discount,810.0,0.0,810.0
ORD-2735,2026-01-22,2026,Q1,1,January,2026-01,Thursday,0,Central,Corporate Sales,Returning,Computers,Laptop Air 13,Premium,Hafiz Rahman,3,2340.0,0.05,Low (1-5%),7020.0,351.0,6669.0
ORD-2736,2026-07-11,2026,Q3,7,July,2026-07,Saturday,1,West,Online,Returning,Accessories,USB-C Hub,Budget,Sofia Tan,2,49.5,0.2,High (>10%),99.0,19.8,79.2
ORD-2737,2026-01-21,2026,Q1,1,January,2026-01,Wednesday,0,West,Online,Returning,Office Supplies,Pen Pack,Budget,Priya Shah,7,10.8,0.0,No discount,75.6,0.0,75.6
ORD-2738,2026-03-07,2026,Q1,3,March,2026-03,Saturday,1,Central,Retail Store,New,Accessories,Mouse Pad,Budget,Kevin Yap,5,13.5,0.0,No discount,67.5,0.0,67.5
ORD-2739,2026-09-11,2026,Q3,9,September,2026-09,Friday,0,South,Corporate Sales,Returning,Monitors,24-inch Monitor,Mid-range,Jason Lee,2,553.32,0.2,High (>10%),1106.64,221.33,885.31
ORD-2740,2026-12-22,2026,Q4,12,December,2026-12,Tuesday,0,North,Retail Store,Returning,Office Supplies,Pen Pack,Budget,Mei Tan,7,10.8,0.08,Medium (6-10%),75.6,6.05,69.55
ORD-2741,2026-08-13,2026,Q3,8,August,2026-08,Thursday,0,West,Retail Store,New,Accessories,Laptop Stand,Budget,Priya Shah,4,32.49,0.0,No discount,129.96,0.0,129.96
ORD-2742,2026-09-27,2026,Q3,9,September,2026-09,Sunday,1,North,Retail Store,Returning,Accessories,Laptop Stand,Budget,Mei Tan,4,34.88,0.08,Medium (6-10%),139.52,11.15,128.37
ORD-2743,2026-01-30,2026,Q1,1,January,2026-01,Friday,0,North,Marketplace,New,Accessories,Laptop Stand,Budget,Mei Tan,3,34.2,0.1,Medium (6-10%),102.6,10.26,92.34
ORD-2744,2026-01-02,2026,Q1,1,January,2026-01,Friday,0,East,Online,Returning,Storage,External HDD 2TB,Mid-range,Nora Chen,4,299.52,0.08,Medium (6-10%),1198.08,95.85,1102.23
ORD-2745,2026-06-07,2026,Q2,6,June,2026-06,Sunday,1,Central,Online,New,Storage,USB Drive 128GB,Budget,Kevin Yap,4,54.0,0.03,Low (1-5%),216.0,6.48,209.52
ORD-2746,2026-01-21,2026,Q1,1,January,2026-01,Wednesday,0,North,Corporate Sales,Returning,Office Supplies,Desk Organizer,Budget,Aisha Lim,10,31.5,0.2,High (>10%),315.0,63.0,252.0
ORD-2747,2026-11-28,2026,Q4,11,November,2026-11,Saturday,1,West,Online,New,Accessories,Mouse Pad,Budget,Priya Shah,2,14.31,0.1,Medium (6-10%),28.62,2.86,25.76
ORD-2748,2026-06-08,2026,Q2,6,June,2026-06,Monday,0,North,Online,Returning,Storage,External HDD 2TB,Mid-range,Aisha Lim,2,293.76,0.03,Low (1-5%),587.52,17.63,569.89
ORD-2749,2026-12-02,2026,Q4,12,December,2026-12,Wednesday,0,Central,Retail Store,New,Accessories,USB-C Hub,Budget,Hafiz Rahman,4,47.03,0.03,Low (1-5%),188.12,5.66,182.46
ORD-2750,2026-04-10,2026,Q2,4,April,2026-04,Friday,0,West,Marketplace,Returning,Accessories,Wireless Mouse,Budget,Ben Ho,2,39.29,0.03,Low (1-5%),78.58,2.37,76.21
ORD-2751,2026-02-21,2026,Q1,2,February,2026-02,Saturday,1,Central,Marketplace,Returning,Office Supplies,Sticky Notes,Budget,Hafiz Rahman,5,7.2,0.2,High (>10%),36.0,7.2,28.8
ORD-2752,2026-09-27,2026,Q3,9,September,2026-09,Sunday,1,West,Marketplace,Returning,Monitors,Ultrawide Monitor,Premium,Ben Ho,2,1404.0,0.05,Low (1-5%),2808.0,140.4,2667.6
ORD-2753,2026-07-02,2026,Q3,7,July,2026-07,Thursday,0,Central,Marketplace,Returning,Networking,Mesh Wi-Fi Set,Mid-range,Kevin Yap,7,675.0,0.08,Medium (6-10%),4725.0,378.0,4347.0
ORD-2754,2026-02-20,2026,Q1,2,February,2026-02,Friday,0,South,Marketplace,New,Networking,Mesh Wi-Fi Set,Mid-range,Farah Ali,2,675.0,0.2,High (>10%),1350.0,270.0,1080.0
ORD-2755,2026-06-01,2026,Q2,6,June,2026-06,Monday,0,Central,Retail Store,Returning,Accessories,Mouse Pad,Budget,Kevin Yap,7,12.83,0.03,Low (1-5%),89.81,2.73,87.08
ORD-2756,2026-10-16,2026,Q4,10,October,2026-10,Friday,0,Central,Online,Returning,Accessories,Wireless Mouse,Budget,Hafiz Rahman,3,40.5,0.1,Medium (6-10%),121.5,12.15,109.35
ORD-2757,2026-08-02,2026,Q3,8,August,2026-08,Sunday,1,North,Corporate Sales,New,Monitors,Ultrawide Monitor,Premium,Mei Tan,3,1309.5,0.05,Low (1-5%),3928.5,196.42,3732.08
ORD-2758,2026-03-11,2026,Q1,3,March,2026-03,Wednesday,0,North,Retail Store,Returning,Accessories,Laptop Stand,Budget,Aisha Lim,2,35.57,0.15,High (>10%),71.14,10.67,60.47
ORD-2759,2026-09-13,2026,Q3,9,September,2026-09,Sunday,1,North,Corporate Sales,Returning,Accessories,Laptop Stand,Budget,Daniel Wong,8,34.2,0.1,Medium (6-10%),273.6,27.36,246.24
ORD-2760,2026-12-09,2026,Q4,12,December,2026-12,Wednesday,0,North,Marketplace,New,Accessories,Mouse Pad,Budget,Daniel Wong,3,13.77,0.05,Low (1-5%),41.31,2.07,39.24
ORD-2761,2026-03-12,2026,Q1,3,March,2026-03,Thursday,0,East,Online,Returning,Monitors,Portable Monitor,Mid-range,Amir Hassan,2,667.8,0.05,Low (1-5%),1335.6,66.78,1268.82
ORD-2762,2026-11-26,2026,Q4,11,November,2026-11,Thursday,0,North,Online,Returning,Accessories,Wireless Mouse,Budget,Mei Tan,4,39.29,0.1,Medium (6-10%),157.16,15.73,141.43
ORD-2763,2026-02-22,2026,Q1,2,February,2026-02,Sunday,1,North,Online,Returning,Monitors,Portable Monitor,Mid-range,Aisha Lim,2,655.2,0.05,Low (1-5%),1310.4,65.52,1244.88
ORD-2764,2026-06-19,2026,Q2,6,June,2026-06,Friday,0,Central,Retail Store,New,Monitors,Portable Monitor,Mid-range,Chloe Lim,2,630.0,0.1,Medium (6-10%),1260.0,126.0,1134.0
ORD-2765,2026-02-21,2026,Q1,2,February,2026-02,Saturday,1,South,Corporate Sales,Returning,Computers,All-in-One PC,Premium,Raj Kumar,2,2862.0,0.05,Low (1-5%),5724.0,286.2,5437.8
ORD-2766,2026-11-30,2026,Q4,11,November,2026-11,Monday,0,North,Retail Store,Returning,Office Supplies,Desk Organizer,Budget,Aisha Lim,2,31.5,0.03,Low (1-5%),63.0,1.89,61.11
ORD-2767,2026-07-05,2026,Q3,7,July,2026-07,Sunday,1,North,Retail Store,Returning,Monitors,Ultrawide Monitor,Premium,Mei Tan,2,1350.0,0.0,No discount,2700.0,0.0,2700.0
ORD-2768,2026-03-02,2026,Q1,3,March,2026-03,Monday,0,South,Online,New,Office Supplies,Desk Organizer,Budget,Farah Ali,4,31.5,0.05,Low (1-5%),126.0,6.3,119.7
ORD-2769,2026-06-23,2026,Q2,6,June,2026-06,Tuesday,0,North,Online,Returning,Monitors,Ultrawide Monitor,Premium,Aisha Lim,3,1350.0,0.15,High (>10%),4050.0,607.5,3442.5
ORD-2770,2026-06-19,2026,Q2,6,June,2026-06,Friday,0,East,Retail Store,New,Networking,Network Switch,Mid-range,Grace Ng,3,162.0,0.05,Low (1-5%),486.0,24.3,461.7
ORD-2771,2026-09-12,2026,Q3,9,September,2026-09,Saturday,1,Central,Online,Returning,Computers,Laptop Air 13,Premium,Hafiz Rahman,2,2385.0,0.1,Medium (6-10%),4770.0,477.0,4293.0
ORD-2772,2026-12-19,2026,Q4,12,December,2026-12,Saturday,1,East,Online,Returning,Accessories,Mouse Pad,Budget,Nora Chen,2,13.77,0.1,Medium (6-10%),27.54,2.75,24.79
ORD-2773,2026-02-05,2026,Q1,2,February,2026-02,Thursday,0,West,Retail Store,Returning,Accessories,Laptop Stand,Budget,Ben Ho,2,33.17,0.0,No discount,66.34,-0.01,66.35
ORD-2774,2026-09-14,2026,Q3,9,September,2026-09,Monday,0,South,Marketplace,Returning,Storage,USB Drive 128GB,Budget,Jason Lee,3,56.16,0.05,Low (1-5%),168.48,8.42,160.06
ORD-2775,2026-10-06,2026,Q4,10,October,2026-10,Tuesday,0,Central,Corporate Sales,Returning,Networking,Ethernet Cable,Budget,Chloe Lim,6,18.0,0.05,Low (1-5%),108.0,5.4,102.6
ORD-2776,2026-10-10,2026,Q4,10,October,2026-10,Saturday,1,East,Retail Store,Returning,Monitors,27-inch Monitor,Mid-range,Nora Chen,2,765.0,0.05,Low (1-5%),1530.0,76.5,1453.5
ORD-2777,2026-09-08,2026,Q3,9,September,2026-09,Tuesday,0,Central,Online,Returning,Storage,External HDD 2TB,Mid-range,Kevin Yap,2,288.0,0.08,Medium (6-10%),576.0,46.08,529.92
ORD-2778,2026-06-20,2026,Q2,6,June,2026-06,Saturday,1,West,Corporate Sales,New,Monitors,Ultrawide Monitor,Premium,Sofia Tan,2,1309.5,0.03,Low (1-5%),2619.0,78.57,2540.43
ORD-2779,2026-12-25,2026,Q4,12,December,2026-12,Friday,0,East,Online,Returning,Accessories,USB-C Hub,Budget,Grace Ng,3,47.03,0.05,Low (1-5%),141.09,7.07,134.02
ORD-2780,2026-10-05,2026,Q4,10,October,2026-10,Monday,0,West,Corporate Sales,Returning,Monitors,27-inch Monitor,Mid-range,Ben Ho,2,765.0,0.0,No discount,1530.0,0.0,1530.0
ORD-2781,2026-04-14,2026,Q2,4,April,2026-04,Tuesday,0,Central,Retail Store,New,Office Supplies,Pen Pack,Budget,Kevin Yap,6,10.26,0.0,No discount,61.56,0.0,61.56
ORD-2782,2026-04-11,2026,Q2,4,April,2026-04,Saturday,1,North,Online,Returning,Monitors,Portable Monitor,Mid-range,Mei Tan,3,642.6,0.1,Medium (6-10%),1927.8,192.78,1735.02
ORD-2783,2026-11-05,2026,Q4,11,November,2026-11,Thursday,0,West,Marketplace,Returning,Monitors,Portable Monitor,Mid-range,Sofia Tan,5,611.1,0.08,Medium (6-10%),3055.5,244.44,2811.06
ORD-2784,2026-12-04,2026,Q4,12,December,2026-12,Friday,0,East,Online,Returning,Computers,Laptop Air 13,Premium,Grace Ng,2,2182.5,0.15,High (>10%),4365.0,654.75,3710.25
ORD-2785,2026-05-29,2026,Q2,5,May,2026-05,Friday,0,North,Marketplace,New,Computers,Laptop Air 13,Premium,Aisha Lim,3,2137.5,0.03,Low (1-5%),6412.5,192.37,6220.13
ORD-2786,2026-09-04,2026,Q3,9,September,2026-09,Friday,0,South,Corporate Sales,New,Computers,Gaming Laptop,Premium,Jason Lee,2,3931.2,0.1,Medium (6-10%),7862.4,786.24,7076.16
ORD-2787,2026-06-27,2026,Q2,6,June,2026-06,Saturday,1,East,Online,Returning,Networking,Ethernet Cable,Budget,Grace Ng,4,18.0,0.05,Low (1-5%),72.0,3.6,68.4
ORD-2788,2026-05-12,2026,Q2,5,May,2026-05,Tuesday,0,Central,Corporate Sales,Returning,Networking,Network Switch,Mid-range,Chloe Lim,4,162.0,0.05,Low (1-5%),648.0,32.4,615.6
ORD-2789,2026-04-27,2026,Q2,4,April,2026-04,Monday,0,South,Online,Returning,Storage,USB Drive 128GB,Budget,Jason Lee,2,51.3,0.1,Medium (6-10%),102.6,10.26,92.34
ORD-2790,2026-12-14,2026,Q4,12,December,2026-12,Monday,0,South,Online,Returning,Storage,External HDD 2TB,Mid-range,Raj Kumar,2,288.0,0.08,Medium (6-10%),576.0,46.08,529.92
ORD-2791,2026-08-08,2026,Q3,8,August,2026-08,Saturday,1,North,Online,New,Monitors,24-inch Monitor,Mid-range,Mei Tan,2,522.0,0.0,No discount,1044.0,0.0,1044.0
ORD-2792,2026-09-03,2026,Q3,9,September,2026-09,Thursday,0,South,Retail Store,Returning,Accessories,USB-C Hub,Budget,Farah Ali,3,52.47,0.1,Medium (6-10%),157.41,15.74,141.67
ORD-2793,2026-05-11,2026,Q2,5,May,2026-05,Monday,0,West,Retail Store,New,Office Supplies,Pen Pack,Budget,Sofia Tan,2,10.26,0.1,Medium (6-10%),20.52,2.05,18.47
ORD-2794,2026-01-31,2026,Q1,1,January,2026-01,Saturday,1,Central,Marketplace,Returning,Monitors,Ultrawide Monitor,Premium,Hafiz Rahman,2,1431.0,0.0,No discount,2862.0,0.0,2862.0
ORD-2795,2026-09-26,2026,Q3,9,September,2026-09,Saturday,1,North,Online,New,Accessories,Webcam,Budget,Mei Tan,2,68.4,0.08,Medium (6-10%),136.8,10.94,125.86
ORD-2796,2026-05-09,2026,Q2,5,May,2026-05,Saturday,1,South,Marketplace,New,Office Supplies,Printer Paper,Budget,Jason Lee,4,16.2,0.08,Medium (6-10%),64.8,5.18,59.62
ORD-2797,2026-04-10,2026,Q2,4,April,2026-04,Friday,0,Central,Retail Store,Returning,Monitors,Ultrawide Monitor,Premium,Kevin Yap,2,1404.0,0.1,Medium (6-10%),2808.0,280.8,2527.2
ORD-2798,2026-06-12,2026,Q2,6,June,2026-06,Friday,0,Central,Online,New,Monitors,Portable Monitor,Mid-range,Chloe Lim,4,630.0,0.08,Medium (6-10%),2520.0,201.6,2318.4
ORD-2799,2026-05-28,2026,Q2,5,May,2026-05,Thursday,0,Central,Online,New,Accessories,Webcam,Budget,Hafiz Rahman,3,73.44,0.08,Medium (6-10%),220.32,17.63,202.69
ORD-2800,2026-09-30,2026,Q3,9,September,2026-09,Wednesday,0,East,Corporate Sales,Returning,Monitors,27-inch Monitor,Mid-range,Nora Chen,3,810.9,0.2,High (>10%),2432.7,486.54,1946.16
ORD-2801,2026-03-02,2026,Q1,3,March,2026-03,Monday,0,North,Online,Returning,Networking,Wi-Fi Router,Mid-range,Daniel Wong,5,252.0,0.2,High (>10%),1260.0,252.0,1008.0
ORD-2802,2026-06-30,2026,Q2,6,June,2026-06,Tuesday,0,West,Online,Returning,Networking,Wi-Fi Router,Mid-range,Ben Ho,6,267.12,0.15,High (>10%),1602.72,240.41,1362.31
ORD-2803,2026-02-04,2026,Q1,2,February,2026-02,Wednesday,0,Central,Marketplace,Returning,Computers,All-in-One PC,Premium,Hafiz Rahman,2,2700.0,0.03,Low (1-5%),5400.0,162.0,5238.0
ORD-2804,2026-10-29,2026,Q4,10,October,2026-10,Thursday,0,West,Retail Store,New,Accessories,USB-C Hub,Budget,Priya Shah,5,51.48,0.0,No discount,257.4,0.0,257.4
ORD-2805,2026-06-06,2026,Q2,6,June,2026-06,Saturday,1,North,Marketplace,New,Accessories,Keyboard,Budget,Aisha Lim,5,60.84,0.1,Medium (6-10%),304.2,30.42,273.78
ORD-2806,2026-08-21,2026,Q3,8,August,2026-08,Friday,0,South,Marketplace,Returning,Storage,External SSD 1TB,Mid-range,Farah Ali,2,405.0,0.05,Low (1-5%),810.0,40.5,769.5
ORD-2807,2026-06-29,2026,Q2,6,June,2026-06,Monday,0,Central,Online,Returning,Monitors,Ultrawide Monitor,Premium,Chloe Lim,2,1282.5,0.0,No discount,2565.0,0.0,2565.0
ORD-2808,2026-12-01,2026,Q4,12,December,2026-12,Tuesday,0,East,Online,Returning,Computers,All-in-One PC,Premium,Amir Hassan,2,2754.0,0.08,Medium (6-10%),5508.0,440.64,5067.36
ORD-2809,2026-04-23,2026,Q2,4,April,2026-04,Thursday,0,Central,Retail Store,Returning,Accessories,Webcam,Budget,Hafiz Rahman,3,73.44,0.03,Low (1-5%),220.32,6.61,213.71
ORD-2810,2026-12-16,2026,Q4,12,December,2026-12,Wednesday,0,South,Online,Returning,Monitors,24-inch Monitor,Mid-range,Jason Lee,2,542.88,0.08,Medium (6-10%),1085.76,86.86,998.9
ORD-2811,2026-02-26,2026,Q1,2,February,2026-02,Thursday,0,East,Online,Returning,Storage,External HDD 2TB,Mid-range,Amir Hassan,4,288.0,0.0,No discount,1152.0,0.0,1152.0
ORD-2812,2026-12-31,2026,Q4,12,December,2026-12,Thursday,0,Central,Retail Store,New,Monitors,Ultrawide Monitor,Premium,Kevin Yap,2,1404.0,0.05,Low (1-5%),2808.0,140.4,2667.6
ORD-2813,2026-05-09,2026,Q2,5,May,2026-05,Saturday,1,West,Online,Returning,Accessories,Keyboard,Budget,Priya Shah,3,55.58,0.0,No discount,166.74,0.01,166.73
ORD-2814,2026-04-17,2026,Q2,4,April,2026-04,Friday,0,North,Corporate Sales,New,Computers,Laptop Pro 14,Premium,Mei Tan,2,2880.0,0.1,Medium (6-10%),5760.0,576.0,5184.0
ORD-2815,2026-01-19,2026,Q1,1,January,2026-01,Monday,0,East,Marketplace,Returning,Accessories,Mouse Pad,Budget,Nora Chen,2,13.1,0.03,Low (1-5%),26.2,0.8,25.4
ORD-2816,2026-12-10,2026,Q4,12,December,2026-12,Thursday,0,West,Retail Store,Returning,Accessories,Laptop Stand,Budget,Priya Shah,6,34.2,0.05,Low (1-5%),205.2,10.26,194.94
ORD-2817,2026-07-13,2026,Q3,7,July,2026-07,Monday,0,South,Online,Returning,Accessories,Laptop Stand,Budget,Farah Ali,4,34.2,0.0,No discount,136.8,0.0,136.8
ORD-2818,2026-12-25,2026,Q4,12,December,2026-12,Friday,0,North,Marketplace,New,Office Supplies,Pen Pack,Budget,Mei Tan,3,11.45,0.08,Medium (6-10%),34.35,2.75,31.6
ORD-2819,2026-11-17,2026,Q4,11,November,2026-11,Tuesday,0,South,Corporate Sales,Returning,Monitors,Portable Monitor,Mid-range,Farah Ali,3,630.0,0.03,Low (1-5%),1890.0,56.7,1833.3
ORD-2820,2026-07-10,2026,Q3,7,July,2026-07,Friday,0,South,Online,Returning,Storage,Memory Card 256GB,Budget,Raj Kumar,2,81.0,0.03,Low (1-5%),162.0,4.86,157.14
ORD-2821,2026-03-05,2026,Q1,3,March,2026-03,Thursday,0,North,Online,New,Accessories,Wireless Mouse,Budget,Daniel Wong,5,40.5,0.15,High (>10%),202.5,30.37,172.13
ORD-2822,2026-10-23,2026,Q4,10,October,2026-10,Friday,0,Central,Online,Returning,Monitors,Portable Monitor,Mid-range,Kevin Yap,3,630.0,0.05,Low (1-5%),1890.0,94.5,1795.5
ORD-2823,2026-03-23,2026,Q1,3,March,2026-03,Monday,0,North,Corporate Sales,New,Computers,Gaming Laptop,Premium,Daniel Wong,2,3931.2,0.1,Medium (6-10%),7862.4,786.24,7076.16
ORD-2824,2026-01-03,2026,Q1,1,January,2026-01,Saturday,1,North,Online,New,Accessories,Laptop Stand,Budget,Mei Tan,4,34.2,0.0,No discount,136.8,0.0,136.8
ORD-2825,2026-01-21,2026,Q1,1,January,2026-01,Wednesday,0,North,Marketplace,New,Office Supplies,Pen Pack,Budget,Mei Tan,7,10.26,0.08,Medium (6-10%),71.82,5.75,66.07
ORD-2826,2026-12-27,2026,Q4,12,December,2026-12,Sunday,1,Central,Online,Returning,Storage,External SSD 1TB,Mid-range,Hafiz Rahman,3,384.75,0.08,Medium (6-10%),1154.25,92.34,1061.91
ORD-2827,2026-03-15,2026,Q1,3,March,2026-03,Sunday,1,West,Marketplace,Returning,Accessories,Webcam,Budget,Ben Ho,7,72.0,0.08,Medium (6-10%),504.0,40.32,463.68
ORD-2828,2026-09-29,2026,Q3,9,September,2026-09,Tuesday,0,Central,Online,Returning,Networking,Wi-Fi Router,Mid-range,Kevin Yap,4,257.04,0.15,High (>10%),1028.16,154.22,873.94
ORD-2829,2026-12-25,2026,Q4,12,December,2026-12,Friday,0,Central,Retail Store,Returning,Accessories,USB-C Hub,Budget,Chloe Lim,8,49.5,0.03,Low (1-5%),396.0,11.88,384.12
ORD-2830,2026-03-22,2026,Q1,3,March,2026-03,Sunday,1,East,Online,Returning,Storage,External HDD 2TB,Mid-range,Grace Ng,5,279.36,0.1,Medium (6-10%),1396.8,139.68,1257.12
ORD-2831,2026-12-12,2026,Q4,12,December,2026-12,Saturday,1,Central,Retail Store,Returning,Office Supplies,Sticky Notes,Budget,Kevin Yap,3,7.63,0.2,High (>10%),22.89,4.57,18.32
ORD-2832,2026-01-12,2026,Q1,1,January,2026-01,Monday,0,South,Marketplace,Returning,Accessories,Wireless Mouse,Budget,Jason Lee,5,42.12,0.1,Medium (6-10%),210.6,21.06,189.54
ORD-2833,2026-03-21,2026,Q1,3,March,2026-03,Saturday,1,Central,Retail Store,New,Storage,USB Drive 128GB,Budget,Hafiz Rahman,5,54.0,0.05,Low (1-5%),270.0,13.5,256.5
ORD-2834,2026-08-31,2026,Q3,8,August,2026-08,Monday,0,South,Retail Store,Returning,Accessories,Webcam,Budget,Raj Kumar,4,74.88,0.05,Low (1-5%),299.52,14.98,284.54
ORD-2835,2026-10-07,2026,Q4,10,October,2026-10,Wednesday,0,South,Retail Store,Returning,Accessories,Mouse Pad,Budget,Jason Lee,5,13.5,0.05,Low (1-5%),67.5,3.37,64.13
ORD-2836,2026-12-13,2026,Q4,12,December,2026-12,Sunday,1,East,Corporate Sales,Returning,Computers,Laptop Pro 14,Premium,Grace Ng,2,2880.0,0.05,Low (1-5%),5760.0,288.0,5472.0
ORD-2837,2026-07-19,2026,Q3,7,July,2026-07,Sunday,1,Central,Online,New,Storage,Memory Card 256GB,Budget,Chloe Lim,5,76.95,0.08,Medium (6-10%),384.75,30.78,353.97
ORD-2838,2026-08-20,2026,Q3,8,August,2026-08,Thursday,0,North,Online,Returning,Storage,Memory Card 256GB,Budget,Mei Tan,4,84.24,0.2,High (>10%),336.96,67.39,269.57
ORD-2839,2026-10-19,2026,Q4,10,October,2026-10,Monday,0,East,Retail Store,Returning,Monitors,Portable Monitor,Mid-range,Grace Ng,3,630.0,0.05,Low (1-5%),1890.0,94.5,1795.5
ORD-2840,2026-05-20,2026,Q2,5,May,2026-05,Wednesday,0,Central,Online,New,Networking,Mesh Wi-Fi Set,Mid-range,Hafiz Rahman,2,675.0,0.05,Low (1-5%),1350.0,67.5,1282.5
ORD-2841,2026-11-17,2026,Q4,11,November,2026-11,Tuesday,0,Central,Online,Returning,Monitors,24-inch Monitor,Mid-range,Chloe Lim,2,542.88,0.1,Medium (6-10%),1085.76,108.58,977.18
ORD-2842,2026-11-04,2026,Q4,11,November,2026-11,Wednesday,0,North,Retail Store,Returning,Monitors,Portable Monitor,Mid-range,Mei Tan,2,598.5,0.0,No discount,1197.0,0.0,1197.0
ORD-2843,2026-05-03,2026,Q2,5,May,2026-05,Sunday,1,Central,Online,Returning,Monitors,24-inch Monitor,Mid-range,Kevin Yap,4,495.9,0.0,No discount,1983.6,0.0,1983.6
ORD-2844,2026-12-11,2026,Q4,12,December,2026-12,Friday,0,East,Corporate Sales,New,Networking,Mesh Wi-Fi Set,Mid-range,Grace Ng,6,641.25,0.05,Low (1-5%),3847.5,192.37,3655.13
ORD-2845,2026-07-20,2026,Q3,7,July,2026-07,Monday,0,East,Retail Store,Returning,Office Supplies,Notebook Set,Budget,Nora Chen,3,22.95,0.15,High (>10%),68.85,10.33,58.52
ORD-2846,2026-03-31,2026,Q1,3,March,2026-03,Tuesday,0,East,Online,New,Accessories,Wireless Mouse,Budget,Amir Hassan,5,41.31,0.08,Medium (6-10%),206.55,16.52,190.03
ORD-2847,2026-02-28,2026,Q1,2,February,2026-02,Saturday,1,West,Online,New,Networking,Ethernet Cable,Budget,Priya Shah,3,18.72,0.05,Low (1-5%),56.16,2.81,53.35
ORD-2848,2026-03-15,2026,Q1,3,March,2026-03,Sunday,1,Central,Corporate Sales,Returning,Computers,Gaming Laptop,Premium,Kevin Yap,2,3591.0,0.08,Medium (6-10%),7182.0,574.56,6607.44
ORD-2849,2026-12-21,2026,Q4,12,December,2026-12,Monday,0,North,Retail Store,Returning,Storage,External SSD 1TB,Mid-range,Aisha Lim,2,384.75,0.15,High (>10%),769.5,115.42,654.08
ORD-2850,2026-05-23,2026,Q2,5,May,2026-05,Saturday,1,North,Online,Returning,Computers,Desktop Mini,Premium,Aisha Lim,2,1620.0,0.15,High (>10%),3240.0,486.0,2754.0
ORD-2851,2026-07-22,2026,Q3,7,July,2026-07,Wednesday,0,South,Retail Store,Returning,Computers,Desktop Mini,Premium,Raj Kumar,2,1620.0,0.0,No discount,3240.0,0.0,3240.0
ORD-2852,2026-05-10,2026,Q2,5,May,2026-05,Sunday,1,North,Marketplace,Returning,Computers,Gaming Laptop,Premium,Mei Tan,2,3780.0,0.05,Low (1-5%),7560.0,378.0,7182.0
ORD-2853,2026-03-28,2026,Q1,3,March,2026-03,Saturday,1,North,Retail Store,New,Accessories,Mouse Pad,Budget,Aisha Lim,3,13.5,0.0,No discount,40.5,0.0,40.5
ORD-2854,2026-05-29,2026,Q2,5,May,2026-05,Friday,0,South,Retail Store,Returning,Computers,All-in-One PC,Premium,Raj Kumar,2,2700.0,0.03,Low (1-5%),5400.0,162.0,5238.0
ORD-2855,2026-11-27,2026,Q4,11,November,2026-11,Friday,0,North,Online,New,Office Supplies,Pen Pack,Budget,Mei Tan,3,10.8,0.05,Low (1-5%),32.4,1.62,30.78
ORD-2856,2026-03-27,2026,Q1,3,March,2026-03,Friday,0,Central,Retail Store,New,Computers,Laptop Air 13,Premium,Chloe Lim,4,2250.0,0.15,High (>10%),9000.0,1350.0,7650.0
ORD-2857,2026-12-25,2026,Q4,12,December,2026-12,Friday,0,East,Marketplace,Returning,Storage,Memory Card 256GB,Budget,Grace Ng,2,85.86,0.15,High (>10%),171.72,25.76,145.96
ORD-2858,2026-09-24,2026,Q3,9,September,2026-09,Thursday,0,South,Online,New,Storage,USB Drive 128GB,Budget,Raj Kumar,2,54.0,0.08,Medium (6-10%),108.0,8.64,99.36
ORD-2859,2026-12-09,2026,Q4,12,December,2026-12,Wednesday,0,North,Marketplace,New,Accessories,Webcam,Budget,Aisha Lim,3,73.44,0.08,Medium (6-10%),220.32,17.63,202.69
ORD-2860,2026-11-01,2026,Q4,11,November,2026-11,Sunday,1,Central,Retail Store,Returning,Computers,All-in-One PC,Premium,Hafiz Rahman,2,2619.0,0.05,Low (1-5%),5238.0,261.9,4976.1
ORD-2861,2026-06-25,2026,Q2,6,June,2026-06,Thursday,0,South,Online,Returning,Accessories,Webcam,Budget,Farah Ali,2,72.0,0.15,High (>10%),144.0,21.6,122.4
ORD-2862,2026-02-19,2026,Q1,2,February,2026-02,Thursday,0,South,Marketplace,Returning,Accessories,Laptop Stand,Budget,Jason Lee,2,34.2,0.03,Low (1-5%),68.4,2.05,66.35
ORD-2863,2026-08-07,2026,Q3,8,August,2026-08,Friday,0,North,Retail Store,Returning,Office Supplies,Notebook Set,Budget,Daniel Wong,2,22.5,0.08,Medium (6-10%),45.0,3.6,41.4
ORD-2864,2026-12-14,2026,Q4,12,December,2026-12,Monday,0,Central,Retail Store,Returning,Office Supplies,Sticky Notes,Budget,Kevin Yap,3,6.98,0.03,Low (1-5%),20.94,0.62,20.32
ORD-2865,2026-01-06,2026,Q1,1,January,2026-01,Tuesday,0,South,Retail Store,New,Storage,USB Drive 128GB,Budget,Farah Ali,2,54.0,0.1,Medium (6-10%),108.0,10.8,97.2
ORD-2866,2026-05-22,2026,Q2,5,May,2026-05,Friday,0,North,Online,New,Office Supplies,Sticky Notes,Budget,Mei Tan,2,6.84,0.05,Low (1-5%),13.68,0.68,13.0
ORD-2867,2026-05-22,2026,Q2,5,May,2026-05,Friday,0,East,Online,Returning,Monitors,Portable Monitor,Mid-range,Grace Ng,3,667.8,0.15,High (>10%),2003.4,300.51,1702.89
ORD-2868,2026-11-19,2026,Q4,11,November,2026-11,Thursday,0,Central,Marketplace,New,Office Supplies,Pen Pack,Budget,Hafiz Rahman,7,10.8,0.1,Medium (6-10%),75.6,7.56,68.04
ORD-2869,2026-04-29,2026,Q2,4,April,2026-04,Wednesday,0,South,Retail Store,Returning,Office Supplies,Notebook Set,Budget,Farah Ali,2,21.83,0.08,Medium (6-10%),43.66,3.5,40.16
ORD-2870,2026-06-19,2026,Q2,6,June,2026-06,Friday,0,North,Marketplace,Returning,Storage,USB Drive 128GB,Budget,Daniel Wong,2,54.0,0.03,Low (1-5%),108.0,3.24,104.76
ORD-2871,2026-06-17,2026,Q2,6,June,2026-06,Wednesday,0,South,Online,Returning,Computers,All-in-One PC,Premium,Jason Lee,2,2700.0,0.2,High (>10%),5400.0,1080.0,4320.0
ORD-2872,2026-08-15,2026,Q3,8,August,2026-08,Saturday,1,East,Retail Store,Returning,Office Supplies,Printer Paper,Budget,Grace Ng,4,16.52,0.08,Medium (6-10%),66.08,5.27,60.81
ORD-2873,2026-02-17,2026,Q1,2,February,2026-02,Tuesday,0,West,Marketplace,New,Accessories,USB-C Hub,Budget,Priya Shah,5,52.47,0.08,Medium (6-10%),262.35,20.99,241.36
ORD-2874,2026-11-27,2026,Q4,11,November,2026-11,Friday,0,North,Online,Returning,Accessories,Webcam,Budget,Aisha Lim,7,76.32,0.08,Medium (6-10%),534.24,42.74,491.5
ORD-2875,2026-10-17,2026,Q4,10,October,2026-10,Saturday,1,South,Marketplace,Returning,Office Supplies,Desk Organizer,Budget,Raj Kumar,3,31.5,0.1,Medium (6-10%),94.5,9.45,85.05
ORD-2876,2026-07-13,2026,Q3,7,July,2026-07,Monday,0,Central,Online,New,Accessories,Wireless Mouse,Budget,Hafiz Rahman,4,40.5,0.03,Low (1-5%),162.0,4.86,157.14
ORD-2877,2026-04-11,2026,Q2,4,April,2026-04,Saturday,1,West,Retail Store,Returning,Networking,Wi-Fi Router,Mid-range,Sofia Tan,8,252.0,0.05,Low (1-5%),2016.0,100.8,1915.2
ORD-2878,2026-01-11,2026,Q1,1,January,2026-01,Sunday,1,West,Retail Store,Returning,Networking,Mesh Wi-Fi Set,Mid-range,Ben Ho,3,654.75,0.1,Medium (6-10%),1964.25,196.42,1767.83
ORD-2879,2026-05-18,2026,Q2,5,May,2026-05,Monday,0,Central,Marketplace,Returning,Accessories,Laptop Stand,Budget,Kevin Yap,4,33.17,0.1,Medium (6-10%),132.68,13.25,119.43
ORD-2880,2026-07-25,2026,Q3,7,July,2026-07,Saturday,1,North,Corporate Sales,Returning,Accessories,Mouse Pad,Budget,Mei Tan,5,13.77,0.1,Medium (6-10%),68.85,6.88,61.97
ORD-2881,2026-04-10,2026,Q2,4,April,2026-04,Friday,0,North,Online,Returning,Accessories,Webcam,Budget,Aisha Lim,6,72.0,0.2,High (>10%),432.0,86.4,345.6
ORD-2882,2026-02-28,2026,Q1,2,February,2026-02,Saturday,1,South,Online,Returning,Accessories,Wireless Mouse,Budget,Jason Lee,6,41.31,0.1,Medium (6-10%),247.86,24.79,223.07
ORD-2883,2026-02-09,2026,Q1,2,February,2026-02,Monday,0,South,Online,New,Accessories,USB-C Hub,Budget,Jason Lee,3,49.5,0.15,High (>10%),148.5,22.27,126.23
ORD-2884,2026-10-17,2026,Q4,10,October,2026-10,Saturday,1,East,Online,Returning,Networking,Wi-Fi Router,Mid-range,Grace Ng,5,252.0,0.05,Low (1-5%),1260.0,63.0,1197.0
ORD-2885,2026-08-06,2026,Q3,8,August,2026-08,Thursday,0,North,Online,Returning,Storage,USB Drive 128GB,Budget,Aisha Lim,8,55.08,0.2,High (>10%),440.64,88.13,352.51
ORD-2886,2026-02-21,2026,Q1,2,February,2026-02,Saturday,1,Central,Retail Store,New,Storage,Memory Card 256GB,Budget,Chloe Lim,2,84.24,0.05,Low (1-5%),168.48,8.42,160.06
ORD-2887,2026-05-26,2026,Q2,5,May,2026-05,Tuesday,0,Central,Online,New,Computers,All-in-One PC,Premium,Chloe Lim,2,2565.0,0.1,Medium (6-10%),5130.0,513.0,4617.0
ORD-2888,2026-06-06,2026,Q2,6,June,2026-06,Saturday,1,East,Marketplace,Returning,Computers,Gaming Laptop,Premium,Amir Hassan,2,3931.2,0.2,High (>10%),7862.4,1572.48,6289.92
ORD-2889,2026-03-03,2026,Q1,3,March,2026-03,Tuesday,0,South,Online,New,Storage,Memory Card 256GB,Budget,Jason Lee,2,78.57,0.0,No discount,157.14,0.0,157.14
ORD-2890,2026-11-06,2026,Q4,11,November,2026-11,Friday,0,West,Online,Returning,Office Supplies,Desk Organizer,Budget,Ben Ho,6,32.76,0.0,No discount,196.56,0.0,196.56
ORD-2891,2026-02-12,2026,Q1,2,February,2026-02,Thursday,0,North,Retail Store,New,Monitors,27-inch Monitor,Mid-range,Mei Tan,2,726.75,0.08,Medium (6-10%),1453.5,116.28,1337.22
ORD-2892,2026-06-30,2026,Q2,6,June,2026-06,Tuesday,0,Central,Marketplace,New,Accessories,Laptop Stand,Budget,Chloe Lim,2,36.25,0.15,High (>10%),72.5,10.87,61.63
ORD-2893,2026-08-26,2026,Q3,8,August,2026-08,Wednesday,0,North,Online,Returning,Storage,Memory Card 256GB,Budget,Daniel Wong,3,85.86,0.08,Medium (6-10%),257.58,20.61,236.97
ORD-2894,2026-11-21,2026,Q4,11,November,2026-11,Saturday,1,Central,Marketplace,Returning,Accessories,Webcam,Budget,Hafiz Rahman,7,72.0,0.08,Medium (6-10%),504.0,40.32,463.68
ORD-2895,2026-11-25,2026,Q4,11,November,2026-11,Wednesday,0,Central,Online,Returning,Office Supplies,Desk Organizer,Budget,Hafiz Rahman,2,33.39,0.08,Medium (6-10%),66.78,5.34,61.44
ORD-2896,2026-07-04,2026,Q3,7,July,2026-07,Saturday,1,North,Marketplace,Returning,Networking,Wi-Fi Router,Mid-range,Aisha Lim,5,244.44,0.15,High (>10%),1222.2,183.33,1038.87
ORD-2897,2026-10-25,2026,Q4,10,October,2026-10,Sunday,1,Central,Online,Returning,Monitors,24-inch Monitor,Mid-range,Kevin Yap,2,553.32,0.05,Low (1-5%),1106.64,55.33,1051.31
ORD-2898,2026-10-31,2026,Q4,10,October,2026-10,Saturday,1,East,Corporate Sales,New,Computers,Gaming Laptop,Premium,Nora Chen,2,4006.8,0.05,Low (1-5%),8013.6,400.68,7612.92
ORD-2899,2026-09-20,2026,Q3,9,September,2026-09,Sunday,1,North,Marketplace,Returning,Accessories,Webcam,Budget,Mei Tan,8,74.88,0.03,Low (1-5%),599.04,17.97,581.07
ORD-2900,2026-12-06,2026,Q4,12,December,2026-12,Sunday,1,South,Online,New,Accessories,Mouse Pad,Budget,Raj Kumar,6,13.5,0.05,Low (1-5%),81.0,4.05,76.95
ORD-2901,2026-08-24,2026,Q3,8,August,2026-08,Monday,0,West,Retail Store,New,Computers,Desktop Mini,Premium,Ben Ho,2,1571.4,0.08,Medium (6-10%),3142.8,251.42,2891.38
ORD-2902,2026-09-27,2026,Q3,9,September,2026-09,Sunday,1,West,Online,New,Accessories,Keyboard,Budget,Priya Shah,2,56.75,0.05,Low (1-5%),113.5,5.68,107.82
ORD-2903,2026-05-31,2026,Q2,5,May,2026-05,Sunday,1,West,Online,Returning,Monitors,Portable Monitor,Mid-range,Ben Ho,3,598.5,0.1,Medium (6-10%),1795.5,179.55,1615.95
ORD-2904,2026-03-13,2026,Q1,3,March,2026-03,Friday,0,Central,Marketplace,Returning,Accessories,Keyboard,Budget,Hafiz Rahman,2,59.67,0.08,Medium (6-10%),119.34,9.55,109.79
ORD-2905,2026-06-10,2026,Q2,6,June,2026-06,Wednesday,0,South,Online,Returning,Storage,External HDD 2TB,Mid-range,Jason Lee,3,288.0,0.0,No discount,864.0,0.0,864.0
ORD-2906,2026-07-01,2026,Q3,7,July,2026-07,Wednesday,0,South,Retail Store,New,Computers,Laptop Pro 14,Premium,Farah Ali,2,3052.8,0.05,Low (1-5%),6105.6,305.28,5800.32
ORD-2907,2026-06-09,2026,Q2,6,June,2026-06,Tuesday,0,North,Marketplace,Returning,Accessories,Laptop Stand,Budget,Daniel Wong,3,34.2,0.15,High (>10%),102.6,15.39,87.21
ORD-2908,2026-02-19,2026,Q1,2,February,2026-02,Thursday,0,South,Retail Store,Returning,Accessories,Laptop Stand,Budget,Raj Kumar,3,36.25,0.03,Low (1-5%),108.75,3.26,105.49
ORD-2909,2026-08-02,2026,Q3,8,August,2026-08,Sunday,1,North,Marketplace,Returning,Accessories,USB-C Hub,Budget,Mei Tan,4,49.5,0.0,No discount,198.0,0.0,198.0
ORD-2910,2026-06-09,2026,Q2,6,June,2026-06,Tuesday,0,North,Online,Returning,Computers,Laptop Pro 14,Premium,Aisha Lim,3,3052.8,0.08,Medium (6-10%),9158.4,732.67,8425.73
ORD-2911,2026-04-03,2026,Q2,4,April,2026-04,Friday,0,North,Marketplace,New,Networking,Ethernet Cable,Budget,Mei Tan,6,18.72,0.2,High (>10%),112.32,22.46,89.86
ORD-2912,2026-08-18,2026,Q3,8,August,2026-08,Tuesday,0,Central,Marketplace,Returning,Accessories,Laptop Stand,Budget,Chloe Lim,2,34.2,0.0,No discount,68.4,0.0,68.4
ORD-2913,2026-11-25,2026,Q4,11,November,2026-11,Wednesday,0,South,Marketplace,Returning,Accessories,Laptop Stand,Budget,Raj Kumar,2,34.2,0.08,Medium (6-10%),68.4,5.47,62.93
ORD-2914,2026-07-05,2026,Q3,7,July,2026-07,Sunday,1,Central,Online,New,Networking,Wi-Fi Router,Mid-range,Hafiz Rahman,3,252.0,0.1,Medium (6-10%),756.0,75.6,680.4
ORD-2915,2026-11-13,2026,Q4,11,November,2026-11,Friday,0,East,Online,New,Storage,USB Drive 128GB,Budget,Amir Hassan,2,55.08,0.2,High (>10%),110.16,22.03,88.13
ORD-2916,2026-06-21,2026,Q2,6,June,2026-06,Sunday,1,East,Marketplace,Returning,Accessories,Mouse Pad,Budget,Grace Ng,3,13.5,0.05,Low (1-5%),40.5,2.02,38.48
ORD-2917,2026-05-18,2026,Q2,5,May,2026-05,Monday,0,South,Retail Store,New,Accessories,Mouse Pad,Budget,Jason Lee,3,13.1,0.15,High (>10%),39.3,5.91,33.39
ORD-2918,2026-03-12,2026,Q1,3,March,2026-03,Thursday,0,North,Retail Store,Returning,Networking,Ethernet Cable,Budget,Daniel Wong,3,18.72,0.08,Medium (6-10%),56.16,4.49,51.67
ORD-2919,2026-05-09,2026,Q2,5,May,2026-05,Saturday,1,North,Online,New,Accessories,Webcam,Budget,Daniel Wong,3,72.0,0.0,No discount,216.0,0.0,216.0
ORD-2920,2026-10-15,2026,Q4,10,October,2026-10,Thursday,0,Central,Retail Store,New,Monitors,24-inch Monitor,Mid-range,Chloe Lim,2,553.32,0.1,Medium (6-10%),1106.64,110.66,995.98
ORD-2921,2026-10-02,2026,Q4,10,October,2026-10,Friday,0,North,Retail Store,Returning,Office Supplies,Pen Pack,Budget,Mei Tan,4,11.23,0.1,Medium (6-10%),44.92,4.48,40.44
ORD-2922,2026-11-26,2026,Q4,11,November,2026-11,Thursday,0,South,Online,Returning,Monitors,Ultrawide Monitor,Premium,Raj Kumar,5,1431.0,0.0,No discount,7155.0,0.0,7155.0
ORD-2923,2026-02-19,2026,Q1,2,February,2026-02,Thursday,0,Central,Retail Store,New,Accessories,Mouse Pad,Budget,Chloe Lim,2,12.83,0.2,High (>10%),25.66,5.14,20.52
ORD-2924,2026-10-16,2026,Q4,10,October,2026-10,Friday,0,West,Corporate Sales,Returning,Computers,Desktop Mini,Premium,Sofia Tan,3,1539.0,0.1,Medium (6-10%),4617.0,461.7,4155.3
ORD-2925,2026-01-01,2026,Q1,1,January,2026-01,Thursday,0,East,Online,Returning,Storage,Memory Card 256GB,Budget,Nora Chen,2,85.86,0.0,No discount,171.72,0.0,171.72
ORD-2926,2026-01-17,2026,Q1,1,January,2026-01,Saturday,1,East,Corporate Sales,Returning,Computers,Laptop Pro 14,Premium,Nora Chen,3,2995.2,0.0,No discount,8985.6,0.0,8985.6
ORD-2927,2026-06-25,2026,Q2,6,June,2026-06,Thursday,0,West,Online,New,Storage,External HDD 2TB,Mid-range,Priya Shah,5,305.28,0.1,Medium (6-10%),1526.4,152.64,1373.76
ORD-2928,2026-12-19,2026,Q4,12,December,2026-12,Saturday,1,West,Corporate Sales,Returning,Monitors,Ultrawide Monitor,Premium,Sofia Tan,3,1350.0,0.15,High (>10%),4050.0,607.5,3442.5
ORD-2929,2026-12-28,2026,Q4,12,December,2026-12,Monday,0,Central,Retail Store,Returning,Computers,Laptop Pro 14,Premium,Kevin Yap,2,2736.0,0.1,Medium (6-10%),5472.0,547.2,4924.8
ORD-2930,2026-07-22,2026,Q3,7,July,2026-07,Wednesday,0,North,Retail Store,Returning,Office Supplies,Pen Pack,Budget,Mei Tan,2,11.45,0.0,No discount,22.9,0.0,22.9
ORD-2931,2026-05-22,2026,Q2,5,May,2026-05,Friday,0,East,Corporate Sales,Returning,Computers,Laptop Air 13,Premium,Grace Ng,2,2250.0,0.0,No discount,4500.0,0.0,4500.0
ORD-2932,2026-04-28,2026,Q2,4,April,2026-04,Tuesday,0,West,Online,New,Storage,USB Drive 128GB,Budget,Ben Ho,3,56.16,0.05,Low (1-5%),168.48,8.42,160.06
ORD-2933,2026-12-20,2026,Q4,12,December,2026-12,Sunday,1,East,Online,Returning,Accessories,USB-C Hub,Budget,Nora Chen,3,51.48,0.1,Medium (6-10%),154.44,15.44,139.0
ORD-2934,2026-05-01,2026,Q2,5,May,2026-05,Friday,0,South,Corporate Sales,New,Computers,All-in-One PC,Premium,Raj Kumar,2,2619.0,0.03,Low (1-5%),5238.0,157.14,5080.86
ORD-2935,2026-09-17,2026,Q3,9,September,2026-09,Thursday,0,East,Marketplace,New,Accessories,USB-C Hub,Budget,Nora Chen,2,49.5,0.05,Low (1-5%),99.0,4.95,94.05
ORD-2936,2026-07-23,2026,Q3,7,July,2026-07,Thursday,0,South,Online,New,Networking,Mesh Wi-Fi Set,Mid-range,Raj Kumar,3,702.0,0.15,High (>10%),2106.0,315.9,1790.1
ORD-2937,2026-05-15,2026,Q2,5,May,2026-05,Friday,0,North,Online,New,Accessories,Webcam,Budget,Daniel Wong,4,72.0,0.03,Low (1-5%),288.0,8.64,279.36
ORD-2938,2026-02-14,2026,Q1,2,February,2026-02,Saturday,1,Central,Retail Store,Returning,Networking,Ethernet Cable,Budget,Hafiz Rahman,3,17.1,0.15,High (>10%),51.3,7.69,43.61
ORD-2939,2026-02-02,2026,Q1,2,February,2026-02,Monday,0,North,Retail Store,New,Computers,Gaming Laptop,Premium,Mei Tan,2,3591.0,0.0,No discount,7182.0,0.0,7182.0
ORD-2940,2026-07-15,2026,Q3,7,July,2026-07,Wednesday,0,North,Online,Returning,Networking,Mesh Wi-Fi Set,Mid-range,Daniel Wong,4,675.0,0.2,High (>10%),2700.0,540.0,2160.0
ORD-2941,2026-12-06,2026,Q4,12,December,2026-12,Sunday,1,North,Online,Returning,Networking,Ethernet Cable,Budget,Aisha Lim,4,17.1,0.08,Medium (6-10%),68.4,5.47,62.93
ORD-2942,2026-03-27,2026,Q1,3,March,2026-03,Friday,0,West,Corporate Sales,Returning,Computers,Gaming Laptop,Premium,Sofia Tan,5,3591.0,0.05,Low (1-5%),17955.0,897.75,17057.25
ORD-2943,2026-11-15,2026,Q4,11,November,2026-11,Sunday,1,South,Online,Returning,Computers,Laptop Pro 14,Premium,Raj Kumar,2,2793.6,0.05,Low (1-5%),5587.2,279.36,5307.84
ORD-2944,2026-05-24,2026,Q2,5,May,2026-05,Sunday,1,West,Retail Store,New,Office Supplies,Printer Paper,Budget,Ben Ho,3,16.2,0.03,Low (1-5%),48.6,1.46,47.14
ORD-2945,2026-02-14,2026,Q1,2,February,2026-02,Saturday,1,East,Online,New,Accessories,Mouse Pad,Budget,Nora Chen,6,13.5,0.08,Medium (6-10%),81.0,6.48,74.52
ORD-2946,2026-01-06,2026,Q1,1,January,2026-01,Tuesday,0,East,Marketplace,Returning,Computers,Desktop Mini,Premium,Amir Hassan,4,1684.8,0.15,High (>10%),6739.2,1010.88,5728.32
ORD-2947,2026-12-31,2026,Q4,12,December,2026-12,Thursday,0,Central,Marketplace,Returning,Computers,All-in-One PC,Premium,Kevin Yap,2,2862.0,0.15,High (>10%),5724.0,858.6,4865.4
ORD-2948,2026-04-15,2026,Q2,4,April,2026-04,Wednesday,0,Central,Corporate Sales,Returning,Storage,USB Drive 128GB,Budget,Chloe Lim,3,51.3,0.2,High (>10%),153.9,30.78,123.12
ORD-2949,2026-10-11,2026,Q4,10,October,2026-10,Sunday,1,East,Retail Store,New,Accessories,Keyboard,Budget,Amir Hassan,6,59.67,0.15,High (>10%),358.02,53.7,304.32
ORD-2950,2026-01-24,2026,Q1,1,January,2026-01,Saturday,1,South,Corporate Sales,Returning,Computers,Laptop Pro 14,Premium,Farah Ali,2,2880.0,0.1,Medium (6-10%),5760.0,576.0,5184.0
ORD-2951,2026-11-20,2026,Q4,11,November,2026-11,Friday,0,West,Online,New,Monitors,27-inch Monitor,Mid-range,Ben Ho,5,726.75,0.1,Medium (6-10%),3633.75,363.37,3270.38
ORD-2952,2026-11-21,2026,Q4,11,November,2026-11,Saturday,1,Central,Corporate Sales,New,Storage,Memory Card 256GB,Budget,Chloe Lim,8,81.0,0.03,Low (1-5%),648.0,19.44,628.56
ORD-2953,2026-01-06,2026,Q1,1,January,2026-01,Tuesday,0,Central,Retail Store,New,Computers,All-in-One PC,Premium,Chloe Lim,2,2700.0,0.15,High (>10%),5400.0,810.0,4590.0
ORD-2954,2026-10-17,2026,Q4,10,October,2026-10,Saturday,1,East,Retail Store,Returning,Accessories,USB-C Hub,Budget,Amir Hassan,3,51.48,0.1,Medium (6-10%),154.44,15.44,139.0
ORD-2955,2026-11-27,2026,Q4,11,November,2026-11,Friday,0,North,Online,New,Office Supplies,Desk Organizer,Budget,Mei Tan,2,31.5,0.15,High (>10%),63.0,9.45,53.55
ORD-2956,2026-06-11,2026,Q2,6,June,2026-06,Thursday,0,South,Online,Returning,Accessories,Webcam,Budget,Farah Ali,2,74.88,0.2,High (>10%),149.76,29.95,119.81
ORD-2957,2026-03-23,2026,Q1,3,March,2026-03,Monday,0,West,Marketplace,Returning,Networking,Mesh Wi-Fi Set,Mid-range,Sofia Tan,2,675.0,0.1,Medium (6-10%),1350.0,135.0,1215.0
ORD-2958,2026-08-18,2026,Q3,8,August,2026-08,Tuesday,0,Central,Retail Store,Returning,Accessories,Wireless Mouse,Budget,Hafiz Rahman,2,40.5,0.0,No discount,81.0,0.0,81.0
ORD-2959,2026-12-16,2026,Q4,12,December,2026-12,Wednesday,0,Central,Online,Returning,Monitors,24-inch Monitor,Mid-range,Chloe Lim,3,553.32,0.08,Medium (6-10%),1659.96,132.8,1527.16
ORD-2960,2026-04-10,2026,Q2,4,April,2026-04,Friday,0,Central,Corporate Sales,Returning,Computers,Desktop Mini,Premium,Kevin Yap,3,1539.0,0.05,Low (1-5%),4617.0,230.85,4386.15
ORD-2961,2026-09-28,2026,Q3,9,September,2026-09,Monday,0,Central,Retail Store,Returning,Office Supplies,Notebook Set,Budget,Hafiz Rahman,2,21.83,0.2,High (>10%),43.66,8.74,34.92
ORD-2962,2026-03-17,2026,Q1,3,March,2026-03,Tuesday,0,North,Online,Returning,Accessories,Webcam,Budget,Mei Tan,4,76.32,0.0,No discount,305.28,0.0,305.28
ORD-2963,2026-10-20,2026,Q4,10,October,2026-10,Tuesday,0,West,Corporate Sales,Returning,Networking,Wi-Fi Router,Mid-range,Sofia Tan,3,262.08,0.1,Medium (6-10%),786.24,78.62,707.62
ORD-2964,2026-10-16,2026,Q4,10,October,2026-10,Friday,0,Central,Online,Returning,Storage,Memory Card 256GB,Budget,Kevin Yap,3,81.0,0.1,Medium (6-10%),243.0,24.3,218.7
ORD-2965,2026-11-03,2026,Q4,11,November,2026-11,Tuesday,0,Central,Online,Returning,Monitors,24-inch Monitor,Mid-range,Chloe Lim,2,495.9,0.03,Low (1-5%),991.8,29.75,962.05
ORD-2966,2026-09-23,2026,Q3,9,September,2026-09,Wednesday,0,East,Corporate Sales,Returning,Networking,Wi-Fi Router,Mid-range,Amir Hassan,5,239.4,0.05,Low (1-5%),1197.0,59.85,1137.15
ORD-2967,2026-03-25,2026,Q1,3,March,2026-03,Wednesday,0,North,Marketplace,Returning,Accessories,Wireless Mouse,Budget,Aisha Lim,4,42.12,0.1,Medium (6-10%),168.48,16.85,151.63
ORD-2968,2026-08-25,2026,Q3,8,August,2026-08,Tuesday,0,South,Online,Returning,Computers,Gaming Laptop,Premium,Jason Lee,2,3591.0,0.05,Low (1-5%),7182.0,359.1,6822.9
ORD-2969,2026-05-14,2026,Q2,5,May,2026-05,Thursday,0,East,Online,Returning,Networking,Ethernet Cable,Budget,Nora Chen,2,18.0,0.0,No discount,36.0,0.0,36.0
ORD-2970,2026-11-29,2026,Q4,11,November,2026-11,Sunday,1,South,Online,New,Monitors,24-inch Monitor,Mid-range,Jason Lee,2,522.0,0.0,No discount,1044.0,0.0,1044.0
ORD-2971,2026-09-07,2026,Q3,9,September,2026-09,Monday,0,Central,Online,Returning,Storage,External SSD 1TB,Mid-range,Hafiz Rahman,4,405.0,0.03,Low (1-5%),1620.0,48.6,1571.4
ORD-2972,2026-08-07,2026,Q3,8,August,2026-08,Friday,0,North,Online,New,Computers,Laptop Pro 14,Premium,Mei Tan,2,2736.0,0.0,No discount,5472.0,0.0,5472.0
ORD-2973,2026-03-02,2026,Q1,3,March,2026-03,Monday,0,South,Corporate Sales,Returning,Storage,Memory Card 256GB,Budget,Raj Kumar,7,81.0,0.1,Medium (6-10%),567.0,56.7,510.3
ORD-2974,2026-09-30,2026,Q3,9,September,2026-09,Wednesday,0,East,Online,New,Accessories,Wireless Mouse,Budget,Amir Hassan,2,41.31,0.0,No discount,82.62,0.0,82.62
ORD-2975,2026-12-14,2026,Q4,12,December,2026-12,Monday,0,South,Marketplace,Returning,Office Supplies,Sticky Notes,Budget,Farah Ali,6,7.49,0.03,Low (1-5%),44.94,1.36,43.58
ORD-2976,2026-11-04,2026,Q4,11,November,2026-11,Wednesday,0,South,Corporate Sales,Returning,Computers,Laptop Pro 14,Premium,Raj Kumar,4,3052.8,0.05,Low (1-5%),12211.2,610.56,11600.64
ORD-2977,2026-02-19,2026,Q1,2,February,2026-02,Thursday,0,South,Retail Store,Returning,Computers,Desktop Mini,Premium,Raj Kumar,2,1620.0,0.15,High (>10%),3240.0,486.0,2754.0
ORD-2978,2026-10-26,2026,Q4,10,October,2026-10,Monday,0,East,Online,Returning,Accessories,Laptop Stand,Budget,Amir Hassan,3,34.2,0.1,Medium (6-10%),102.6,10.26,92.34
ORD-2979,2026-10-14,2026,Q4,10,October,2026-10,Wednesday,0,West,Retail Store,New,Accessories,Wireless Mouse,Budget,Priya Shah,3,38.48,0.0,No discount,115.44,0.01,115.43
ORD-2980,2026-12-06,2026,Q4,12,December,2026-12,Sunday,1,South,Online,Returning,Monitors,27-inch Monitor,Mid-range,Raj Kumar,3,810.9,0.0,No discount,2432.7,0.0,2432.7
ORD-2981,2026-10-07,2026,Q4,10,October,2026-10,Wednesday,0,Central,Retail Store,Returning,Office Supplies,Desk Organizer,Budget,Hafiz Rahman,6,30.56,0.05,Low (1-5%),183.36,9.2,174.16
ORD-2982,2026-09-22,2026,Q3,9,September,2026-09,Tuesday,0,North,Online,Returning,Computers,Gaming Laptop,Premium,Mei Tan,5,3931.2,0.15,High (>10%),19656.0,2948.4,16707.6
ORD-2983,2026-07-27,2026,Q3,7,July,2026-07,Monday,0,South,Online,Returning,Accessories,Wireless Mouse,Budget,Raj Kumar,4,42.93,0.05,Low (1-5%),171.72,8.59,163.13
ORD-2984,2026-03-31,2026,Q1,3,March,2026-03,Tuesday,0,North,Marketplace,New,Accessories,Mouse Pad,Budget,Aisha Lim,3,14.04,0.1,Medium (6-10%),42.12,4.21,37.91
ORD-2985,2026-07-08,2026,Q3,7,July,2026-07,Wednesday,0,Central,Retail Store,Returning,Monitors,24-inch Monitor,Mid-range,Hafiz Rahman,4,542.88,0.08,Medium (6-10%),2171.52,173.72,1997.8
ORD-2986,2026-07-30,2026,Q3,7,July,2026-07,Thursday,0,East,Retail Store,Returning,Accessories,Mouse Pad,Budget,Amir Hassan,5,13.77,0.1,Medium (6-10%),68.85,6.88,61.97
ORD-2987,2026-01-26,2026,Q1,1,January,2026-01,Monday,0,North,Retail Store,Returning,Office Supplies,Printer Paper,Budget,Aisha Lim,4,16.2,0.1,Medium (6-10%),64.8,6.48,58.32
ORD-2988,2026-08-15,2026,Q3,8,August,2026-08,Saturday,1,East,Online,New,Accessories,Mouse Pad,Budget,Amir Hassan,3,13.77,0.0,No discount,41.31,0.0,41.31
ORD-2989,2026-07-29,2026,Q3,7,July,2026-07,Wednesday,0,East,Corporate Sales,New,Computers,Laptop Pro 14,Premium,Amir Hassan,2,2736.0,0.1,Medium (6-10%),5472.0,547.2,4924.8
ORD-2990,2026-06-03,2026,Q2,6,June,2026-06,Wednesday,0,East,Marketplace,Returning,Accessories,Mouse Pad,Budget,Nora Chen,2,13.5,0.1,Medium (6-10%),27.0,2.7,24.3
ORD-2991,2026-05-12,2026,Q2,5,May,2026-05,Tuesday,0,East,Online,New,Monitors,Ultrawide Monitor,Premium,Amir Hassan,2,1431.0,0.03,Low (1-5%),2862.0,85.86,2776.14
ORD-2992,2026-06-02,2026,Q2,6,June,2026-06,Tuesday,0,North,Online,Returning,Monitors,24-inch Monitor,Mid-range,Daniel Wong,2,522.0,0.05,Low (1-5%),1044.0,52.2,991.8
ORD-2993,2026-02-07,2026,Q1,2,February,2026-02,Saturday,1,South,Marketplace,Returning,Networking,Wi-Fi Router,Mid-range,Raj Kumar,4,252.0,0.15,High (>10%),1008.0,151.2,856.8
ORD-2994,2026-06-01,2026,Q2,6,June,2026-06,Monday,0,West,Marketplace,Returning,Office Supplies,Notebook Set,Budget,Sofia Tan,9,21.83,0.15,High (>10%),196.47,29.51,166.96
ORD-2995,2026-09-09,2026,Q3,9,September,2026-09,Wednesday,0,East,Online,Returning,Accessories,Wireless Mouse,Budget,Nora Chen,3,42.93,0.15,High (>10%),128.79,19.32,109.47
ORD-2996,2026-12-26,2026,Q4,12,December,2026-12,Saturday,1,Central,Retail Store,New,Office Supplies,Notebook Set,Budget,Hafiz Rahman,5,22.95,0.2,High (>10%),114.75,22.95,91.8
ORD-2997,2026-07-08,2026,Q3,7,July,2026-07,Wednesday,0,North,Marketplace,New,Office Supplies,Printer Paper,Budget,Aisha Lim,6,16.2,0.15,High (>10%),97.2,14.58,82.62
ORD-2998,2026-09-03,2026,Q3,9,September,2026-09,Thursday,0,Central,Retail Store,New,Monitors,27-inch Monitor,Mid-range,Hafiz Rahman,3,726.75,0.08,Medium (6-10%),2180.25,174.42,2005.83
ORD-2999,2026-06-04,2026,Q2,6,June,2026-06,Thursday,0,Central,Retail Store,Returning,Networking,Ethernet Cable,Budget,Kevin Yap,5,17.46,0.03,Low (1-5%),87.3,2.62,84.68
ORD-3000,2026-03-15,2026,Q1,3,March,2026-03,Sunday,1,West,Marketplace,Returning,Monitors,24-inch Monitor,Mid-range,Ben Ho,4,522.0,0.0,No discount,2088.0,0.0,2088.0
