sales_key,order_id,date_key,product_key,salesperson_key,region_key,channel_key,customer_type,quantity,unit_price,discount_pct,discount_band,discount_band_order,gross_revenue,discount_amount,net_revenue
1,ORD-1001,20260109,3,15,5,3,New,4,13.1,0.0,No discount,1,52.4,0.02,52.38
2,ORD-1002,20260317,27,12,2,4,Returning,3,81.0,0.03,Low (1-5%),2,243.0,7.29,235.71
3,ORD-1003,20260610,16,3,5,3,New,2,17.46,0.0,No discount,1,34.92,0.0,34.92
4,ORD-1004,20260826,19,1,3,4,New,6,252.0,0.05,Low (1-5%),2,1512.0,75.6,1436.4
5,ORD-1005,20260823,17,1,3,1,Returning,7,654.75,0.05,Low (1-5%),2,4583.25,229.16,4354.09
6,ORD-1006,20261203,25,5,3,3,Returning,2,288.0,0.05,Low (1-5%),2,576.0,28.8,547.2
7,ORD-1007,20260809,6,13,5,2,Returning,3,41.31,0.0,No discount,1,123.93,0.0,123.93
8,ORD-1008,20261111,25,5,3,4,Returning,2,288.0,0.15,High (>10%),4,576.0,86.4,489.6
9,ORD-1009,20260419,17,12,2,4,Returning,2,715.5,0.0,No discount,1,1431.0,0.0,1431.0
10,ORD-1010,20260603,9,4,1,4,New,5,3780.0,0.1,Medium (6-10%),3,18900.0,1890.0,17010.0
11,ORD-1011,20260409,26,13,5,4,New,3,405.0,0.05,Low (1-5%),2,1215.0,60.75,1154.25
12,ORD-1012,20260911,8,10,1,1,Returning,2,1620.0,0.15,High (>10%),4,3240.0,486.0,2754.0
13,ORD-1013,20261230,2,7,2,3,New,2,34.2,0.05,Low (1-5%),2,68.4,3.42,64.98
14,ORD-1014,20260312,13,15,5,2,Returning,3,765.0,0.2,High (>10%),4,2295.0,459.0,1836.0
15,ORD-1015,20260428,25,2,2,2,Returning,3,288.0,0.1,Medium (6-10%),3,864.0,86.4,777.6
16,ORD-1016,20260617,5,7,2,3,New,4,72.0,0.0,No discount,1,288.0,0.0,288.0
17,ORD-1017,20260809,15,5,3,3,New,2,1431.0,0.0,No discount,1,2862.0,0.0,2862.0
18,ORD-1018,20260808,4,10,1,2,New,3,50.49,0.08,Medium (6-10%),3,151.47,12.12,139.35
19,ORD-1019,20260121,11,4,1,3,Returning,2,2880.0,0.05,Low (1-5%),2,5760.0,288.0,5472.0
20,ORD-1020,20260906,24,12,2,2,New,2,6.98,0.2,High (>10%),4,13.96,2.79,11.17
21,ORD-1021,20261230,14,3,5,3,Returning,2,598.5,0.0,No discount,1,1197.0,0.0,1197.0
22,ORD-1022,20260426,27,4,1,3,Returning,2,81.0,0.03,Low (1-5%),2,162.0,4.86,157.14
23,ORD-1023,20260818,13,11,3,3,New,5,726.75,0.0,No discount,1,3633.75,0.0,3633.75
24,ORD-1024,20260301,22,13,5,3,New,4,10.26,0.03,Low (1-5%),2,41.04,1.23,39.81
25,ORD-1025,20261108,4,8,1,3,Returning,5,49.5,0.03,Low (1-5%),2,247.5,7.42,240.08
26,ORD-1026,20261230,19,1,3,4,Returning,4,252.0,0.03,Low (1-5%),2,1008.0,30.24,977.76
27,ORD-1027,20261129,15,9,4,3,Returning,3,1282.5,0.08,Medium (6-10%),3,3847.5,307.8,3539.7
28,ORD-1028,20260502,2,9,4,2,Returning,5,34.2,0.03,Low (1-5%),2,171.0,5.13,165.87
29,ORD-1029,20261117,4,12,2,2,Returning,2,49.5,0.05,Low (1-5%),2,99.0,4.95,94.05
30,ORD-1030,20260909,12,11,3,4,Returning,5,506.34,0.08,Medium (6-10%),3,2531.7,202.54,2329.16
31,ORD-1031,20260727,2,14,4,4,Returning,7,32.49,0.03,Low (1-5%),2,227.43,6.82,220.61
32,ORD-1032,20261209,25,4,1,2,Returning,6,288.0,0.2,High (>10%),4,1728.0,345.6,1382.4
33,ORD-1033,20260111,10,1,3,2,Returning,2,2250.0,0.1,Medium (6-10%),3,4500.0,450.0,4050.0
34,ORD-1034,20261128,10,2,2,3,Returning,2,2250.0,0.05,Low (1-5%),2,4500.0,225.0,4275.0
35,ORD-1035,20260304,7,8,1,3,Returning,4,2754.0,0.0,No discount,1,11016.0,0.0,11016.0
36,ORD-1036,20260331,8,8,1,3,Returning,2,1684.8,0.05,Low (1-5%),2,3369.6,168.48,3201.12
37,ORD-1037,20260711,17,6,4,1,New,7,688.5,0.2,High (>10%),4,4819.5,963.9,3855.6
38,ORD-1038,20260822,9,4,1,1,New,2,3855.6,0.05,Low (1-5%),2,7711.2,385.56,7325.64
39,ORD-1039,20260322,15,8,1,1,Returning,3,1404.0,0.0,No discount,1,4212.0,0.0,4212.0
40,ORD-1040,20260326,13,7,2,1,Returning,4,810.9,0.2,High (>10%),4,3243.6,648.72,2594.88
41,ORD-1041,20260303,10,14,4,1,Returning,2,2250.0,0.03,Low (1-5%),2,4500.0,135.0,4365.0
42,ORD-1042,20260116,17,7,2,1,Returning,8,702.0,0.05,Low (1-5%),2,5616.0,280.8,5335.2
43,ORD-1043,20260929,13,15,5,1,New,2,810.9,0.05,Low (1-5%),2,1621.8,81.09,1540.71
44,ORD-1044,20260626,9,12,2,4,Returning,3,3931.2,0.08,Medium (6-10%),3,11793.6,943.49,10850.11
45,ORD-1045,20261016,7,12,2,1,Returning,2,2862.0,0.05,Low (1-5%),2,5724.0,286.2,5437.8
46,ORD-1046,20260809,1,14,4,3,Returning,5,60.84,0.08,Medium (6-10%),3,304.2,24.34,279.86
47,ORD-1047,20261106,12,2,2,4,New,2,542.88,0.2,High (>10%),4,1085.76,217.15,868.61
48,ORD-1048,20261028,25,4,1,2,Returning,2,305.28,0.05,Low (1-5%),2,610.56,30.53,580.03
49,ORD-1049,20260622,13,13,5,4,New,5,726.75,0.1,Medium (6-10%),3,3633.75,363.37,3270.38
50,ORD-1050,20260121,2,2,2,2,New,3,34.2,0.05,Low (1-5%),2,102.6,5.13,97.47
51,ORD-1051,20260427,26,7,2,2,Returning,2,413.1,0.0,No discount,1,826.2,0.0,826.2
52,ORD-1052,20260101,1,4,1,3,New,4,62.01,0.05,Low (1-5%),2,248.04,12.4,235.64
53,ORD-1053,20260906,26,15,5,3,Returning,8,405.0,0.03,Low (1-5%),2,3240.0,97.2,3142.8
54,ORD-1054,20261219,26,13,5,2,Returning,2,405.0,0.15,High (>10%),4,810.0,121.5,688.5
55,ORD-1055,20260408,15,8,1,4,New,3,1309.5,0.03,Low (1-5%),2,3928.5,117.85,3810.65
56,ORD-1056,20260411,13,7,2,3,Returning,2,795.6,0.08,Medium (6-10%),3,1591.2,127.3,1463.9
57,ORD-1057,20260426,24,4,1,1,Returning,6,7.2,0.05,Low (1-5%),2,43.2,2.16,41.04
58,ORD-1058,20260415,11,14,4,4,Returning,3,3052.8,0.03,Low (1-5%),2,9158.4,274.75,8883.65
59,ORD-1059,20260905,6,6,4,2,Returning,2,40.5,0.1,Medium (6-10%),3,81.0,8.1,72.9
60,ORD-1060,20260807,21,3,5,1,Returning,5,22.5,0.1,Medium (6-10%),3,112.5,11.25,101.25
61,ORD-1061,20261209,20,2,2,4,Returning,5,32.13,0.03,Low (1-5%),2,160.65,4.82,155.83
62,ORD-1062,20260324,25,5,3,3,Returning,2,288.0,0.05,Low (1-5%),2,576.0,28.8,547.2
63,ORD-1063,20260825,1,7,2,3,New,2,59.67,0.0,No discount,1,119.34,0.0,119.34
64,ORD-1064,20260202,4,8,1,4,Returning,6,48.02,0.08,Medium (6-10%),3,288.12,23.08,265.04
65,ORD-1065,20261106,12,5,3,3,Returning,2,542.88,0.1,Medium (6-10%),3,1085.76,108.58,977.18
66,ORD-1066,20260501,5,4,1,2,New,4,74.88,0.1,Medium (6-10%),3,299.52,29.95,269.57
67,ORD-1067,20261013,16,12,2,4,Returning,4,17.1,0.1,Medium (6-10%),3,68.4,6.84,61.56
68,ORD-1068,20260908,6,3,5,3,New,3,42.12,0.05,Low (1-5%),2,126.36,6.32,120.04
69,ORD-1069,20261001,28,13,5,1,Returning,7,54.0,0.08,Medium (6-10%),3,378.0,30.24,347.76
70,ORD-1070,20260903,7,8,1,3,New,2,2700.0,0.05,Low (1-5%),2,5400.0,270.0,5130.0
71,ORD-1071,20260909,4,12,2,4,New,4,50.49,0.0,No discount,1,201.96,0.0,201.96
72,ORD-1072,20261227,20,10,1,4,New,5,29.93,0.03,Low (1-5%),2,149.65,4.51,145.14
73,ORD-1073,20260930,21,9,4,2,Returning,3,23.85,0.05,Low (1-5%),2,71.55,3.58,67.97
74,ORD-1074,20260602,19,14,4,1,New,4,267.12,0.05,Low (1-5%),2,1068.48,53.42,1015.06
75,ORD-1075,20261213,23,10,1,2,New,2,16.85,0.08,Medium (6-10%),3,33.7,2.7,31.0
76,ORD-1076,20261021,2,12,2,3,New,7,36.25,0.05,Low (1-5%),2,253.75,12.67,241.08
77,ORD-1077,20261220,4,4,1,1,New,5,48.02,0.15,High (>10%),4,240.1,36.04,204.06
78,ORD-1078,20260406,3,3,5,3,Returning,3,13.5,0.08,Medium (6-10%),3,40.5,3.24,37.26
79,ORD-1079,20260418,25,1,3,3,Returning,3,279.36,0.1,Medium (6-10%),3,838.08,83.81,754.27
80,ORD-1080,20260526,5,2,2,2,New,6,76.32,0.05,Low (1-5%),2,457.92,22.9,435.02
81,ORD-1081,20260518,22,15,5,3,Returning,2,11.23,0.1,Medium (6-10%),3,22.46,2.24,20.22
82,ORD-1082,20260516,25,13,5,2,Returning,8,305.28,0.03,Low (1-5%),2,2442.24,73.27,2368.97
83,ORD-1083,20260405,13,4,1,4,Returning,4,795.6,0.2,High (>10%),4,3182.4,636.48,2545.92
84,ORD-1084,20260906,18,6,4,1,Returning,9,165.24,0.15,High (>10%),4,1487.16,223.07,1264.09
85,ORD-1085,20260211,1,7,2,3,Returning,3,56.75,0.03,Low (1-5%),2,170.25,5.12,165.13
86,ORD-1086,20260409,6,12,2,1,Returning,6,40.5,0.05,Low (1-5%),2,243.0,12.15,230.85
87,ORD-1087,20260719,27,15,5,3,New,4,81.0,0.05,Low (1-5%),2,324.0,16.2,307.8
88,ORD-1088,20260906,15,7,2,1,Returning,2,1350.0,0.2,High (>10%),4,2700.0,540.0,2160.0
89,ORD-1089,20260414,18,13,5,4,New,2,157.14,0.05,Low (1-5%),2,314.28,15.71,298.57
90,ORD-1090,20260423,5,6,4,2,Returning,7,68.4,0.1,Medium (6-10%),3,478.8,47.88,430.92
91,ORD-1091,20260810,25,2,2,3,Returning,7,279.36,0.08,Medium (6-10%),3,1955.52,156.44,1799.08
92,ORD-1092,20260210,9,2,2,1,New,2,3780.0,0.1,Medium (6-10%),3,7560.0,756.0,6804.0
93,ORD-1093,20260730,16,14,4,3,Returning,6,18.36,0.05,Low (1-5%),2,110.16,5.51,104.65
94,ORD-1094,20260331,15,5,3,1,Returning,4,1309.5,0.0,No discount,1,5238.0,0.0,5238.0
95,ORD-1095,20261202,20,13,5,1,Returning,9,30.56,0.08,Medium (6-10%),3,275.04,22.04,253.0
96,ORD-1096,20261118,27,14,4,4,Returning,4,81.0,0.03,Low (1-5%),2,324.0,9.72,314.28
97,ORD-1097,20261012,14,10,1,3,New,2,667.8,0.2,High (>10%),4,1335.6,267.12,1068.48
98,ORD-1098,20261214,27,7,2,1,Returning,14,84.24,0.05,Low (1-5%),2,1179.36,58.97,1120.39
99,ORD-1099,20260515,16,12,2,3,Returning,2,18.36,0.03,Low (1-5%),2,36.72,1.1,35.62
100,ORD-1100,20261227,12,12,2,1,Returning,4,495.9,0.05,Low (1-5%),2,1983.6,99.18,1884.42
101,ORD-1101,20260710,10,5,3,1,New,3,2295.0,0.1,Medium (6-10%),3,6885.0,688.5,6196.5
102,ORD-1102,20260128,21,4,1,2,Returning,2,21.38,0.05,Low (1-5%),2,42.76,2.15,40.61
103,ORD-1103,20260108,12,5,3,3,Returning,2,553.32,0.05,Low (1-5%),2,1106.64,55.33,1051.31
104,ORD-1104,20260217,24,11,3,4,Returning,3,7.2,0.2,High (>10%),4,21.6,4.32,17.28
105,ORD-1105,20261228,19,14,4,1,Returning,6,244.44,0.03,Low (1-5%),2,1466.64,44.0,1422.64
106,ORD-1106,20260421,15,7,2,1,Returning,3,1431.0,0.05,Low (1-5%),2,4293.0,214.65,4078.35
107,ORD-1107,20260221,9,3,5,1,Returning,2,3780.0,0.15,High (>10%),4,7560.0,1134.0,6426.0
108,ORD-1108,20260406,18,6,4,3,New,2,157.14,0.03,Low (1-5%),2,314.28,9.43,304.85
109,ORD-1109,20260224,16,6,4,3,New,3,17.46,0.1,Medium (6-10%),3,52.38,5.24,47.14
110,ORD-1110,20261124,5,11,3,3,New,2,72.0,0.08,Medium (6-10%),3,144.0,11.52,132.48
111,ORD-1111,20260518,24,9,4,1,Returning,9,6.84,0.1,Medium (6-10%),3,61.56,6.16,55.4
112,ORD-1112,20260604,10,14,4,1,Returning,2,2250.0,0.05,Low (1-5%),2,4500.0,225.0,4275.0
113,ORD-1113,20260110,13,5,3,4,Returning,2,780.3,0.03,Low (1-5%),2,1560.6,46.82,1513.78
114,ORD-1114,20260829,28,1,3,3,Returning,4,57.24,0.05,Low (1-5%),2,228.96,11.45,217.51
115,ORD-1115,20260706,3,15,5,3,Returning,4,14.31,0.05,Low (1-5%),2,57.24,2.86,54.38
116,ORD-1116,20260620,28,5,3,3,Returning,3,54.0,0.0,No discount,1,162.0,0.0,162.0
117,ORD-1117,20260506,20,6,4,1,Returning,7,30.56,0.15,High (>10%),4,213.92,32.12,181.8
118,ORD-1118,20260130,9,1,3,3,Returning,2,3780.0,0.0,No discount,1,7560.0,0.0,7560.0
119,ORD-1119,20260331,6,12,2,2,Returning,3,40.5,0.05,Low (1-5%),2,121.5,6.07,115.43
120,ORD-1120,20261006,3,3,5,3,Returning,4,13.1,0.05,Low (1-5%),2,52.4,2.64,49.76
121,ORD-1121,20260531,1,10,1,2,New,4,58.5,0.1,Medium (6-10%),3,234.0,23.4,210.6
122,ORD-1122,20260225,15,3,5,4,Returning,2,1377.0,0.0,No discount,1,2754.0,0.0,2754.0
123,ORD-1123,20260926,9,14,4,3,Returning,2,3591.0,0.1,Medium (6-10%),3,7182.0,718.2,6463.8
124,ORD-1124,20260928,12,11,3,4,Returning,5,553.32,0.08,Medium (6-10%),3,2766.6,221.33,2545.27
125,ORD-1125,20260516,20,12,2,2,Returning,4,30.56,0.03,Low (1-5%),2,122.24,3.69,118.55
126,ORD-1126,20260915,23,12,2,4,Returning,5,16.85,0.08,Medium (6-10%),3,84.25,6.75,77.5
127,ORD-1127,20261021,8,14,4,3,Returning,2,1620.0,0.08,Medium (6-10%),3,3240.0,259.2,2980.8
128,ORD-1128,20261012,12,8,1,1,Returning,3,522.0,0.1,Medium (6-10%),3,1566.0,156.6,1409.4
129,ORD-1129,20261122,21,3,5,2,Returning,4,23.4,0.0,No discount,1,93.6,0.0,93.6
130,ORD-1130,20260703,17,9,4,1,New,6,654.75,0.1,Medium (6-10%),3,3928.5,392.85,3535.65
131,ORD-1131,20261027,24,15,5,4,Returning,4,7.2,0.0,No discount,1,28.8,0.0,28.8
132,ORD-1132,20261125,2,13,5,2,Returning,8,34.2,0.1,Medium (6-10%),3,273.6,27.36,246.24
133,ORD-1133,20260810,13,2,2,3,Returning,3,780.3,0.08,Medium (6-10%),3,2340.9,187.27,2153.63
134,ORD-1134,20261006,1,3,5,4,Returning,6,58.5,0.0,No discount,1,351.0,0.0,351.0
135,ORD-1135,20261118,11,4,1,1,Returning,2,2880.0,0.2,High (>10%),4,5760.0,1152.0,4608.0
136,ORD-1136,20260311,11,4,1,3,Returning,2,2995.2,0.08,Medium (6-10%),3,5990.4,479.23,5511.17
137,ORD-1137,20260306,20,6,4,3,Returning,2,31.5,0.05,Low (1-5%),2,63.0,3.15,59.85
138,ORD-1138,20260509,21,13,5,4,Returning,2,22.5,0.0,No discount,1,45.0,0.0,45.0
139,ORD-1139,20260814,4,1,3,3,New,2,52.47,0.1,Medium (6-10%),3,104.94,10.49,94.45
140,ORD-1140,20260108,11,13,5,4,Returning,2,2937.6,0.05,Low (1-5%),2,5875.2,293.76,5581.44
141,ORD-1141,20260917,12,8,1,3,Returning,4,542.88,0.0,No discount,1,2171.52,0.0,2171.52
142,ORD-1142,20260912,3,3,5,3,New,5,13.1,0.1,Medium (6-10%),3,65.5,6.57,58.93
143,ORD-1143,20261202,23,12,2,2,New,4,17.17,0.15,High (>10%),4,68.68,10.3,58.38
144,ORD-1144,20260915,20,5,3,3,Returning,4,31.5,0.2,High (>10%),4,126.0,25.2,100.8
145,ORD-1145,20260206,28,3,5,3,New,2,54.0,0.08,Medium (6-10%),3,108.0,8.64,99.36
146,ORD-1146,20261029,28,4,1,3,New,6,54.0,0.08,Medium (6-10%),3,324.0,25.92,298.08
147,ORD-1147,20260627,8,11,3,3,New,2,1620.0,0.1,Medium (6-10%),3,3240.0,324.0,2916.0
148,ORD-1148,20261209,14,12,2,1,Returning,3,630.0,0.1,Medium (6-10%),3,1890.0,189.0,1701.0
149,ORD-1149,20260221,6,6,4,4,Returning,6,40.5,0.08,Medium (6-10%),3,243.0,19.44,223.56
150,ORD-1150,20260301,19,1,3,1,Returning,9,252.0,0.2,High (>10%),4,2268.0,453.6,1814.4
151,ORD-1151,20260306,25,7,2,4,Returning,2,279.36,0.05,Low (1-5%),2,558.72,27.94,530.78
152,ORD-1152,20260618,7,11,3,1,Returning,2,2700.0,0.2,High (>10%),4,5400.0,1080.0,4320.0
153,ORD-1153,20260228,16,1,3,3,Returning,5,18.36,0.05,Low (1-5%),2,91.8,4.59,87.21
154,ORD-1154,20261128,8,11,3,1,Returning,2,1620.0,0.05,Low (1-5%),2,3240.0,162.0,3078.0
155,ORD-1155,20260416,24,1,3,4,Returning,4,7.2,0.0,No discount,1,28.8,0.0,28.8
156,ORD-1156,20260623,21,3,5,4,Returning,8,22.5,0.1,Medium (6-10%),3,180.0,18.0,162.0
157,ORD-1157,20260617,25,14,4,2,Returning,3,288.0,0.2,High (>10%),4,864.0,172.8,691.2
158,ORD-1158,20261117,28,5,3,3,New,6,54.0,0.05,Low (1-5%),2,324.0,16.2,307.8
159,ORD-1159,20260912,13,5,3,3,Returning,2,765.0,0.1,Medium (6-10%),3,1530.0,153.0,1377.0
160,ORD-1160,20260530,3,2,2,2,New,4,13.5,0.1,Medium (6-10%),3,54.0,5.4,48.6
161,ORD-1161,20260108,18,2,2,4,New,6,162.0,0.08,Medium (6-10%),3,972.0,77.76,894.24
162,ORD-1162,20260623,5,5,3,4,Returning,3,72.0,0.1,Medium (6-10%),3,216.0,21.6,194.4
163,ORD-1163,20261212,15,4,1,3,Returning,2,1350.0,0.05,Low (1-5%),2,2700.0,135.0,2565.0
164,ORD-1164,20260203,10,14,4,4,Returning,4,2295.0,0.08,Medium (6-10%),3,9180.0,734.4,8445.6
165,ORD-1165,20261016,12,4,1,4,Returning,3,542.88,0.2,High (>10%),4,1628.64,325.73,1302.91
166,ORD-1166,20260208,27,1,3,4,Returning,4,81.0,0.1,Medium (6-10%),3,324.0,32.4,291.6
167,ORD-1167,20260902,13,13,5,1,Returning,3,780.3,0.0,No discount,1,2340.9,0.0,2340.9
168,ORD-1168,20260618,6,9,4,2,Returning,3,42.12,0.2,High (>10%),4,126.36,25.27,101.09
169,ORD-1169,20261225,6,5,3,4,Returning,5,40.5,0.15,High (>10%),4,202.5,30.37,172.13
170,ORD-1170,20260620,9,10,1,3,Returning,2,3780.0,0.08,Medium (6-10%),3,7560.0,604.8,6955.2
171,ORD-1171,20260723,11,7,2,4,New,2,2995.2,0.08,Medium (6-10%),3,5990.4,479.23,5511.17
172,ORD-1172,20261121,24,11,3,4,Returning,5,7.2,0.1,Medium (6-10%),3,36.0,3.6,32.4
173,ORD-1173,20260724,26,2,2,2,New,2,392.85,0.05,Low (1-5%),2,785.7,39.28,746.42
174,ORD-1174,20260323,12,5,3,4,Returning,3,522.0,0.05,Low (1-5%),2,1566.0,78.3,1487.7
175,ORD-1175,20260613,8,14,4,3,Returning,2,1620.0,0.05,Low (1-5%),2,3240.0,162.0,3078.0
176,ORD-1176,20261004,1,5,3,2,New,3,62.01,0.05,Low (1-5%),2,186.03,9.3,176.73
177,ORD-1177,20260404,8,7,2,4,Returning,2,1620.0,0.03,Low (1-5%),2,3240.0,97.2,3142.8
178,ORD-1178,20260215,20,13,5,1,New,4,31.5,0.08,Medium (6-10%),3,126.0,10.08,115.92
179,ORD-1179,20260204,4,15,5,4,Returning,5,50.49,0.0,No discount,1,252.45,0.0,252.45
180,ORD-1180,20260118,23,8,1,3,Returning,4,17.17,0.1,Medium (6-10%),3,68.68,6.86,61.82
181,ORD-1181,20260521,11,11,3,1,Returning,2,2880.0,0.15,High (>10%),4,5760.0,864.0,4896.0
182,ORD-1182,20261213,20,4,1,3,Returning,2,29.93,0.1,Medium (6-10%),3,59.86,5.99,53.87
183,ORD-1183,20261112,13,6,4,2,Returning,2,810.9,0.15,High (>10%),4,1621.8,243.27,1378.53
184,ORD-1184,20260315,8,3,5,1,New,2,1620.0,0.15,High (>10%),4,3240.0,486.0,2754.0
185,ORD-1185,20261117,18,6,4,4,New,7,165.24,0.0,No discount,1,1156.68,0.0,1156.68
186,ORD-1186,20260425,15,14,4,3,Returning,3,1377.0,0.0,No discount,1,4131.0,0.0,4131.0
187,ORD-1187,20260606,28,6,4,4,Returning,4,52.38,0.2,High (>10%),4,209.52,41.9,167.62
188,ORD-1188,20260808,16,10,1,4,Returning,5,18.72,0.15,High (>10%),4,93.6,14.04,79.56
189,ORD-1189,20261127,21,5,3,3,Returning,4,23.85,0.08,Medium (6-10%),3,95.4,7.63,87.77
190,ORD-1190,20260227,2,7,2,4,Returning,2,36.25,0.03,Low (1-5%),2,72.5,2.17,70.33
191,ORD-1191,20260729,14,2,2,2,Returning,3,598.5,0.1,Medium (6-10%),3,1795.5,179.55,1615.95
192,ORD-1192,20261013,4,14,4,3,New,5,50.49,0.05,Low (1-5%),2,252.45,12.62,239.83
193,ORD-1193,20260312,1,8,1,4,New,3,60.84,0.15,High (>10%),4,182.52,27.38,155.14
194,ORD-1194,20261130,22,6,4,3,Returning,2,11.02,0.2,High (>10%),4,22.04,4.41,17.63
195,ORD-1195,20260724,18,4,1,2,Returning,4,168.48,0.15,High (>10%),4,673.92,101.09,572.83
196,ORD-1196,20260506,3,14,4,2,Returning,4,14.04,0.2,High (>10%),4,56.16,11.23,44.93
197,ORD-1197,20260304,26,11,3,3,Returning,5,405.0,0.05,Low (1-5%),2,2025.0,101.25,1923.75
198,ORD-1198,20260725,3,8,1,3,Returning,4,13.77,0.1,Medium (6-10%),3,55.08,5.51,49.57
199,ORD-1199,20260429,11,1,3,1,New,2,2880.0,0.05,Low (1-5%),2,5760.0,288.0,5472.0
200,ORD-1200,20261201,9,10,1,1,Returning,2,3931.2,0.05,Low (1-5%),2,7862.4,393.12,7469.28
201,ORD-1201,20260628,12,11,3,2,New,5,542.88,0.08,Medium (6-10%),3,2714.4,217.15,2497.25
202,ORD-1202,20260906,19,5,3,1,Returning,3,252.0,0.08,Medium (6-10%),3,756.0,60.48,695.52
203,ORD-1203,20260828,25,1,3,2,Returning,2,305.28,0.15,High (>10%),4,610.56,91.58,518.98
204,ORD-1204,20260112,27,1,3,3,Returning,5,81.0,0.1,Medium (6-10%),3,405.0,40.5,364.5
205,ORD-1205,20261218,28,6,4,3,Returning,3,54.0,0.15,High (>10%),4,162.0,24.3,137.7
206,ORD-1206,20260224,9,12,2,2,Returning,2,3591.0,0.03,Low (1-5%),2,7182.0,215.46,6966.54
207,ORD-1207,20260118,2,8,1,4,Returning,3,34.2,0.1,Medium (6-10%),3,102.6,10.26,92.34
208,ORD-1208,20260731,18,15,5,3,Returning,2,171.72,0.1,Medium (6-10%),3,343.44,34.34,309.1
209,ORD-1209,20260318,26,7,2,2,Returning,6,384.75,0.0,No discount,1,2308.5,0.0,2308.5
210,ORD-1210,20260101,26,9,4,2,New,4,405.0,0.05,Low (1-5%),2,1620.0,81.0,1539.0
211,ORD-1211,20260930,5,2,2,4,Returning,2,74.88,0.05,Low (1-5%),2,149.76,7.49,142.27
212,ORD-1212,20261007,22,11,3,2,Returning,7,10.48,0.08,Medium (6-10%),3,73.36,5.89,67.47
213,ORD-1213,20260317,4,14,4,3,Returning,4,52.47,0.2,High (>10%),4,209.88,41.98,167.9
214,ORD-1214,20260427,21,4,1,1,Returning,7,23.4,0.08,Medium (6-10%),3,163.8,13.1,150.7
215,ORD-1215,20260923,24,11,3,4,Returning,7,6.98,0.15,High (>10%),4,48.86,7.31,41.55
216,ORD-1216,20260328,16,15,5,4,New,2,17.1,0.1,Medium (6-10%),3,34.2,3.42,30.78
217,ORD-1217,20261219,16,1,3,2,Returning,4,18.0,0.1,Medium (6-10%),3,72.0,7.2,64.8
218,ORD-1218,20260918,19,14,4,1,New,3,257.04,0.05,Low (1-5%),2,771.12,38.56,732.56
219,ORD-1219,20260525,8,2,2,4,Returning,2,1717.2,0.05,Low (1-5%),2,3434.4,171.72,3262.68
220,ORD-1220,20260622,10,7,2,4,Returning,2,2182.5,0.03,Low (1-5%),2,4365.0,130.95,4234.05
221,ORD-1221,20260510,2,15,5,3,New,3,36.25,0.0,No discount,1,108.75,-0.01,108.76
222,ORD-1222,20260214,2,2,2,4,Returning,4,33.17,0.1,Medium (6-10%),3,132.68,13.25,119.43
223,ORD-1223,20260114,17,6,4,3,Returning,5,675.0,0.0,No discount,1,3375.0,0.0,3375.0
224,ORD-1224,20260416,6,5,3,3,New,3,41.31,0.0,No discount,1,123.93,0.0,123.93
225,ORD-1225,20260720,16,1,3,3,New,6,18.72,0.03,Low (1-5%),2,112.32,3.37,108.95
226,ORD-1226,20260627,3,8,1,2,New,3,13.5,0.03,Low (1-5%),2,40.5,1.21,39.29
227,ORD-1227,20261012,20,3,5,4,Returning,3,32.76,0.15,High (>10%),4,98.28,14.74,83.54
228,ORD-1228,20260219,26,1,3,2,New,8,429.3,0.03,Low (1-5%),2,3434.4,103.03,3331.37
229,ORD-1229,20260311,15,8,1,1,Returning,2,1350.0,0.03,Low (1-5%),2,2700.0,81.0,2619.0
230,ORD-1230,20260310,14,7,2,4,Returning,4,598.5,0.05,Low (1-5%),2,2394.0,119.7,2274.3
231,ORD-1231,20260830,7,5,3,1,Returning,2,2565.0,0.1,Medium (6-10%),3,5130.0,513.0,4617.0
232,ORD-1232,20260625,10,9,4,1,New,2,2250.0,0.08,Medium (6-10%),3,4500.0,360.0,4140.0
233,ORD-1233,20260817,6,1,3,2,Returning,6,39.29,0.1,Medium (6-10%),3,235.74,23.6,212.14
234,ORD-1234,20260515,3,10,1,4,New,3,14.31,0.03,Low (1-5%),2,42.93,1.29,41.64
235,ORD-1235,20260228,17,6,4,3,Returning,4,675.0,0.05,Low (1-5%),2,2700.0,135.0,2565.0
236,ORD-1236,20260812,27,8,1,4,New,5,76.95,0.15,High (>10%),4,384.75,57.71,327.04
237,ORD-1237,20260813,26,1,3,3,New,6,392.85,0.05,Low (1-5%),2,2357.1,117.85,2239.25
238,ORD-1238,20260515,16,1,3,1,Returning,9,18.72,0.08,Medium (6-10%),3,168.48,13.48,155.0
239,ORD-1239,20260515,5,12,2,2,Returning,5,69.84,0.05,Low (1-5%),2,349.2,17.46,331.74
240,ORD-1240,20260604,14,9,4,3,Returning,2,655.2,0.08,Medium (6-10%),3,1310.4,104.83,1205.57
241,ORD-1241,20261230,2,4,1,4,Returning,4,36.25,0.15,High (>10%),4,145.0,21.74,123.26
242,ORD-1242,20260707,14,4,1,2,Returning,3,655.2,0.05,Low (1-5%),2,1965.6,98.28,1867.32
243,ORD-1243,20260102,2,8,1,3,New,5,34.2,0.05,Low (1-5%),2,171.0,8.55,162.45
244,ORD-1244,20260407,19,12,2,3,Returning,4,267.12,0.2,High (>10%),4,1068.48,213.7,854.78
245,ORD-1245,20261021,15,15,5,3,Returning,2,1309.5,0.2,High (>10%),4,2619.0,523.8,2095.2
246,ORD-1246,20260324,25,12,2,3,Returning,5,288.0,0.1,Medium (6-10%),3,1440.0,144.0,1296.0
247,ORD-1247,20260818,28,9,4,4,New,8,54.0,0.05,Low (1-5%),2,432.0,21.6,410.4
248,ORD-1248,20260511,17,4,1,1,Returning,6,675.0,0.1,Medium (6-10%),3,4050.0,405.0,3645.0
249,ORD-1249,20261022,27,14,4,3,Returning,2,85.86,0.1,Medium (6-10%),3,171.72,17.17,154.55
250,ORD-1250,20260624,16,14,4,2,Returning,6,17.1,0.15,High (>10%),4,102.6,15.39,87.21
251,ORD-1251,20261015,23,3,5,1,Returning,15,16.2,0.15,High (>10%),4,243.0,36.45,206.55
252,ORD-1252,20260427,20,6,4,4,New,2,29.93,0.05,Low (1-5%),2,59.86,3.0,56.86
253,ORD-1253,20260130,17,8,1,4,New,7,675.0,0.03,Low (1-5%),2,4725.0,141.75,4583.25
254,ORD-1254,20261202,4,6,4,3,Returning,5,49.5,0.1,Medium (6-10%),3,247.5,24.75,222.75
255,ORD-1255,20260923,14,11,3,3,New,2,598.5,0.03,Low (1-5%),2,1197.0,35.91,1161.09
256,ORD-1256,20261214,6,15,5,4,New,3,39.29,0.15,High (>10%),4,117.87,17.69,100.18
257,ORD-1257,20260627,5,3,5,3,Returning,4,68.4,0.03,Low (1-5%),2,273.6,8.21,265.39
258,ORD-1258,20261021,10,15,5,2,Returning,3,2182.5,0.03,Low (1-5%),2,6547.5,196.42,6351.08
259,ORD-1259,20260813,11,9,4,4,Returning,2,2880.0,0.08,Medium (6-10%),3,5760.0,460.8,5299.2
260,ORD-1260,20260423,5,11,3,2,Returning,5,72.0,0.05,Low (1-5%),2,360.0,18.0,342.0
261,ORD-1261,20261026,12,4,1,4,New,6,495.9,0.15,High (>10%),4,2975.4,446.31,2529.09
262,ORD-1262,20260627,26,12,2,3,Returning,4,384.75,0.0,No discount,1,1539.0,0.0,1539.0
263,ORD-1263,20260201,27,10,1,4,New,5,84.24,0.0,No discount,1,421.2,0.0,421.2
264,ORD-1264,20260507,1,9,4,3,Returning,3,59.67,0.08,Medium (6-10%),3,179.01,14.32,164.69
265,ORD-1265,20260309,10,9,4,4,Returning,4,2182.5,0.0,No discount,1,8730.0,0.0,8730.0
266,ORD-1266,20261008,1,13,5,1,New,5,55.58,0.2,High (>10%),4,277.9,55.6,222.3
267,ORD-1267,20260727,28,3,5,3,New,5,52.38,0.0,No discount,1,261.9,0.0,261.9
268,ORD-1268,20260304,15,6,4,2,Returning,2,1282.5,0.08,Medium (6-10%),3,2565.0,205.2,2359.8
269,ORD-1269,20260325,7,11,3,4,Returning,2,2565.0,0.15,High (>10%),4,5130.0,769.5,4360.5
270,ORD-1270,20261201,24,9,4,3,Returning,2,7.49,0.03,Low (1-5%),2,14.98,0.45,14.53
271,ORD-1271,20260527,17,1,3,3,Returning,6,675.0,0.2,High (>10%),4,4050.0,810.0,3240.0
272,ORD-1272,20260115,9,8,1,1,New,2,3591.0,0.05,Low (1-5%),2,7182.0,359.1,6822.9
273,ORD-1273,20260810,22,12,2,4,Returning,2,10.8,0.15,High (>10%),4,21.6,3.24,18.36
274,ORD-1274,20261204,9,15,5,1,New,2,3780.0,0.08,Medium (6-10%),3,7560.0,604.8,6955.2
275,ORD-1275,20260206,1,10,1,3,New,5,60.84,0.08,Medium (6-10%),3,304.2,24.34,279.86
276,ORD-1276,20260402,12,2,2,4,Returning,3,542.88,0.0,No discount,1,1628.64,0.0,1628.64
277,ORD-1277,20261104,9,4,1,4,Returning,2,3780.0,0.15,High (>10%),4,7560.0,1134.0,6426.0
278,ORD-1278,20261019,11,1,3,3,Returning,4,2937.6,0.03,Low (1-5%),2,11750.4,352.51,11397.89
279,ORD-1279,20260628,24,11,3,3,Returning,2,6.84,0.15,High (>10%),4,13.68,2.05,11.63
280,ORD-1280,20260802,10,10,1,4,New,4,2137.5,0.1,Medium (6-10%),3,8550.0,855.0,7695.0
281,ORD-1281,20260810,6,1,3,3,Returning,2,40.5,0.1,Medium (6-10%),3,81.0,8.1,72.9
282,ORD-1282,20260921,6,11,3,4,Returning,7,40.5,0.05,Low (1-5%),2,283.5,14.17,269.33
283,ORD-1283,20260228,13,4,1,3,New,4,795.6,0.03,Low (1-5%),2,3182.4,95.47,3086.93
284,ORD-1284,20260614,1,5,3,3,New,4,55.58,0.1,Medium (6-10%),3,222.32,22.25,200.07
285,ORD-1285,20260414,9,4,1,4,New,2,3780.0,0.08,Medium (6-10%),3,7560.0,604.8,6955.2
286,ORD-1286,20260926,27,2,2,3,Returning,3,85.86,0.05,Low (1-5%),2,257.58,12.88,244.7
287,ORD-1287,20260606,20,1,3,4,New,6,29.93,0.08,Medium (6-10%),3,179.58,14.39,165.19
288,ORD-1288,20260810,3,10,1,3,Returning,5,12.83,0.15,High (>10%),4,64.15,9.64,54.51
289,ORD-1289,20261126,1,9,4,2,Returning,6,59.67,0.1,Medium (6-10%),3,358.02,35.8,322.22
290,ORD-1290,20260123,18,14,4,4,New,2,162.0,0.0,No discount,1,324.0,0.0,324.0
291,ORD-1291,20260804,25,1,3,4,New,5,293.76,0.15,High (>10%),4,1468.8,220.32,1248.48
292,ORD-1292,20260501,20,2,2,2,Returning,3,30.56,0.2,High (>10%),4,91.68,18.35,73.33
293,ORD-1293,20261108,18,9,4,3,New,2,165.24,0.15,High (>10%),4,330.48,49.57,280.91
294,ORD-1294,20261120,2,10,1,3,Returning,2,34.2,0.1,Medium (6-10%),3,68.4,6.84,61.56
295,ORD-1295,20261213,8,8,1,1,Returning,2,1620.0,0.03,Low (1-5%),2,3240.0,97.2,3142.8
296,ORD-1296,20260324,26,11,3,3,New,3,413.1,0.0,No discount,1,1239.3,0.0,1239.3
297,ORD-1297,20261209,9,6,4,3,New,3,3780.0,0.05,Low (1-5%),2,11340.0,567.0,10773.0
298,ORD-1298,20260513,25,11,3,4,Returning,3,288.0,0.1,Medium (6-10%),3,864.0,86.4,777.6
299,ORD-1299,20261104,22,14,4,3,New,4,10.48,0.1,Medium (6-10%),3,41.92,4.21,37.71
300,ORD-1300,20260520,27,4,1,1,Returning,3,81.0,0.05,Low (1-5%),2,243.0,12.15,230.85
301,ORD-1301,20260618,10,3,5,1,New,2,2182.5,0.1,Medium (6-10%),3,4365.0,436.5,3928.5
302,ORD-1302,20261203,27,5,3,3,Returning,2,81.0,0.03,Low (1-5%),2,162.0,4.86,157.14
303,ORD-1303,20260304,15,2,2,3,Returning,3,1309.5,0.05,Low (1-5%),2,3928.5,196.42,3732.08
304,ORD-1304,20261211,2,11,3,3,Returning,2,32.49,0.1,Medium (6-10%),3,64.98,6.5,58.48
305,ORD-1305,20261202,11,10,1,4,Returning,3,2995.2,0.05,Low (1-5%),2,8985.6,449.28,8536.32
306,ORD-1306,20260930,3,7,2,2,Returning,4,12.83,0.15,High (>10%),4,51.32,7.71,43.61
307,ORD-1307,20260920,17,1,3,2,Returning,6,675.0,0.03,Low (1-5%),2,4050.0,121.5,3928.5
308,ORD-1308,20260222,20,12,2,2,Returning,7,32.13,0.15,High (>10%),4,224.91,33.74,191.17
309,ORD-1309,20260218,12,9,4,3,New,2,542.88,0.0,No discount,1,1085.76,0.0,1085.76
310,ORD-1310,20260825,28,10,1,3,New,6,55.08,0.0,No discount,1,330.48,0.0,330.48
311,ORD-1311,20260720,27,7,2,3,Returning,3,76.95,0.15,High (>10%),4,230.85,34.63,196.22
312,ORD-1312,20260424,8,7,2,3,Returning,2,1620.0,0.05,Low (1-5%),2,3240.0,162.0,3078.0
313,ORD-1313,20260928,28,11,3,3,Returning,5,54.0,0.08,Medium (6-10%),3,270.0,21.6,248.4
314,ORD-1314,20260703,15,8,1,4,Returning,3,1282.5,0.0,No discount,1,3847.5,0.0,3847.5
315,ORD-1315,20260913,1,1,3,2,Returning,6,58.5,0.05,Low (1-5%),2,351.0,17.55,333.45
316,ORD-1316,20261201,12,3,5,3,Returning,2,495.9,0.05,Low (1-5%),2,991.8,49.59,942.21
317,ORD-1317,20260328,20,12,2,4,New,3,30.56,0.03,Low (1-5%),2,91.68,2.76,88.92
318,ORD-1318,20261125,28,10,1,2,Returning,4,56.16,0.15,High (>10%),4,224.64,33.7,190.94
319,ORD-1319,20260130,5,1,3,3,Returning,5,72.0,0.08,Medium (6-10%),3,360.0,28.8,331.2
320,ORD-1320,20260613,7,10,1,4,New,2,2808.0,0.0,No discount,1,5616.0,0.0,5616.0
321,ORD-1321,20261227,11,9,4,1,Returning,2,3052.8,0.2,High (>10%),4,6105.6,1221.12,4884.48
322,ORD-1322,20260905,10,9,4,1,Returning,3,2250.0,0.15,High (>10%),4,6750.0,1012.5,5737.5
323,ORD-1323,20261106,16,13,5,1,Returning,7,18.72,0.1,Medium (6-10%),3,131.04,13.1,117.94
324,ORD-1324,20260919,27,10,1,3,Returning,4,82.62,0.1,Medium (6-10%),3,330.48,33.05,297.43
325,ORD-1325,20260611,24,9,4,4,Returning,8,7.2,0.15,High (>10%),4,57.6,8.64,48.96
326,ORD-1326,20261202,20,11,3,2,Returning,4,31.5,0.08,Medium (6-10%),3,126.0,10.08,115.92
327,ORD-1327,20260628,13,3,5,4,Returning,4,742.05,0.08,Medium (6-10%),3,2968.2,237.46,2730.74
328,ORD-1328,20260628,7,4,1,3,New,2,2862.0,0.15,High (>10%),4,5724.0,858.6,4865.4
329,ORD-1329,20261016,4,9,4,2,New,2,49.5,0.1,Medium (6-10%),3,99.0,9.9,89.1
330,ORD-1330,20261016,14,4,1,1,New,2,655.2,0.08,Medium (6-10%),3,1310.4,104.83,1205.57
331,ORD-1331,20260701,25,15,5,2,Returning,5,273.6,0.08,Medium (6-10%),3,1368.0,109.44,1258.56
332,ORD-1332,20260329,13,6,4,3,Returning,4,742.05,0.03,Low (1-5%),2,2968.2,89.05,2879.15
333,ORD-1333,20260617,16,2,2,3,Returning,3,19.08,0.05,Low (1-5%),2,57.24,2.86,54.38
334,ORD-1334,20260801,13,15,5,3,Returning,2,742.05,0.08,Medium (6-10%),3,1484.1,118.73,1365.37
335,ORD-1335,20260521,19,6,4,4,New,2,239.4,0.0,No discount,1,478.8,0.0,478.8
336,ORD-1336,20260618,26,9,4,1,New,7,405.0,0.03,Low (1-5%),2,2835.0,85.05,2749.95
337,ORD-1337,20260420,12,15,5,4,Returning,2,522.0,0.0,No discount,1,1044.0,0.0,1044.0
338,ORD-1338,20260825,28,14,4,4,New,2,54.0,0.05,Low (1-5%),2,108.0,5.4,102.6
339,ORD-1339,20260916,18,14,4,3,Returning,8,162.0,0.1,Medium (6-10%),3,1296.0,129.6,1166.4
340,ORD-1340,20260410,16,4,1,1,Returning,3,19.08,0.15,High (>10%),4,57.24,8.59,48.65
341,ORD-1341,20261211,6,4,1,3,Returning,6,38.48,0.1,Medium (6-10%),3,230.88,23.11,207.77
342,ORD-1342,20260529,2,2,2,4,Returning,2,34.2,0.05,Low (1-5%),2,68.4,3.42,64.98
343,ORD-1343,20260413,22,15,5,4,Returning,2,10.48,0.08,Medium (6-10%),3,20.96,1.68,19.28
344,ORD-1344,20260219,28,7,2,4,Returning,6,51.3,0.15,High (>10%),4,307.8,46.17,261.63
345,ORD-1345,20260512,12,7,2,4,Returning,3,522.0,0.0,No discount,1,1566.0,0.0,1566.0
346,ORD-1346,20260724,28,2,2,4,Returning,3,52.38,0.08,Medium (6-10%),3,157.14,12.57,144.57
347,ORD-1347,20260522,24,13,5,3,Returning,2,6.84,0.15,High (>10%),4,13.68,2.05,11.63
348,ORD-1348,20261128,8,7,2,3,Returning,2,1620.0,0.05,Low (1-5%),2,3240.0,162.0,3078.0
349,ORD-1349,20260527,14,5,3,4,Returning,2,667.8,0.2,High (>10%),4,1335.6,267.12,1068.48
350,ORD-1350,20260409,24,9,4,3,Returning,7,7.2,0.05,Low (1-5%),2,50.4,2.52,47.88
351,ORD-1351,20261109,14,9,4,3,New,3,642.6,0.0,No discount,1,1927.8,0.0,1927.8
352,ORD-1352,20261103,15,14,4,4,Returning,2,1309.5,0.0,No discount,1,2619.0,0.0,2619.0
353,ORD-1353,20261124,4,13,5,3,Returning,3,49.5,0.15,High (>10%),4,148.5,22.27,126.23
354,ORD-1354,20260525,27,14,4,2,Returning,4,85.86,0.2,High (>10%),4,343.44,68.69,274.75
355,ORD-1355,20260112,23,12,2,3,Returning,5,16.2,0.03,Low (1-5%),2,81.0,2.43,78.57
356,ORD-1356,20260222,7,2,2,2,Returning,2,2700.0,0.2,High (>10%),4,5400.0,1080.0,4320.0
357,ORD-1357,20260506,15,1,3,4,Returning,2,1350.0,0.1,Medium (6-10%),3,2700.0,270.0,2430.0
358,ORD-1358,20260930,16,13,5,2,Returning,5,17.46,0.08,Medium (6-10%),3,87.3,6.98,80.32
359,ORD-1359,20260822,14,15,5,1,Returning,3,598.5,0.0,No discount,1,1795.5,0.0,1795.5
360,ORD-1360,20260201,8,1,3,1,New,3,1620.0,0.1,Medium (6-10%),3,4860.0,486.0,4374.0
361,ORD-1361,20260318,24,11,3,2,New,5,7.2,0.08,Medium (6-10%),3,36.0,2.88,33.12
362,ORD-1362,20260726,18,8,1,3,Returning,8,168.48,0.2,High (>10%),4,1347.84,269.57,1078.27
363,ORD-1363,20260212,27,5,3,3,Returning,7,81.0,0.1,Medium (6-10%),3,567.0,56.7,510.3
364,ORD-1364,20260519,16,12,2,4,Returning,2,19.08,0.08,Medium (6-10%),3,38.16,3.05,35.11
365,ORD-1365,20261224,13,2,2,3,Returning,3,765.0,0.05,Low (1-5%),2,2295.0,114.75,2180.25
366,ORD-1366,20260630,3,1,3,3,New,4,13.5,0.1,Medium (6-10%),3,54.0,5.4,48.6
367,ORD-1367,20260123,5,14,4,3,New,3,72.0,0.05,Low (1-5%),2,216.0,10.8,205.2
368,ORD-1368,20260529,5,5,3,3,Returning,9,76.32,0.1,Medium (6-10%),3,686.88,68.69,618.19
369,ORD-1369,20260122,17,14,4,3,Returning,5,641.25,0.03,Low (1-5%),2,3206.25,96.19,3110.06
370,ORD-1370,20260618,27,15,5,3,Returning,2,85.86,0.15,High (>10%),4,171.72,25.76,145.96
371,ORD-1371,20260305,12,4,1,3,Returning,2,506.34,0.08,Medium (6-10%),3,1012.68,81.01,931.67
372,ORD-1372,20261114,23,8,1,3,Returning,5,15.71,0.03,Low (1-5%),2,78.55,2.34,76.21
373,ORD-1373,20260209,13,1,3,3,Returning,2,765.0,0.05,Low (1-5%),2,1530.0,76.5,1453.5
374,ORD-1374,20260106,26,9,4,3,New,5,384.75,0.0,No discount,1,1923.75,0.0,1923.75
375,ORD-1375,20260226,18,15,5,4,New,6,168.48,0.0,No discount,1,1010.88,0.0,1010.88
376,ORD-1376,20260507,10,13,5,1,Returning,2,2250.0,0.15,High (>10%),4,4500.0,675.0,3825.0
377,ORD-1377,20260109,5,2,2,4,New,4,74.88,0.15,High (>10%),4,299.52,44.93,254.59
378,ORD-1378,20260324,25,8,1,3,Returning,2,288.0,0.08,Medium (6-10%),3,576.0,46.08,529.92
379,ORD-1379,20260603,24,13,5,4,New,4,7.63,0.0,No discount,1,30.52,-0.01,30.53
380,ORD-1380,20260401,10,11,3,4,Returning,2,2182.5,0.0,No discount,1,4365.0,0.0,4365.0
381,ORD-1381,20260515,7,14,4,1,Returning,3,2754.0,0.2,High (>10%),4,8262.0,1652.4,6609.6
382,ORD-1382,20260801,8,8,1,1,Returning,2,1620.0,0.05,Low (1-5%),2,3240.0,162.0,3078.0
383,ORD-1383,20261206,26,13,5,4,New,6,405.0,0.03,Low (1-5%),2,2430.0,72.9,2357.1
384,ORD-1384,20260324,5,10,1,3,New,6,68.4,0.05,Low (1-5%),2,410.4,20.52,389.88
385,ORD-1385,20260203,13,7,2,4,Returning,2,780.3,0.15,High (>10%),4,1560.6,234.09,1326.51
386,ORD-1386,20261010,11,5,3,4,New,3,2880.0,0.1,Medium (6-10%),3,8640.0,864.0,7776.0
387,ORD-1387,20260925,17,2,2,4,New,7,715.5,0.0,No discount,1,5008.5,0.0,5008.5
388,ORD-1388,20260904,16,14,4,3,New,3,18.72,0.05,Low (1-5%),2,56.16,2.81,53.35
389,ORD-1389,20260121,20,9,4,1,Returning,7,31.5,0.05,Low (1-5%),2,220.5,11.02,209.48
390,ORD-1390,20260927,4,1,3,3,Returning,6,50.49,0.05,Low (1-5%),2,302.94,15.15,287.79
391,ORD-1391,20260111,3,2,2,3,New,2,13.5,0.05,Low (1-5%),2,27.0,1.35,25.65
392,ORD-1392,20260827,27,5,3,3,Returning,3,85.86,0.08,Medium (6-10%),3,257.58,20.61,236.97
393,ORD-1393,20260111,5,14,4,3,Returning,7,68.4,0.03,Low (1-5%),2,478.8,14.36,464.44
394,ORD-1394,20260604,28,2,2,4,Returning,2,52.38,0.08,Medium (6-10%),3,104.76,8.38,96.38
395,ORD-1395,20260611,13,1,3,4,New,2,765.0,0.1,Medium (6-10%),3,1530.0,153.0,1377.0
396,ORD-1396,20260308,5,11,3,4,New,6,74.88,0.05,Low (1-5%),2,449.28,22.46,426.82
397,ORD-1397,20260620,26,7,2,2,Returning,4,429.3,0.2,High (>10%),4,1717.2,343.44,1373.76
398,ORD-1398,20261129,12,8,1,1,Returning,2,542.88,0.15,High (>10%),4,1085.76,162.86,922.9
399,ORD-1399,20260526,10,15,5,1,Returning,2,2250.0,0.03,Low (1-5%),2,4500.0,135.0,4365.0
400,ORD-1400,20260429,26,12,2,3,New,4,392.85,0.03,Low (1-5%),2,1571.4,47.14,1524.26
401,ORD-1401,20261109,15,9,4,3,Returning,3,1404.0,0.08,Medium (6-10%),3,4212.0,336.96,3875.04
402,ORD-1402,20260706,7,6,4,1,Returning,2,2862.0,0.05,Low (1-5%),2,5724.0,286.2,5437.8
403,ORD-1403,20261013,27,3,5,2,Returning,2,81.0,0.08,Medium (6-10%),3,162.0,12.96,149.04
404,ORD-1404,20261120,19,13,5,1,New,11,244.44,0.08,Medium (6-10%),3,2688.84,215.11,2473.73
405,ORD-1405,20260306,27,14,4,3,Returning,5,81.0,0.1,Medium (6-10%),3,405.0,40.5,364.5
406,ORD-1406,20260915,13,5,3,2,Returning,4,726.75,0.08,Medium (6-10%),3,2907.0,232.56,2674.44
407,ORD-1407,20260604,19,3,5,3,Returning,5,252.0,0.05,Low (1-5%),2,1260.0,63.0,1197.0
408,ORD-1408,20260706,8,12,2,1,New,2,1652.4,0.15,High (>10%),4,3304.8,495.72,2809.08
409,ORD-1409,20260708,5,2,2,4,New,4,69.84,0.05,Low (1-5%),2,279.36,13.97,265.39
410,ORD-1410,20261226,28,12,2,3,Returning,8,57.24,0.1,Medium (6-10%),3,457.92,45.79,412.13
411,ORD-1411,20261031,18,15,5,1,Returning,6,157.14,0.05,Low (1-5%),2,942.84,47.14,895.7
412,ORD-1412,20260809,15,10,1,4,New,2,1350.0,0.03,Low (1-5%),2,2700.0,81.0,2619.0
413,ORD-1413,20260311,5,12,2,3,New,2,72.0,0.15,High (>10%),4,144.0,21.6,122.4
414,ORD-1414,20260707,1,11,3,3,New,2,59.67,0.0,No discount,1,119.34,0.0,119.34
415,ORD-1415,20260922,18,7,2,3,Returning,4,165.24,0.05,Low (1-5%),2,660.96,33.05,627.91
416,ORD-1416,20261116,13,5,3,1,Returning,3,726.75,0.08,Medium (6-10%),3,2180.25,174.42,2005.83
417,ORD-1417,20261201,18,14,4,1,New,10,165.24,0.0,No discount,1,1652.4,0.0,1652.4
418,ORD-1418,20260405,13,6,4,4,New,2,765.0,0.05,Low (1-5%),2,1530.0,76.5,1453.5
419,ORD-1419,20260314,16,5,3,1,Returning,5,19.08,0.03,Low (1-5%),2,95.4,2.86,92.54
420,ORD-1420,20260927,9,11,3,3,New,2,3780.0,0.15,High (>10%),4,7560.0,1134.0,6426.0
421,ORD-1421,20260106,24,5,3,4,Returning,5,7.34,0.05,Low (1-5%),2,36.7,1.82,34.88
422,ORD-1422,20260211,23,6,4,1,New,7,15.71,0.05,Low (1-5%),2,109.97,5.47,104.5
423,ORD-1423,20260518,3,10,1,3,New,4,13.5,0.05,Low (1-5%),2,54.0,2.7,51.3
424,ORD-1424,20260325,27,9,4,3,Returning,3,78.57,0.03,Low (1-5%),2,235.71,7.07,228.64
425,ORD-1425,20261228,27,1,3,2,New,2,78.57,0.05,Low (1-5%),2,157.14,7.86,149.28
426,ORD-1426,20261005,20,15,5,4,Returning,3,33.39,0.03,Low (1-5%),2,100.17,3.01,97.16
427,ORD-1427,20260802,1,3,5,2,Returning,2,60.84,0.0,No discount,1,121.68,0.0,121.68
428,ORD-1428,20260107,5,3,5,4,Returning,2,72.0,0.15,High (>10%),4,144.0,21.6,122.4
429,ORD-1429,20260805,13,3,5,4,New,2,726.75,0.03,Low (1-5%),2,1453.5,43.6,1409.9
430,ORD-1430,20261115,13,10,1,4,New,3,810.9,0.1,Medium (6-10%),3,2432.7,243.27,2189.43
431,ORD-1431,20260621,12,15,5,3,New,2,553.32,0.08,Medium (6-10%),3,1106.64,88.53,1018.11
432,ORD-1432,20260104,7,2,2,1,New,2,2565.0,0.08,Medium (6-10%),3,5130.0,410.4,4719.6
433,ORD-1433,20260425,2,2,2,3,New,3,34.2,0.05,Low (1-5%),2,102.6,5.13,97.47
434,ORD-1434,20260423,9,13,5,4,Returning,2,3780.0,0.1,Medium (6-10%),3,7560.0,756.0,6804.0
435,ORD-1435,20261122,10,9,4,1,Returning,2,2182.5,0.05,Low (1-5%),2,4365.0,218.25,4146.75
436,ORD-1436,20260615,6,6,4,4,New,2,38.48,0.03,Low (1-5%),2,76.96,2.32,74.64
437,ORD-1437,20260215,15,3,5,3,New,2,1404.0,0.08,Medium (6-10%),3,2808.0,224.64,2583.36
438,ORD-1438,20260626,2,11,3,3,Returning,2,35.57,0.08,Medium (6-10%),3,71.14,5.69,65.45
439,ORD-1439,20260911,25,10,1,2,New,5,299.52,0.08,Medium (6-10%),3,1497.6,119.81,1377.79
440,ORD-1440,20260712,18,2,2,1,Returning,10,168.48,0.05,Low (1-5%),2,1684.8,84.24,1600.56
441,ORD-1441,20260324,3,5,3,2,Returning,2,13.5,0.15,High (>10%),4,27.0,4.05,22.95
442,ORD-1442,20260403,24,11,3,4,New,3,6.98,0.0,No discount,1,20.94,-0.01,20.95
443,ORD-1443,20260823,1,7,2,4,Returning,2,62.01,0.08,Medium (6-10%),3,124.02,9.92,114.1
444,ORD-1444,20261201,10,3,5,1,Returning,5,2295.0,0.1,Medium (6-10%),3,11475.0,1147.5,10327.5
445,ORD-1445,20261115,28,3,5,3,Returning,3,51.3,0.08,Medium (6-10%),3,153.9,12.31,141.59
446,ORD-1446,20260716,28,1,3,3,New,2,54.0,0.0,No discount,1,108.0,0.0,108.0
447,ORD-1447,20261118,10,9,4,3,Returning,2,2137.5,0.08,Medium (6-10%),3,4275.0,342.0,3933.0
448,ORD-1448,20260424,3,1,3,2,Returning,5,14.31,0.03,Low (1-5%),2,71.55,2.15,69.4
449,ORD-1449,20260521,1,6,4,3,Returning,6,58.5,0.03,Low (1-5%),2,351.0,10.53,340.47
450,ORD-1450,20260203,15,12,2,2,Returning,2,1282.5,0.08,Medium (6-10%),3,2565.0,205.2,2359.8
451,ORD-1451,20260130,3,1,3,4,Returning,3,12.83,0.1,Medium (6-10%),3,38.49,3.86,34.63
452,ORD-1452,20261126,6,13,5,2,New,2,40.5,0.05,Low (1-5%),2,81.0,4.05,76.95
453,ORD-1453,20260224,25,5,3,4,New,5,299.52,0.08,Medium (6-10%),3,1497.6,119.81,1377.79
454,ORD-1454,20260515,24,13,5,4,New,4,7.49,0.05,Low (1-5%),2,29.96,1.51,28.45
455,ORD-1455,20261215,16,10,1,2,Returning,5,18.72,0.08,Medium (6-10%),3,93.6,7.49,86.11
456,ORD-1456,20260805,16,2,2,3,Returning,8,18.36,0.05,Low (1-5%),2,146.88,7.34,139.54
457,ORD-1457,20260201,16,8,1,4,Returning,3,17.1,0.03,Low (1-5%),2,51.3,1.54,49.76
458,ORD-1458,20260127,13,4,1,2,Returning,2,742.05,0.05,Low (1-5%),2,1484.1,74.2,1409.9
459,ORD-1459,20260429,4,2,2,3,Returning,5,49.5,0.08,Medium (6-10%),3,247.5,19.8,227.7
460,ORD-1460,20260327,8,4,1,1,Returning,3,1539.0,0.08,Medium (6-10%),3,4617.0,369.36,4247.64
461,ORD-1461,20261030,11,15,5,3,Returning,3,2880.0,0.1,Medium (6-10%),3,8640.0,864.0,7776.0
462,ORD-1462,20260921,13,14,4,3,New,3,780.3,0.0,No discount,1,2340.9,0.0,2340.9
463,ORD-1463,20260913,9,8,1,1,Returning,3,3780.0,0.03,Low (1-5%),2,11340.0,340.2,10999.8
464,ORD-1464,20260219,9,15,5,4,New,3,3780.0,0.05,Low (1-5%),2,11340.0,567.0,10773.0
465,ORD-1465,20260721,13,7,2,4,Returning,2,742.05,0.05,Low (1-5%),2,1484.1,74.2,1409.9
466,ORD-1466,20260312,2,1,3,4,Returning,5,32.49,0.03,Low (1-5%),2,162.45,4.87,157.58
467,ORD-1467,20260826,22,12,2,3,New,2,11.02,0.08,Medium (6-10%),3,22.04,1.77,20.27
468,ORD-1468,20260202,20,6,4,4,New,3,29.93,0.1,Medium (6-10%),3,89.79,8.99,80.8
469,ORD-1469,20260106,15,9,4,1,New,3,1431.0,0.2,High (>10%),4,4293.0,858.6,3434.4
470,ORD-1470,20260109,6,6,4,2,Returning,2,40.5,0.1,Medium (6-10%),3,81.0,8.1,72.9
471,ORD-1471,20260121,28,10,1,3,Returning,2,52.38,0.15,High (>10%),4,104.76,15.71,89.05
472,ORD-1472,20260613,12,7,2,1,Returning,2,522.0,0.2,High (>10%),4,1044.0,208.8,835.2
473,ORD-1473,20260112,13,5,3,2,New,2,726.75,0.05,Low (1-5%),2,1453.5,72.67,1380.83
474,ORD-1474,20260417,11,6,4,3,New,2,2880.0,0.03,Low (1-5%),2,5760.0,172.8,5587.2
475,ORD-1475,20260309,22,3,5,4,Returning,2,11.23,0.0,No discount,1,22.46,0.0,22.46
476,ORD-1476,20261112,13,7,2,3,Returning,2,765.0,0.1,Medium (6-10%),3,1530.0,153.0,1377.0
477,ORD-1477,20261214,17,10,1,2,New,2,688.5,0.08,Medium (6-10%),3,1377.0,110.16,1266.84
478,ORD-1478,20261102,9,10,1,3,New,2,3931.2,0.08,Medium (6-10%),3,7862.4,628.99,7233.41
479,ORD-1479,20260912,5,5,3,3,New,4,72.0,0.1,Medium (6-10%),3,288.0,28.8,259.2
480,ORD-1480,20260422,5,1,3,3,Returning,5,76.32,0.05,Low (1-5%),2,381.6,19.08,362.52
481,ORD-1481,20260507,16,11,3,3,Returning,2,18.72,0.08,Medium (6-10%),3,37.44,3.0,34.44
482,ORD-1482,20260310,28,11,3,2,Returning,7,57.24,0.05,Low (1-5%),2,400.68,20.03,380.65
483,ORD-1483,20260827,26,14,4,3,Returning,3,392.85,0.1,Medium (6-10%),3,1178.55,117.85,1060.7
484,ORD-1484,20260811,12,2,2,4,Returning,2,522.0,0.08,Medium (6-10%),3,1044.0,83.52,960.48
485,ORD-1485,20261010,5,12,2,4,Returning,3,72.0,0.08,Medium (6-10%),3,216.0,17.28,198.72
486,ORD-1486,20260410,14,1,3,4,Returning,2,655.2,0.0,No discount,1,1310.4,0.0,1310.4
487,ORD-1487,20260823,3,4,1,2,New,5,13.5,0.03,Low (1-5%),2,67.5,2.02,65.48
488,ORD-1488,20260921,24,14,4,4,Returning,3,7.2,0.05,Low (1-5%),2,21.6,1.08,20.52
489,ORD-1489,20261219,3,8,1,2,New,3,12.83,0.05,Low (1-5%),2,38.49,1.94,36.55
490,ORD-1490,20260604,28,5,3,3,New,3,51.3,0.1,Medium (6-10%),3,153.9,15.39,138.51
491,ORD-1491,20261120,14,4,1,3,Returning,2,667.8,0.1,Medium (6-10%),3,1335.6,133.56,1202.04
492,ORD-1492,20260911,1,12,2,4,Returning,4,55.58,0.0,No discount,1,222.32,0.02,222.3
493,ORD-1493,20260927,1,7,2,3,New,5,58.5,0.05,Low (1-5%),2,292.5,14.62,277.88
494,ORD-1494,20260919,12,8,1,3,Returning,3,506.34,0.03,Low (1-5%),2,1519.02,45.57,1473.45
495,ORD-1495,20261125,3,12,2,4,New,3,13.5,0.08,Medium (6-10%),3,40.5,3.24,37.26
496,ORD-1496,20260920,12,5,3,4,Returning,3,553.32,0.08,Medium (6-10%),3,1659.96,132.8,1527.16
497,ORD-1497,20260420,25,8,1,3,Returning,4,305.28,0.08,Medium (6-10%),3,1221.12,97.69,1123.43
498,ORD-1498,20261129,6,12,2,1,Returning,9,42.93,0.03,Low (1-5%),2,386.37,11.59,374.78
499,ORD-1499,20261114,26,14,4,3,Returning,5,405.0,0.05,Low (1-5%),2,2025.0,101.25,1923.75
500,ORD-1500,20260517,9,2,2,1,New,3,3591.0,0.03,Low (1-5%),2,10773.0,323.19,10449.81
501,ORD-1501,20261216,14,10,1,1,Returning,2,642.6,0.15,High (>10%),4,1285.2,192.78,1092.42
502,ORD-1502,20260117,13,6,4,1,New,4,780.3,0.15,High (>10%),4,3121.2,468.18,2653.02
503,ORD-1503,20260501,25,6,4,3,Returning,2,299.52,0.0,No discount,1,599.04,0.0,599.04
504,ORD-1504,20261109,20,13,5,3,New,6,33.39,0.03,Low (1-5%),2,200.34,6.01,194.33
505,ORD-1505,20260404,5,14,4,3,New,6,68.4,0.15,High (>10%),4,410.4,61.56,348.84
506,ORD-1506,20260330,6,2,2,2,New,2,40.5,0.0,No discount,1,81.0,0.0,81.0
507,ORD-1507,20260917,21,5,3,3,New,3,22.95,0.0,No discount,1,68.85,0.0,68.85
508,ORD-1508,20261024,20,6,4,4,New,2,31.5,0.0,No discount,1,63.0,0.0,63.0
509,ORD-1509,20261022,5,1,3,3,New,2,69.84,0.03,Low (1-5%),2,139.68,4.19,135.49
510,ORD-1510,20260423,8,10,1,4,New,2,1717.2,0.0,No discount,1,3434.4,0.0,3434.4
511,ORD-1511,20260113,14,5,3,4,New,2,642.6,0.1,Medium (6-10%),3,1285.2,128.52,1156.68
512,ORD-1512,20261026,13,2,2,2,Returning,4,742.05,0.15,High (>10%),4,2968.2,445.23,2522.97
513,ORD-1513,20261002,10,3,5,1,Returning,3,2250.0,0.08,Medium (6-10%),3,6750.0,540.0,6210.0
514,ORD-1514,20260623,9,8,1,3,Returning,2,3591.0,0.03,Low (1-5%),2,7182.0,215.46,6966.54
515,ORD-1515,20260606,14,6,4,3,Returning,2,611.1,0.1,Medium (6-10%),3,1222.2,122.22,1099.98
516,ORD-1516,20260713,4,7,2,3,New,2,51.48,0.0,No discount,1,102.96,0.0,102.96
517,ORD-1517,20260826,25,8,1,4,New,5,279.36,0.08,Medium (6-10%),3,1396.8,111.74,1285.06
518,ORD-1518,20260220,4,7,2,4,Returning,4,48.02,0.08,Medium (6-10%),3,192.08,15.38,176.7
519,ORD-1519,20261013,10,6,4,1,New,3,2137.5,0.1,Medium (6-10%),3,6412.5,641.25,5771.25
520,ORD-1520,20260713,20,7,2,4,New,7,31.5,0.15,High (>10%),4,220.5,33.07,187.43
521,ORD-1521,20261212,13,4,1,4,Returning,2,765.0,0.2,High (>10%),4,1530.0,306.0,1224.0
522,ORD-1522,20260118,22,8,1,3,Returning,5,11.23,0.05,Low (1-5%),2,56.15,2.8,53.35
523,ORD-1523,20260913,13,6,4,4,Returning,4,795.6,0.05,Low (1-5%),2,3182.4,159.12,3023.28
524,ORD-1524,20260328,3,15,5,3,New,4,14.31,0.2,High (>10%),4,57.24,11.45,45.79
525,ORD-1525,20260221,27,8,1,2,Returning,3,81.0,0.05,Low (1-5%),2,243.0,12.15,230.85
526,ORD-1526,20260806,22,1,3,4,Returning,3,10.8,0.08,Medium (6-10%),3,32.4,2.59,29.81
527,ORD-1527,20260201,12,2,2,1,New,3,522.0,0.08,Medium (6-10%),3,1566.0,125.28,1440.72
528,ORD-1528,20260306,26,7,2,4,New,4,405.0,0.2,High (>10%),4,1620.0,324.0,1296.0
529,ORD-1529,20261016,2,7,2,2,Returning,3,34.2,0.0,No discount,1,102.6,0.0,102.6
530,ORD-1530,20261024,12,8,1,3,Returning,4,522.0,0.08,Medium (6-10%),3,2088.0,167.04,1920.96
531,ORD-1531,20260507,2,12,2,2,New,6,34.2,0.0,No discount,1,205.2,0.0,205.2
532,ORD-1532,20260830,20,12,2,3,Returning,3,31.5,0.1,Medium (6-10%),3,94.5,9.45,85.05
533,ORD-1533,20260305,23,10,1,4,Returning,2,16.85,0.05,Low (1-5%),2,33.7,1.69,32.01
534,ORD-1534,20260319,26,3,5,3,Returning,2,384.75,0.05,Low (1-5%),2,769.5,38.47,731.03
535,ORD-1535,20260625,8,8,1,3,Returning,2,1620.0,0.08,Medium (6-10%),3,3240.0,259.2,2980.8
536,ORD-1536,20261215,19,9,4,3,Returning,8,257.04,0.08,Medium (6-10%),3,2056.32,164.51,1891.81
537,ORD-1537,20261111,27,14,4,2,New,5,81.0,0.1,Medium (6-10%),3,405.0,40.5,364.5
538,ORD-1538,20260722,26,13,5,3,Returning,3,384.75,0.05,Low (1-5%),2,1154.25,57.71,1096.54
539,ORD-1539,20260806,26,13,5,3,New,8,405.0,0.1,Medium (6-10%),3,3240.0,324.0,2916.0
540,ORD-1540,20260312,24,8,1,3,Returning,7,7.2,0.1,Medium (6-10%),3,50.4,5.04,45.36
541,ORD-1541,20260422,9,8,1,4,Returning,2,3855.6,0.1,Medium (6-10%),3,7711.2,771.12,6940.08
542,ORD-1542,20261013,22,14,4,2,New,2,11.45,0.2,High (>10%),4,22.9,4.58,18.32
543,ORD-1543,20260608,7,15,5,3,Returning,4,2619.0,0.08,Medium (6-10%),3,10476.0,838.08,9637.92
544,ORD-1544,20260301,22,2,2,3,Returning,7,10.26,0.08,Medium (6-10%),3,71.82,5.75,66.07
545,ORD-1545,20261103,18,4,1,4,Returning,3,171.72,0.1,Medium (6-10%),3,515.16,51.52,463.64
546,ORD-1546,20260107,7,14,4,1,Returning,2,2754.0,0.05,Low (1-5%),2,5508.0,275.4,5232.6
547,ORD-1547,20260921,4,11,3,4,Returning,4,49.5,0.0,No discount,1,198.0,0.0,198.0
548,ORD-1548,20261222,28,5,3,1,Returning,4,57.24,0.1,Medium (6-10%),3,228.96,22.9,206.06
549,ORD-1549,20260203,12,1,3,1,Returning,2,522.0,0.2,High (>10%),4,1044.0,208.8,835.2
550,ORD-1550,20260112,6,1,3,3,Returning,6,40.5,0.1,Medium (6-10%),3,243.0,24.3,218.7
551,ORD-1551,20261228,19,10,1,3,Returning,3,252.0,0.0,No discount,1,756.0,0.0,756.0
552,ORD-1552,20260123,19,15,5,3,Returning,4,267.12,0.1,Medium (6-10%),3,1068.48,106.85,961.63
553,ORD-1553,20260411,1,5,3,4,Returning,3,60.84,0.15,High (>10%),4,182.52,27.38,155.14
554,ORD-1554,20261109,10,11,3,1,Returning,2,2137.5,0.05,Low (1-5%),2,4275.0,213.75,4061.25
555,ORD-1555,20260425,12,9,4,1,Returning,2,522.0,0.15,High (>10%),4,1044.0,156.6,887.4
556,ORD-1556,20260605,6,1,3,4,New,3,40.5,0.1,Medium (6-10%),3,121.5,12.15,109.35
557,ORD-1557,20260709,1,5,3,3,Returning,4,55.58,0.08,Medium (6-10%),3,222.32,17.8,204.52
558,ORD-1558,20261221,13,10,1,3,Returning,6,742.05,0.2,High (>10%),4,4452.3,890.46,3561.84
559,ORD-1559,20260525,25,4,1,4,Returning,2,288.0,0.0,No discount,1,576.0,0.0,576.0
560,ORD-1560,20260930,3,2,2,3,Returning,3,13.77,0.05,Low (1-5%),2,41.31,2.07,39.24
561,ORD-1561,20260829,17,15,5,3,Returning,5,675.0,0.05,Low (1-5%),2,3375.0,168.75,3206.25
562,ORD-1562,20260801,3,15,5,4,New,2,13.77,0.0,No discount,1,27.54,0.0,27.54
563,ORD-1563,20260224,5,14,4,3,Returning,2,76.32,0.05,Low (1-5%),2,152.64,7.63,145.01
564,ORD-1564,20261215,2,5,3,3,Returning,2,34.2,0.03,Low (1-5%),2,68.4,2.05,66.35
565,ORD-1565,20260908,2,5,3,2,Returning,7,34.2,0.08,Medium (6-10%),3,239.4,19.15,220.25
566,ORD-1566,20261229,5,1,3,2,Returning,6,76.32,0.05,Low (1-5%),2,457.92,22.9,435.02
567,ORD-1567,20260911,9,11,3,4,Returning,3,3780.0,0.1,Medium (6-10%),3,11340.0,1134.0,10206.0
568,ORD-1568,20261229,12,5,3,2,New,3,542.88,0.08,Medium (6-10%),3,1628.64,130.29,1498.35
569,ORD-1569,20261115,27,7,2,3,Returning,2,81.0,0.05,Low (1-5%),2,162.0,8.1,153.9
570,ORD-1570,20260112,24,12,2,3,Returning,8,6.84,0.08,Medium (6-10%),3,54.72,4.38,50.34
571,ORD-1571,20261113,26,5,3,2,Returning,3,392.85,0.1,Medium (6-10%),3,1178.55,117.85,1060.7
572,ORD-1572,20260114,13,15,5,1,Returning,3,742.05,0.05,Low (1-5%),2,2226.15,111.31,2114.84
573,ORD-1573,20260730,7,13,5,2,New,2,2565.0,0.03,Low (1-5%),2,5130.0,153.9,4976.1
574,ORD-1574,20260918,6,13,5,3,Returning,5,42.93,0.1,Medium (6-10%),3,214.65,21.46,193.19
575,ORD-1575,20260324,14,3,5,3,Returning,2,630.0,0.05,Low (1-5%),2,1260.0,63.0,1197.0
576,ORD-1576,20260717,20,10,1,4,Returning,4,33.39,0.1,Medium (6-10%),3,133.56,13.36,120.2
577,ORD-1577,20261129,1,11,3,2,Returning,8,58.5,0.0,No discount,1,468.0,0.0,468.0
578,ORD-1578,20260423,19,11,3,3,New,3,252.0,0.08,Medium (6-10%),3,756.0,60.48,695.52
579,ORD-1579,20260614,1,7,2,1,New,7,59.67,0.05,Low (1-5%),2,417.69,20.88,396.81
580,ORD-1580,20261016,15,2,2,1,Returning,4,1350.0,0.05,Low (1-5%),2,5400.0,270.0,5130.0
581,ORD-1581,20261203,9,10,1,1,New,2,3780.0,0.03,Low (1-5%),2,7560.0,226.8,7333.2
582,ORD-1582,20260604,10,4,1,1,Returning,2,2182.5,0.05,Low (1-5%),2,4365.0,218.25,4146.75
583,ORD-1583,20261206,8,11,3,4,New,2,1620.0,0.08,Medium (6-10%),3,3240.0,259.2,2980.8
584,ORD-1584,20260407,4,10,1,4,Returning,2,50.49,0.2,High (>10%),4,100.98,20.2,80.78
585,ORD-1585,20261112,17,3,5,3,Returning,3,715.5,0.03,Low (1-5%),2,2146.5,64.39,2082.11
586,ORD-1586,20260511,25,13,5,3,New,3,305.28,0.05,Low (1-5%),2,915.84,45.79,870.05
587,ORD-1587,20260919,11,7,2,1,Returning,2,3052.8,0.2,High (>10%),4,6105.6,1221.12,4884.48
588,ORD-1588,20260616,20,6,4,4,Returning,2,32.76,0.15,High (>10%),4,65.52,9.83,55.69
589,ORD-1589,20260106,21,6,4,3,Returning,5,22.5,0.08,Medium (6-10%),3,112.5,9.0,103.5
590,ORD-1590,20261011,27,11,3,1,Returning,12,81.0,0.1,Medium (6-10%),3,972.0,97.2,874.8
591,ORD-1591,20260316,18,8,1,4,New,2,157.14,0.05,Low (1-5%),2,314.28,15.71,298.57
592,ORD-1592,20260618,4,2,2,4,Returning,4,49.5,0.0,No discount,1,198.0,0.0,198.0
593,ORD-1593,20261011,22,7,2,1,New,6,10.8,0.1,Medium (6-10%),3,64.8,6.48,58.32
594,ORD-1594,20260621,17,15,5,3,New,2,641.25,0.05,Low (1-5%),2,1282.5,64.12,1218.38
595,ORD-1595,20261208,27,12,2,4,Returning,3,78.57,0.1,Medium (6-10%),3,235.71,23.57,212.14
596,ORD-1596,20260611,28,7,2,3,Returning,2,54.0,0.08,Medium (6-10%),3,108.0,8.64,99.36
597,ORD-1597,20261212,1,11,3,3,Returning,5,58.5,0.1,Medium (6-10%),3,292.5,29.25,263.25
598,ORD-1598,20260728,3,14,4,2,Returning,2,13.77,0.08,Medium (6-10%),3,27.54,2.2,25.34
599,ORD-1599,20260117,17,14,4,1,Returning,5,654.75,0.08,Medium (6-10%),3,3273.75,261.9,3011.85
600,ORD-1600,20261018,12,12,2,2,Returning,2,542.88,0.0,No discount,1,1085.76,0.0,1085.76
601,ORD-1601,20261216,15,14,4,1,New,3,1350.0,0.0,No discount,1,4050.0,0.0,4050.0
602,ORD-1602,20260328,11,15,5,1,New,2,2995.2,0.1,Medium (6-10%),3,5990.4,599.04,5391.36
603,ORD-1603,20260116,26,15,5,3,New,2,429.3,0.0,No discount,1,858.6,0.0,858.6
604,ORD-1604,20260104,10,15,5,1,Returning,2,2250.0,0.0,No discount,1,4500.0,0.0,4500.0
605,ORD-1605,20260911,13,4,1,3,New,2,742.05,0.1,Medium (6-10%),3,1484.1,148.41,1335.69
606,ORD-1606,20260723,12,1,3,3,Returning,5,522.0,0.1,Medium (6-10%),3,2610.0,261.0,2349.0
607,ORD-1607,20260519,23,11,3,1,New,5,16.85,0.03,Low (1-5%),2,84.25,2.54,81.71
608,ORD-1608,20261110,28,1,3,3,New,2,51.3,0.05,Low (1-5%),2,102.6,5.13,97.47
609,ORD-1609,20260420,9,15,5,1,Returning,5,3780.0,0.05,Low (1-5%),2,18900.0,945.0,17955.0
610,ORD-1610,20261126,18,7,2,1,New,7,157.14,0.08,Medium (6-10%),3,1099.98,88.0,1011.98
611,ORD-1611,20260502,22,14,4,1,Returning,7,10.48,0.03,Low (1-5%),2,73.36,2.23,71.13
612,ORD-1612,20260813,3,1,3,2,Returning,5,13.5,0.15,High (>10%),4,67.5,10.12,57.38
613,ORD-1613,20260522,9,12,2,4,Returning,2,3666.6,0.05,Low (1-5%),2,7333.2,366.66,6966.54
614,ORD-1614,20260508,12,11,3,1,Returning,2,522.0,0.1,Medium (6-10%),3,1044.0,104.4,939.6
615,ORD-1615,20260420,27,5,3,3,Returning,3,81.0,0.05,Low (1-5%),2,243.0,12.15,230.85
616,ORD-1616,20261104,23,8,1,4,New,3,15.71,0.03,Low (1-5%),2,47.13,1.4,45.73
617,ORD-1617,20260206,10,1,3,4,Returning,2,2385.0,0.05,Low (1-5%),2,4770.0,238.5,4531.5
618,ORD-1618,20260407,14,12,2,4,Returning,3,667.8,0.0,No discount,1,2003.4,0.0,2003.4
619,ORD-1619,20260616,28,12,2,3,Returning,2,55.08,0.1,Medium (6-10%),3,110.16,11.02,99.14
620,ORD-1620,20261211,27,8,1,4,Returning,3,78.57,0.2,High (>10%),4,235.71,47.14,188.57
621,ORD-1621,20260522,3,14,4,3,New,6,13.1,0.0,No discount,1,78.6,0.03,78.57
622,ORD-1622,20261101,14,11,3,1,Returning,2,630.0,0.08,Medium (6-10%),3,1260.0,100.8,1159.2
623,ORD-1623,20261213,13,7,2,3,New,2,780.3,0.15,High (>10%),4,1560.6,234.09,1326.51
624,ORD-1624,20260520,26,9,4,2,New,3,405.0,0.0,No discount,1,1215.0,0.0,1215.0
625,ORD-1625,20260806,28,3,5,2,Returning,2,54.0,0.15,High (>10%),4,108.0,16.2,91.8
626,ORD-1626,20261206,23,10,1,1,New,5,16.52,0.08,Medium (6-10%),3,82.6,6.59,76.01
627,ORD-1627,20260722,25,13,5,3,New,2,305.28,0.15,High (>10%),4,610.56,91.58,518.98
628,ORD-1628,20260912,23,4,1,4,Returning,4,15.39,0.08,Medium (6-10%),3,61.56,4.92,56.64
629,ORD-1629,20260424,11,3,5,3,Returning,3,2880.0,0.03,Low (1-5%),2,8640.0,259.2,8380.8
630,ORD-1630,20260909,6,3,5,3,New,6,40.5,0.03,Low (1-5%),2,243.0,7.29,235.71
631,ORD-1631,20260814,6,7,2,2,New,5,40.5,0.05,Low (1-5%),2,202.5,10.12,192.38
632,ORD-1632,20260328,6,1,3,1,Returning,9,41.31,0.15,High (>10%),4,371.79,55.77,316.02
633,ORD-1633,20261122,25,15,5,3,Returning,2,288.0,0.1,Medium (6-10%),3,576.0,57.6,518.4
634,ORD-1634,20260727,12,2,2,1,Returning,3,522.0,0.1,Medium (6-10%),3,1566.0,156.6,1409.4
635,ORD-1635,20260519,17,3,5,2,Returning,2,675.0,0.03,Low (1-5%),2,1350.0,40.5,1309.5
636,ORD-1636,20260906,26,4,1,3,Returning,4,413.1,0.08,Medium (6-10%),3,1652.4,132.19,1520.21
637,ORD-1637,20261229,8,4,1,3,Returning,2,1539.0,0.2,High (>10%),4,3078.0,615.6,2462.4
638,ORD-1638,20261122,28,8,1,3,Returning,3,56.16,0.2,High (>10%),4,168.48,33.7,134.78
639,ORD-1639,20261122,9,11,3,2,Returning,2,3780.0,0.2,High (>10%),4,7560.0,1512.0,6048.0
640,ORD-1640,20260428,23,8,1,2,Returning,3,15.39,0.0,No discount,1,46.17,0.0,46.17
641,ORD-1641,20260614,19,8,1,3,Returning,5,252.0,0.08,Medium (6-10%),3,1260.0,100.8,1159.2
642,ORD-1642,20260624,6,4,1,1,Returning,9,40.5,0.15,High (>10%),4,364.5,54.67,309.83
643,ORD-1643,20260701,5,3,5,3,New,6,72.0,0.08,Medium (6-10%),3,432.0,34.56,397.44
644,ORD-1644,20260628,20,3,5,3,Returning,2,31.5,0.08,Medium (6-10%),3,63.0,5.04,57.96
645,ORD-1645,20261127,17,10,1,3,Returning,8,654.75,0.05,Low (1-5%),2,5238.0,261.9,4976.1
646,ORD-1646,20260211,2,9,4,4,New,8,34.2,0.03,Low (1-5%),2,273.6,8.21,265.39
647,ORD-1647,20260725,3,8,1,4,Returning,2,13.5,0.15,High (>10%),4,27.0,4.05,22.95
648,ORD-1648,20260416,2,14,4,4,New,3,34.2,0.03,Low (1-5%),2,102.6,3.08,99.52
649,ORD-1649,20260901,14,1,3,4,New,2,611.1,0.0,No discount,1,1222.2,0.0,1222.2
650,ORD-1650,20261213,28,3,5,1,Returning,4,52.38,0.0,No discount,1,209.52,0.0,209.52
651,ORD-1651,20261216,19,8,1,2,Returning,3,239.4,0.1,Medium (6-10%),3,718.2,71.82,646.38
652,ORD-1652,20261222,28,6,4,2,Returning,4,54.0,0.2,High (>10%),4,216.0,43.2,172.8
653,ORD-1653,20261102,10,13,5,4,New,3,2385.0,0.1,Medium (6-10%),3,7155.0,715.5,6439.5
654,ORD-1654,20260514,28,9,4,2,Returning,3,55.08,0.03,Low (1-5%),2,165.24,4.96,160.28
655,ORD-1655,20261225,27,4,1,4,Returning,2,76.95,0.0,No discount,1,153.9,0.0,153.9
656,ORD-1656,20260901,23,5,3,4,New,3,15.39,0.2,High (>10%),4,46.17,9.23,36.94
657,ORD-1657,20260716,10,5,3,1,New,2,2250.0,0.03,Low (1-5%),2,4500.0,135.0,4365.0
658,ORD-1658,20261119,17,8,1,4,Returning,7,702.0,0.05,Low (1-5%),2,4914.0,245.7,4668.3
659,ORD-1659,20260929,2,14,4,3,Returning,6,33.17,0.0,No discount,1,199.02,-0.02,199.04
660,ORD-1660,20260623,12,3,5,4,Returning,5,532.44,0.1,Medium (6-10%),3,2662.2,266.22,2395.98
661,ORD-1661,20260524,6,4,1,2,Returning,3,40.5,0.0,No discount,1,121.5,0.0,121.5
662,ORD-1662,20260720,18,6,4,4,New,2,157.14,0.0,No discount,1,314.28,0.0,314.28
663,ORD-1663,20261010,4,3,5,2,New,7,49.5,0.08,Medium (6-10%),3,346.5,27.72,318.78
664,ORD-1664,20260927,8,6,4,3,Returning,2,1684.8,0.05,Low (1-5%),2,3369.6,168.48,3201.12
665,ORD-1665,20260814,17,13,5,3,Returning,7,675.0,0.05,Low (1-5%),2,4725.0,236.25,4488.75
666,ORD-1666,20261007,10,2,2,3,Returning,3,2250.0,0.05,Low (1-5%),2,6750.0,337.5,6412.5
667,ORD-1667,20260818,11,1,3,3,New,2,3052.8,0.05,Low (1-5%),2,6105.6,305.28,5800.32
668,ORD-1668,20260519,25,1,3,4,New,6,288.0,0.0,No discount,1,1728.0,0.0,1728.0
669,ORD-1669,20261011,15,14,4,1,Returning,5,1377.0,0.15,High (>10%),4,6885.0,1032.75,5852.25
670,ORD-1670,20260303,5,15,5,4,Returning,2,68.4,0.0,No discount,1,136.8,0.0,136.8
671,ORD-1671,20260915,27,3,5,2,Returning,4,81.0,0.2,High (>10%),4,324.0,64.8,259.2
672,ORD-1672,20260923,1,15,5,2,New,6,56.75,0.1,Medium (6-10%),3,340.5,34.08,306.42
673,ORD-1673,20260711,24,12,2,3,New,2,7.2,0.15,High (>10%),4,14.4,2.16,12.24
674,ORD-1674,20260106,9,11,3,2,Returning,2,4006.8,0.08,Medium (6-10%),3,8013.6,641.09,7372.51
675,ORD-1675,20260319,3,10,1,4,New,8,14.04,0.1,Medium (6-10%),3,112.32,11.23,101.09
676,ORD-1676,20260824,14,2,2,3,Returning,3,630.0,0.05,Low (1-5%),2,1890.0,94.5,1795.5
677,ORD-1677,20260818,14,11,3,2,Returning,2,642.6,0.05,Low (1-5%),2,1285.2,64.26,1220.94
678,ORD-1678,20260704,15,7,2,4,Returning,2,1431.0,0.03,Low (1-5%),2,2862.0,85.86,2776.14
679,ORD-1679,20260614,22,10,1,1,Returning,6,10.8,0.15,High (>10%),4,64.8,9.72,55.08
680,ORD-1680,20260607,9,11,3,4,New,2,3780.0,0.05,Low (1-5%),2,7560.0,378.0,7182.0
681,ORD-1681,20260905,21,14,4,3,Returning,3,21.83,0.0,No discount,1,65.49,0.01,65.48
682,ORD-1682,20260802,28,7,2,2,Returning,6,54.0,0.15,High (>10%),4,324.0,48.6,275.4
683,ORD-1683,20260923,19,11,3,2,Returning,5,244.44,0.08,Medium (6-10%),3,1222.2,97.78,1124.42
684,ORD-1684,20260211,2,7,2,3,New,5,34.2,0.1,Medium (6-10%),3,171.0,17.1,153.9
685,ORD-1685,20260728,10,11,3,1,New,4,2385.0,0.1,Medium (6-10%),3,9540.0,954.0,8586.0
686,ORD-1686,20260426,3,12,2,3,New,3,14.04,0.08,Medium (6-10%),3,42.12,3.37,38.75
687,ORD-1687,20261017,9,7,2,3,Returning,4,4006.8,0.05,Low (1-5%),2,16027.2,801.36,15225.84
688,ORD-1688,20260105,12,12,2,1,Returning,2,506.34,0.05,Low (1-5%),2,1012.68,50.63,962.05
689,ORD-1689,20260613,19,13,5,1,Returning,7,252.0,0.15,High (>10%),4,1764.0,264.6,1499.4
690,ORD-1690,20261007,24,15,5,3,New,5,7.2,0.05,Low (1-5%),2,36.0,1.8,34.2
691,ORD-1691,20261120,18,10,1,1,Returning,12,162.0,0.03,Low (1-5%),2,1944.0,58.32,1885.68
692,ORD-1692,20260524,13,3,5,2,Returning,3,742.05,0.05,Low (1-5%),2,2226.15,111.31,2114.84
693,ORD-1693,20260610,2,11,3,2,Returning,9,35.57,0.0,No discount,1,320.13,0.02,320.11
694,ORD-1694,20260911,26,3,5,3,New,3,429.3,0.1,Medium (6-10%),3,1287.9,128.79,1159.11
695,ORD-1695,20260805,24,10,1,2,Returning,3,7.2,0.05,Low (1-5%),2,21.6,1.08,20.52
696,ORD-1696,20260508,7,15,5,4,New,3,2700.0,0.03,Low (1-5%),2,8100.0,243.0,7857.0
697,ORD-1697,20260314,23,10,1,3,New,3,16.2,0.03,Low (1-5%),2,48.6,1.46,47.14
698,ORD-1698,20260618,14,7,2,4,New,3,667.8,0.2,High (>10%),4,2003.4,400.68,1602.72
699,ORD-1699,20261227,12,11,3,4,Returning,2,522.0,0.0,No discount,1,1044.0,0.0,1044.0
700,ORD-1700,20261212,2,8,1,3,Returning,2,34.2,0.03,Low (1-5%),2,68.4,2.05,66.35
701,ORD-1701,20261204,5,6,4,4,Returning,2,74.88,0.15,High (>10%),4,149.76,22.46,127.3
702,ORD-1702,20260327,6,3,5,3,Returning,3,42.12,0.03,Low (1-5%),2,126.36,3.79,122.57
703,ORD-1703,20261126,1,14,4,2,Returning,5,62.01,0.1,Medium (6-10%),3,310.05,31.0,279.05
704,ORD-1704,20261111,9,1,3,4,Returning,2,3855.6,0.2,High (>10%),4,7711.2,1542.24,6168.96
705,ORD-1705,20261021,28,5,3,3,New,4,52.38,0.0,No discount,1,209.52,0.0,209.52
706,ORD-1706,20260725,12,11,3,4,New,3,506.34,0.05,Low (1-5%),2,1519.02,75.95,1443.07
707,ORD-1707,20260704,15,14,4,1,Returning,3,1404.0,0.08,Medium (6-10%),3,4212.0,336.96,3875.04
708,ORD-1708,20260605,6,14,4,2,New,4,39.29,0.05,Low (1-5%),2,157.16,7.88,149.28
709,ORD-1709,20260304,2,1,3,2,Returning,2,34.2,0.0,No discount,1,68.4,0.0,68.4
710,ORD-1710,20260502,21,9,4,3,Returning,2,21.38,0.1,Medium (6-10%),3,42.76,4.28,38.48
711,ORD-1711,20260417,4,13,5,4,New,2,51.48,0.0,No discount,1,102.96,0.0,102.96
712,ORD-1712,20260429,5,11,3,4,Returning,3,72.0,0.05,Low (1-5%),2,216.0,10.8,205.2
713,ORD-1713,20261117,17,11,3,2,Returning,8,702.0,0.08,Medium (6-10%),3,5616.0,449.28,5166.72
714,ORD-1714,20260115,6,10,1,4,Returning,3,42.93,0.03,Low (1-5%),2,128.79,3.86,124.93
715,ORD-1715,20261206,1,4,1,3,Returning,3,56.75,0.08,Medium (6-10%),3,170.25,13.63,156.62
716,ORD-1716,20261124,28,7,2,3,Returning,4,55.08,0.2,High (>10%),4,220.32,44.06,176.26
717,ORD-1717,20260806,16,15,5,3,New,7,17.1,0.03,Low (1-5%),2,119.7,3.59,116.11
718,ORD-1718,20260108,18,10,1,1,Returning,8,168.48,0.1,Medium (6-10%),3,1347.84,134.78,1213.06
719,ORD-1719,20260918,28,11,3,2,Returning,6,56.16,0.05,Low (1-5%),2,336.96,16.85,320.11
720,ORD-1720,20261126,18,3,5,3,Returning,2,153.9,0.0,No discount,1,307.8,0.0,307.8
721,ORD-1721,20260923,10,14,4,3,Returning,5,2250.0,0.2,High (>10%),4,11250.0,2250.0,9000.0
722,ORD-1722,20260429,18,3,5,4,New,6,157.14,0.05,Low (1-5%),2,942.84,47.14,895.7
723,ORD-1723,20260703,12,13,5,4,Returning,3,522.0,0.0,No discount,1,1566.0,0.0,1566.0
724,ORD-1724,20261129,28,7,2,1,New,3,57.24,0.08,Medium (6-10%),3,171.72,13.74,157.98
725,ORD-1725,20260212,11,4,1,3,Returning,2,3052.8,0.08,Medium (6-10%),3,6105.6,488.45,5617.15
726,ORD-1726,20260811,4,11,3,2,Returning,3,49.5,0.15,High (>10%),4,148.5,22.27,126.23
727,ORD-1727,20260812,10,4,1,4,New,2,2295.0,0.1,Medium (6-10%),3,4590.0,459.0,4131.0
728,ORD-1728,20260114,8,8,1,4,Returning,2,1620.0,0.03,Low (1-5%),2,3240.0,97.2,3142.8
729,ORD-1729,20261127,24,9,4,1,Returning,11,7.63,0.1,Medium (6-10%),3,83.93,8.37,75.56
730,ORD-1730,20260202,25,8,1,3,Returning,7,273.6,0.05,Low (1-5%),2,1915.2,95.76,1819.44
731,ORD-1731,20260814,9,11,3,1,Returning,2,3931.2,0.1,Medium (6-10%),3,7862.4,786.24,7076.16
732,ORD-1732,20261126,26,15,5,3,Returning,4,413.1,0.1,Medium (6-10%),3,1652.4,165.24,1487.16
733,ORD-1733,20261106,25,2,2,3,New,4,288.0,0.05,Low (1-5%),2,1152.0,57.6,1094.4
734,ORD-1734,20260620,2,2,2,3,Returning,4,35.57,0.1,Medium (6-10%),3,142.28,14.24,128.04
735,ORD-1735,20260529,28,7,2,3,Returning,8,55.08,0.05,Low (1-5%),2,440.64,22.03,418.61
736,ORD-1736,20260209,2,11,3,2,Returning,8,34.2,0.1,Medium (6-10%),3,273.6,27.36,246.24
737,ORD-1737,20261110,15,11,3,4,Returning,3,1377.0,0.05,Low (1-5%),2,4131.0,206.55,3924.45
738,ORD-1738,20260226,25,10,1,4,Returning,4,305.28,0.03,Low (1-5%),2,1221.12,36.63,1184.49
739,ORD-1739,20261027,11,9,4,1,New,2,2937.6,0.05,Low (1-5%),2,5875.2,293.76,5581.44
740,ORD-1740,20261002,11,2,2,4,Returning,2,2880.0,0.0,No discount,1,5760.0,0.0,5760.0
741,ORD-1741,20261109,2,8,1,3,New,2,33.17,0.08,Medium (6-10%),3,66.34,5.3,61.04
742,ORD-1742,20260929,2,5,3,2,New,8,34.2,0.2,High (>10%),4,273.6,54.72,218.88
743,ORD-1743,20261129,1,3,5,3,Returning,4,58.5,0.1,Medium (6-10%),3,234.0,23.4,210.6
744,ORD-1744,20260821,5,14,4,3,Returning,5,72.0,0.03,Low (1-5%),2,360.0,10.8,349.2
745,ORD-1745,20260908,22,10,1,2,Returning,5,10.48,0.1,Medium (6-10%),3,52.4,5.26,47.14
746,ORD-1746,20260117,7,9,4,2,Returning,2,2862.0,0.1,Medium (6-10%),3,5724.0,572.4,5151.6
747,ORD-1747,20260923,26,4,1,4,Returning,2,405.0,0.03,Low (1-5%),2,810.0,24.3,785.7
748,ORD-1748,20261006,20,2,2,3,New,2,30.56,0.03,Low (1-5%),2,61.12,1.84,59.28
749,ORD-1749,20260807,14,2,2,4,Returning,2,655.2,0.1,Medium (6-10%),3,1310.4,131.04,1179.36
750,ORD-1750,20260104,11,5,3,3,Returning,3,2880.0,0.05,Low (1-5%),2,8640.0,432.0,8208.0
751,ORD-1751,20260902,1,8,1,3,New,2,59.67,0.03,Low (1-5%),2,119.34,3.58,115.76
752,ORD-1752,20261025,16,3,5,3,Returning,5,17.1,0.03,Low (1-5%),2,85.5,2.56,82.94
753,ORD-1753,20261013,3,10,1,2,Returning,6,13.5,0.03,Low (1-5%),2,81.0,2.43,78.57
754,ORD-1754,20261016,14,11,3,4,Returning,4,642.6,0.03,Low (1-5%),2,2570.4,77.11,2493.29
755,ORD-1755,20260623,1,6,4,4,Returning,3,58.5,0.1,Medium (6-10%),3,175.5,17.55,157.95
756,ORD-1756,20261127,28,14,4,3,Returning,4,55.08,0.1,Medium (6-10%),3,220.32,22.03,198.29
757,ORD-1757,20260512,24,8,1,2,Returning,9,7.49,0.05,Low (1-5%),2,67.41,3.39,64.02
758,ORD-1758,20260113,15,11,3,3,Returning,2,1309.5,0.08,Medium (6-10%),3,2619.0,209.52,2409.48
759,ORD-1759,20260123,18,7,2,3,New,2,162.0,0.03,Low (1-5%),2,324.0,9.72,314.28
760,ORD-1760,20260201,18,6,4,3,New,9,162.0,0.0,No discount,1,1458.0,0.0,1458.0
761,ORD-1761,20260306,20,14,4,2,New,6,32.76,0.1,Medium (6-10%),3,196.56,19.66,176.9
762,ORD-1762,20260831,13,6,4,3,Returning,6,726.75,0.05,Low (1-5%),2,4360.5,218.02,4142.48
763,ORD-1763,20260808,12,2,2,2,Returning,2,506.34,0.15,High (>10%),4,1012.68,151.9,860.78
764,ORD-1764,20260527,22,13,5,3,Returning,2,11.23,0.15,High (>10%),4,22.46,3.37,19.09
765,ORD-1765,20260613,11,10,1,3,Returning,3,2880.0,0.03,Low (1-5%),2,8640.0,259.2,8380.8
766,ORD-1766,20260722,9,8,1,1,Returning,5,3931.2,0.08,Medium (6-10%),3,19656.0,1572.48,18083.52
767,ORD-1767,20260402,10,7,2,1,Returning,2,2137.5,0.0,No discount,1,4275.0,0.0,4275.0
768,ORD-1768,20260915,12,6,4,1,Returning,2,522.0,0.15,High (>10%),4,1044.0,156.6,887.4
769,ORD-1769,20260915,4,12,2,3,Returning,3,49.5,0.03,Low (1-5%),2,148.5,4.45,144.05
770,ORD-1770,20260103,25,2,2,3,New,5,279.36,0.0,No discount,1,1396.8,0.0,1396.8
771,ORD-1771,20261203,14,5,3,1,Returning,4,598.5,0.15,High (>10%),4,2394.0,359.1,2034.9
772,ORD-1772,20260922,6,4,1,4,New,5,38.48,0.08,Medium (6-10%),3,192.4,15.41,176.99
773,ORD-1773,20260805,1,5,3,3,New,2,56.75,0.1,Medium (6-10%),3,113.5,11.36,102.14
774,ORD-1774,20260603,10,1,3,4,Returning,4,2250.0,0.05,Low (1-5%),2,9000.0,450.0,8550.0
775,ORD-1775,20260702,26,5,3,3,New,2,421.2,0.0,No discount,1,842.4,0.0,842.4
776,ORD-1776,20261121,7,13,5,3,Returning,5,2862.0,0.03,Low (1-5%),2,14310.0,429.3,13880.7
777,ORD-1777,20261030,14,10,1,3,Returning,2,630.0,0.08,Medium (6-10%),3,1260.0,100.8,1159.2
778,ORD-1778,20260528,18,13,5,3,New,4,168.48,0.08,Medium (6-10%),3,673.92,53.91,620.01
779,ORD-1779,20260108,9,1,3,4,Returning,2,3780.0,0.0,No discount,1,7560.0,0.0,7560.0
780,ORD-1780,20260707,18,11,3,3,New,2,165.24,0.03,Low (1-5%),2,330.48,9.91,320.57
781,ORD-1781,20260714,20,13,5,3,New,2,32.13,0.05,Low (1-5%),2,64.26,3.21,61.05
782,ORD-1782,20261226,15,3,5,1,Returning,2,1350.0,0.0,No discount,1,2700.0,0.0,2700.0
783,ORD-1783,20260701,1,5,3,2,Returning,2,58.5,0.0,No discount,1,117.0,0.0,117.0
784,ORD-1784,20260606,2,3,5,3,New,8,36.25,0.05,Low (1-5%),2,290.0,14.48,275.52
785,ORD-1785,20261202,14,14,4,3,Returning,4,630.0,0.1,Medium (6-10%),3,2520.0,252.0,2268.0
786,ORD-1786,20261014,13,8,1,1,Returning,2,765.0,0.08,Medium (6-10%),3,1530.0,122.4,1407.6
787,ORD-1787,20260418,13,7,2,3,New,2,765.0,0.1,Medium (6-10%),3,1530.0,153.0,1377.0
788,ORD-1788,20261016,23,14,4,4,Returning,3,17.17,0.2,High (>10%),4,51.51,10.3,41.21
789,ORD-1789,20260206,4,8,1,3,Returning,5,49.5,0.15,High (>10%),4,247.5,37.12,210.38
790,ORD-1790,20260716,9,3,5,3,New,2,3780.0,0.0,No discount,1,7560.0,0.0,7560.0
791,ORD-1791,20260922,13,5,3,1,New,2,765.0,0.08,Medium (6-10%),3,1530.0,122.4,1407.6
792,ORD-1792,20260111,7,1,3,3,Returning,2,2619.0,0.05,Low (1-5%),2,5238.0,261.9,4976.1
793,ORD-1793,20260314,27,9,4,3,Returning,5,81.0,0.1,Medium (6-10%),3,405.0,40.5,364.5
794,ORD-1794,20260411,10,15,5,1,New,2,2340.0,0.0,No discount,1,4680.0,0.0,4680.0
795,ORD-1795,20260111,15,5,3,1,Returning,2,1404.0,0.08,Medium (6-10%),3,2808.0,224.64,2583.36
796,ORD-1796,20260216,22,11,3,2,Returning,2,10.8,0.03,Low (1-5%),2,21.6,0.65,20.95
797,ORD-1797,20260429,3,4,1,4,Returning,2,13.5,0.0,No discount,1,27.0,0.0,27.0
798,ORD-1798,20261104,26,5,3,3,Returning,3,384.75,0.2,High (>10%),4,1154.25,230.85,923.4
799,ORD-1799,20260208,28,1,3,4,New,3,57.24,0.03,Low (1-5%),2,171.72,5.15,166.57
800,ORD-1800,20260522,18,8,1,2,Returning,4,168.48,0.2,High (>10%),4,673.92,134.78,539.14
801,ORD-1801,20260111,17,2,2,1,Returning,9,641.25,0.15,High (>10%),4,5771.25,865.69,4905.56
802,ORD-1802,20261225,27,10,1,3,Returning,4,84.24,0.0,No discount,1,336.96,0.0,336.96
803,ORD-1803,20261227,16,9,4,4,Returning,2,19.08,0.08,Medium (6-10%),3,38.16,3.05,35.11
804,ORD-1804,20260308,12,14,4,2,Returning,2,542.88,0.03,Low (1-5%),2,1085.76,32.57,1053.19
805,ORD-1805,20261129,6,2,2,2,Returning,6,40.5,0.2,High (>10%),4,243.0,48.6,194.4
806,ORD-1806,20260315,10,4,1,4,Returning,2,2182.5,0.2,High (>10%),4,4365.0,873.0,3492.0
807,ORD-1807,20260330,27,9,4,4,New,4,78.57,0.15,High (>10%),4,314.28,47.14,267.14
808,ORD-1808,20260310,12,10,1,3,New,2,532.44,0.08,Medium (6-10%),3,1064.88,85.19,979.69
809,ORD-1809,20261021,22,15,5,4,Returning,2,10.8,0.0,No discount,1,21.6,0.0,21.6
810,ORD-1810,20260519,8,4,1,1,New,2,1684.8,0.0,No discount,1,3369.6,0.0,3369.6
811,ORD-1811,20260708,10,8,1,2,New,2,2250.0,0.0,No discount,1,4500.0,0.0,4500.0
812,ORD-1812,20260527,15,10,1,2,Returning,3,1350.0,0.15,High (>10%),4,4050.0,607.5,3442.5
813,ORD-1813,20261101,18,6,4,2,New,4,162.0,0.1,Medium (6-10%),3,648.0,64.8,583.2
814,ORD-1814,20260126,25,6,4,2,New,7,273.6,0.1,Medium (6-10%),3,1915.2,191.52,1723.68
815,ORD-1815,20261010,18,8,1,1,Returning,7,165.24,0.08,Medium (6-10%),3,1156.68,92.53,1064.15
816,ORD-1816,20261013,18,5,3,1,New,4,157.14,0.1,Medium (6-10%),3,628.56,62.86,565.7
817,ORD-1817,20260211,10,4,1,1,Returning,2,2385.0,0.05,Low (1-5%),2,4770.0,238.5,4531.5
818,ORD-1818,20260326,26,13,5,1,New,7,405.0,0.2,High (>10%),4,2835.0,567.0,2268.0
819,ORD-1819,20261130,19,5,3,3,Returning,4,257.04,0.2,High (>10%),4,1028.16,205.63,822.53
820,ORD-1820,20260810,25,5,3,3,Returning,5,299.52,0.2,High (>10%),4,1497.6,299.52,1198.08
821,ORD-1821,20260925,27,12,2,2,Returning,2,82.62,0.0,No discount,1,165.24,0.0,165.24
822,ORD-1822,20260722,18,10,1,3,Returning,5,162.0,0.0,No discount,1,810.0,0.0,810.0
823,ORD-1823,20260316,8,10,1,1,New,2,1571.4,0.15,High (>10%),4,3142.8,471.42,2671.38
824,ORD-1824,20260327,24,13,5,4,Returning,2,7.63,0.1,Medium (6-10%),3,15.26,1.52,13.74
825,ORD-1825,20260926,26,15,5,1,New,12,405.0,0.1,Medium (6-10%),3,4860.0,486.0,4374.0
826,ORD-1826,20260726,26,14,4,3,Returning,6,405.0,0.0,No discount,1,2430.0,0.0,2430.0
827,ORD-1827,20261207,25,8,1,3,Returning,2,288.0,0.15,High (>10%),4,576.0,86.4,489.6
828,ORD-1828,20260915,20,11,3,4,New,5,31.5,0.08,Medium (6-10%),3,157.5,12.6,144.9
829,ORD-1829,20260704,5,5,3,2,New,4,72.0,0.05,Low (1-5%),2,288.0,14.4,273.6
830,ORD-1830,20260308,4,7,2,3,Returning,8,48.02,0.08,Medium (6-10%),3,384.16,30.77,353.39
831,ORD-1831,20260703,25,5,3,1,Returning,8,293.76,0.1,Medium (6-10%),3,2350.08,235.01,2115.07
832,ORD-1832,20260814,7,4,1,3,Returning,2,2700.0,0.0,No discount,1,5400.0,0.0,5400.0
833,ORD-1833,20260914,8,11,3,1,Returning,3,1620.0,0.03,Low (1-5%),2,4860.0,145.8,4714.2
834,ORD-1834,20260802,3,14,4,3,Returning,4,13.5,0.1,Medium (6-10%),3,54.0,5.4,48.6
835,ORD-1835,20260723,6,12,2,3,New,3,40.5,0.08,Medium (6-10%),3,121.5,9.72,111.78
836,ORD-1836,20260524,18,13,5,1,Returning,9,171.72,0.05,Low (1-5%),2,1545.48,77.27,1468.21
837,ORD-1837,20260507,3,13,5,3,Returning,5,13.77,0.03,Low (1-5%),2,68.85,2.07,66.78
838,ORD-1838,20260615,15,11,3,2,Returning,3,1404.0,0.1,Medium (6-10%),3,4212.0,421.2,3790.8
839,ORD-1839,20260428,21,11,3,3,Returning,5,21.83,0.15,High (>10%),4,109.15,16.39,92.76
840,ORD-1840,20260308,23,13,5,4,Returning,3,16.2,0.05,Low (1-5%),2,48.6,2.43,46.17
841,ORD-1841,20261123,21,11,3,3,New,5,23.4,0.15,High (>10%),4,117.0,17.55,99.45
842,ORD-1842,20261222,12,10,1,2,Returning,5,553.32,0.1,Medium (6-10%),3,2766.6,276.66,2489.94
843,ORD-1843,20260611,18,11,3,2,Returning,3,171.72,0.08,Medium (6-10%),3,515.16,41.21,473.95
844,ORD-1844,20260522,2,9,4,4,Returning,3,36.25,0.03,Low (1-5%),2,108.75,3.26,105.49
845,ORD-1845,20260913,26,11,3,3,Returning,7,429.3,0.1,Medium (6-10%),3,3005.1,300.51,2704.59
846,ORD-1846,20260520,10,2,2,3,New,2,2340.0,0.0,No discount,1,4680.0,0.0,4680.0
847,ORD-1847,20260317,13,2,2,3,New,2,765.0,0.03,Low (1-5%),2,1530.0,45.9,1484.1
848,ORD-1848,20260529,9,11,3,2,New,2,3780.0,0.1,Medium (6-10%),3,7560.0,756.0,6804.0
849,ORD-1849,20260528,4,15,5,3,New,7,50.49,0.0,No discount,1,353.43,0.0,353.43
850,ORD-1850,20261231,13,3,5,3,Returning,3,780.3,0.15,High (>10%),4,2340.9,351.13,1989.77
851,ORD-1851,20260730,19,13,5,2,New,2,252.0,0.08,Medium (6-10%),3,504.0,40.32,463.68
852,ORD-1852,20260422,4,8,1,4,Returning,3,49.5,0.0,No discount,1,148.5,0.0,148.5
853,ORD-1853,20260504,2,3,5,3,New,4,34.2,0.03,Low (1-5%),2,136.8,4.1,132.7
854,ORD-1854,20260926,7,11,3,1,Returning,2,2700.0,0.03,Low (1-5%),2,5400.0,162.0,5238.0
855,ORD-1855,20260704,6,10,1,4,Returning,3,42.12,0.03,Low (1-5%),2,126.36,3.79,122.57
856,ORD-1856,20260812,28,6,4,4,Returning,3,52.38,0.05,Low (1-5%),2,157.14,7.86,149.28
857,ORD-1857,20260809,3,9,4,3,New,2,13.77,0.05,Low (1-5%),2,27.54,1.38,26.16
858,ORD-1858,20260602,3,14,4,4,New,5,12.83,0.08,Medium (6-10%),3,64.15,5.15,59.0
859,ORD-1859,20260524,13,4,1,1,Returning,2,765.0,0.05,Low (1-5%),2,1530.0,76.5,1453.5
860,ORD-1860,20260224,22,12,2,3,Returning,5,10.8,0.15,High (>10%),4,54.0,8.1,45.9
861,ORD-1861,20261220,10,9,4,1,Returning,2,2137.5,0.08,Medium (6-10%),3,4275.0,342.0,3933.0
862,ORD-1862,20260429,2,3,5,2,Returning,4,36.25,0.0,No discount,1,145.0,-0.01,145.01
863,ORD-1863,20260114,2,12,2,2,Returning,3,34.2,0.2,High (>10%),4,102.6,20.52,82.08
864,ORD-1864,20261023,12,5,3,2,Returning,2,522.0,0.08,Medium (6-10%),3,1044.0,83.52,960.48
865,ORD-1865,20261013,12,2,2,3,New,3,553.32,0.08,Medium (6-10%),3,1659.96,132.8,1527.16
866,ORD-1866,20260804,5,6,4,3,New,3,72.0,0.05,Low (1-5%),2,216.0,10.8,205.2
867,ORD-1867,20260912,17,10,1,3,Returning,2,654.75,0.05,Low (1-5%),2,1309.5,65.47,1244.03
868,ORD-1868,20261112,27,11,3,1,Returning,6,81.0,0.0,No discount,1,486.0,0.0,486.0
869,ORD-1869,20260811,3,13,5,3,New,5,13.1,0.1,Medium (6-10%),3,65.5,6.57,58.93
870,ORD-1870,20260421,8,3,5,4,Returning,2,1620.0,0.1,Medium (6-10%),3,3240.0,324.0,2916.0
871,ORD-1871,20260803,14,15,5,4,New,2,630.0,0.1,Medium (6-10%),3,1260.0,126.0,1134.0
872,ORD-1872,20260316,10,4,1,3,New,2,2340.0,0.0,No discount,1,4680.0,0.0,4680.0
873,ORD-1873,20260801,25,12,2,1,Returning,9,273.6,0.05,Low (1-5%),2,2462.4,123.12,2339.28
874,ORD-1874,20260102,11,15,5,1,New,2,2880.0,0.08,Medium (6-10%),3,5760.0,460.8,5299.2
875,ORD-1875,20260110,11,8,1,3,Returning,2,2880.0,0.1,Medium (6-10%),3,5760.0,576.0,5184.0
876,ORD-1876,20261011,26,6,4,3,New,6,384.75,0.03,Low (1-5%),2,2308.5,69.25,2239.25
877,ORD-1877,20260227,4,9,4,3,New,3,49.5,0.03,Low (1-5%),2,148.5,4.45,144.05
878,ORD-1878,20260629,17,15,5,2,Returning,8,654.75,0.05,Low (1-5%),2,5238.0,261.9,4976.1
879,ORD-1879,20260408,1,14,4,2,New,3,58.5,0.05,Low (1-5%),2,175.5,8.77,166.73
880,ORD-1880,20260509,11,8,1,1,Returning,4,2880.0,0.1,Medium (6-10%),3,11520.0,1152.0,10368.0
881,ORD-1881,20261123,17,8,1,1,Returning,5,688.5,0.08,Medium (6-10%),3,3442.5,275.4,3167.1
882,ORD-1882,20260411,1,2,2,2,New,5,58.5,0.05,Low (1-5%),2,292.5,14.62,277.88
883,ORD-1883,20260623,3,10,1,4,Returning,3,13.5,0.08,Medium (6-10%),3,40.5,3.24,37.26
884,ORD-1884,20260718,25,12,2,3,New,2,279.36,0.0,No discount,1,558.72,0.0,558.72
885,ORD-1885,20260516,1,10,1,2,New,3,58.5,0.15,High (>10%),4,175.5,26.32,149.18
886,ORD-1886,20261230,26,2,2,3,New,3,405.0,0.0,No discount,1,1215.0,0.0,1215.0
887,ORD-1887,20260523,13,11,3,4,Returning,2,726.75,0.0,No discount,1,1453.5,0.0,1453.5
888,ORD-1888,20260219,13,8,1,4,Returning,2,765.0,0.08,Medium (6-10%),3,1530.0,122.4,1407.6
889,ORD-1889,20261023,25,5,3,3,New,2,288.0,0.1,Medium (6-10%),3,576.0,57.6,518.4
890,ORD-1890,20261215,13,12,2,2,Returning,5,795.6,0.05,Low (1-5%),2,3978.0,198.9,3779.1
891,ORD-1891,20260731,1,1,3,3,Returning,6,56.75,0.05,Low (1-5%),2,340.5,17.05,323.45
892,ORD-1892,20260913,25,10,1,3,Returning,2,288.0,0.0,No discount,1,576.0,0.0,576.0
893,ORD-1893,20261110,5,5,3,3,Returning,5,68.4,0.03,Low (1-5%),2,342.0,10.26,331.74
894,ORD-1894,20260330,14,1,3,3,Returning,2,598.5,0.0,No discount,1,1197.0,0.0,1197.0
895,ORD-1895,20261201,4,15,5,2,Returning,8,50.49,0.1,Medium (6-10%),3,403.92,40.39,363.53
896,ORD-1896,20260529,5,15,5,3,Returning,3,74.88,0.15,High (>10%),4,224.64,33.7,190.94
897,ORD-1897,20260504,17,13,5,3,Returning,6,675.0,0.08,Medium (6-10%),3,4050.0,324.0,3726.0
898,ORD-1898,20260331,15,2,2,2,Returning,4,1431.0,0.05,Low (1-5%),2,5724.0,286.2,5437.8
899,ORD-1899,20260831,10,2,2,2,Returning,4,2182.5,0.08,Medium (6-10%),3,8730.0,698.4,8031.6
900,ORD-1900,20260102,19,1,3,2,Returning,2,267.12,0.05,Low (1-5%),2,534.24,26.71,507.53
901,ORD-1901,20260903,27,2,2,3,New,9,81.0,0.2,High (>10%),4,729.0,145.8,583.2
902,ORD-1902,20260509,8,10,1,2,Returning,2,1684.8,0.08,Medium (6-10%),3,3369.6,269.57,3100.03
903,ORD-1903,20261202,4,7,2,4,New,3,52.47,0.1,Medium (6-10%),3,157.41,15.74,141.67
904,ORD-1904,20260121,13,1,3,1,Returning,2,742.05,0.03,Low (1-5%),2,1484.1,44.52,1439.58
905,ORD-1905,20260811,14,6,4,4,New,2,611.1,0.1,Medium (6-10%),3,1222.2,122.22,1099.98
906,ORD-1906,20260710,25,9,4,3,New,2,305.28,0.05,Low (1-5%),2,610.56,30.53,580.03
907,ORD-1907,20260316,18,1,3,3,Returning,7,153.9,0.05,Low (1-5%),2,1077.3,53.86,1023.44
908,ORD-1908,20260712,28,11,3,2,Returning,4,54.0,0.03,Low (1-5%),2,216.0,6.48,209.52
909,ORD-1909,20260304,15,6,4,1,Returning,4,1350.0,0.0,No discount,1,5400.0,0.0,5400.0
910,ORD-1910,20260525,13,6,4,3,Returning,2,795.6,0.08,Medium (6-10%),3,1591.2,127.3,1463.9
911,ORD-1911,20261118,25,10,1,4,New,4,293.76,0.15,High (>10%),4,1175.04,176.26,998.78
912,ORD-1912,20261024,18,3,5,3,Returning,2,165.24,0.2,High (>10%),4,330.48,66.1,264.38
913,ORD-1913,20260424,4,11,3,4,Returning,2,48.02,0.1,Medium (6-10%),3,96.04,9.61,86.43
914,ORD-1914,20260618,1,3,5,4,New,3,55.58,0.08,Medium (6-10%),3,166.74,13.35,153.39
915,ORD-1915,20261117,18,8,1,3,Returning,3,168.48,0.15,High (>10%),4,505.44,75.82,429.62
916,ORD-1916,20260725,7,9,4,2,Returning,2,2700.0,0.05,Low (1-5%),2,5400.0,270.0,5130.0
917,ORD-1917,20260914,19,13,5,1,Returning,11,244.44,0.0,No discount,1,2688.84,0.0,2688.84
918,ORD-1918,20260130,19,9,4,4,Returning,4,267.12,0.1,Medium (6-10%),3,1068.48,106.85,961.63
919,ORD-1919,20260414,9,1,3,1,Returning,2,3666.6,0.1,Medium (6-10%),3,7333.2,733.32,6599.88
920,ORD-1920,20260627,17,3,5,1,Returning,6,675.0,0.1,Medium (6-10%),3,4050.0,405.0,3645.0
921,ORD-1921,20261126,19,10,1,1,New,3,239.4,0.15,High (>10%),4,718.2,107.73,610.47
922,ORD-1922,20261120,7,14,4,3,Returning,2,2808.0,0.1,Medium (6-10%),3,5616.0,561.6,5054.4
923,ORD-1923,20261119,27,12,2,2,Returning,4,82.62,0.08,Medium (6-10%),3,330.48,26.44,304.04
924,ORD-1924,20260509,20,12,2,4,Returning,8,31.5,0.03,Low (1-5%),2,252.0,7.56,244.44
925,ORD-1925,20260101,26,3,5,4,New,2,421.2,0.08,Medium (6-10%),3,842.4,67.39,775.01
926,ORD-1926,20260925,5,6,4,3,Returning,5,72.0,0.1,Medium (6-10%),3,360.0,36.0,324.0
927,ORD-1927,20261022,5,11,3,3,New,2,69.84,0.15,High (>10%),4,139.68,20.95,118.73
928,ORD-1928,20261002,22,6,4,3,New,2,11.23,0.08,Medium (6-10%),3,22.46,1.79,20.67
929,ORD-1929,20260131,23,15,5,3,Returning,2,16.2,0.0,No discount,1,32.4,0.0,32.4
930,ORD-1930,20260921,18,12,2,3,Returning,2,153.9,0.1,Medium (6-10%),3,307.8,30.78,277.02
931,ORD-1931,20260103,2,12,2,4,Returning,7,33.17,0.0,No discount,1,232.19,-0.03,232.22
932,ORD-1932,20260324,6,3,5,3,New,5,41.31,0.05,Low (1-5%),2,206.55,10.33,196.22
933,ORD-1933,20261016,1,7,2,2,Returning,8,58.5,0.0,No discount,1,468.0,0.0,468.0
934,ORD-1934,20260526,15,1,3,1,Returning,3,1377.0,0.08,Medium (6-10%),3,4131.0,330.48,3800.52
935,ORD-1935,20261203,6,9,4,4,New,4,40.5,0.03,Low (1-5%),2,162.0,4.86,157.14
936,ORD-1936,20261217,10,6,4,3,New,2,2295.0,0.05,Low (1-5%),2,4590.0,229.5,4360.5
937,ORD-1937,20260525,25,14,4,3,Returning,4,305.28,0.03,Low (1-5%),2,1221.12,36.63,1184.49
938,ORD-1938,20260813,12,6,4,3,New,3,542.88,0.03,Low (1-5%),2,1628.64,48.86,1579.78
939,ORD-1939,20260203,12,8,1,4,Returning,2,553.32,0.03,Low (1-5%),2,1106.64,33.2,1073.44
940,ORD-1940,20260104,18,14,4,1,Returning,4,162.0,0.2,High (>10%),4,648.0,129.6,518.4
941,ORD-1941,20261130,14,2,2,3,New,2,630.0,0.15,High (>10%),4,1260.0,189.0,1071.0
942,ORD-1942,20260225,27,14,4,4,Returning,6,85.86,0.2,High (>10%),4,515.16,103.03,412.13
943,ORD-1943,20261120,2,5,3,3,Returning,2,35.57,0.03,Low (1-5%),2,71.14,2.14,69.0
944,ORD-1944,20261211,26,4,1,4,New,7,405.0,0.0,No discount,1,2835.0,0.0,2835.0
945,ORD-1945,20260312,10,6,4,1,Returning,2,2250.0,0.03,Low (1-5%),2,4500.0,135.0,4365.0
946,ORD-1946,20261125,26,2,2,2,Returning,4,405.0,0.1,Medium (6-10%),3,1620.0,162.0,1458.0
947,ORD-1947,20260524,28,12,2,3,Returning,4,54.0,0.1,Medium (6-10%),3,216.0,21.6,194.4
948,ORD-1948,20260309,4,10,1,3,New,3,49.5,0.03,Low (1-5%),2,148.5,4.45,144.05
949,ORD-1949,20261017,13,8,1,1,New,5,742.05,0.03,Low (1-5%),2,3710.25,111.31,3598.94
950,ORD-1950,20260615,2,10,1,4,Returning,2,35.57,0.05,Low (1-5%),2,71.14,3.56,67.58
951,ORD-1951,20260509,4,7,2,3,New,3,49.5,0.05,Low (1-5%),2,148.5,7.42,141.08
952,ORD-1952,20260906,4,1,3,4,New,4,51.48,0.0,No discount,1,205.92,0.0,205.92
953,ORD-1953,20260205,9,3,5,1,Returning,2,3780.0,0.08,Medium (6-10%),3,7560.0,604.8,6955.2
954,ORD-1954,20260407,11,13,5,1,Returning,2,2736.0,0.03,Low (1-5%),2,5472.0,164.16,5307.84
955,ORD-1955,20260802,13,4,1,1,Returning,2,765.0,0.03,Low (1-5%),2,1530.0,45.9,1484.1
956,ORD-1956,20261005,3,13,5,3,New,5,14.31,0.1,Medium (6-10%),3,71.55,7.15,64.4
957,ORD-1957,20261104,12,3,5,3,New,2,553.32,0.0,No discount,1,1106.64,0.0,1106.64
958,ORD-1958,20260611,19,15,5,2,Returning,6,267.12,0.08,Medium (6-10%),3,1602.72,128.22,1474.5
959,ORD-1959,20261119,13,3,5,3,New,2,742.05,0.15,High (>10%),4,1484.1,222.61,1261.49
960,ORD-1960,20260624,9,6,4,4,Returning,3,3591.0,0.05,Low (1-5%),2,10773.0,538.65,10234.35
961,ORD-1961,20261125,15,15,5,2,Returning,2,1282.5,0.08,Medium (6-10%),3,2565.0,205.2,2359.8
962,ORD-1962,20260509,27,6,4,3,Returning,2,82.62,0.0,No discount,1,165.24,0.0,165.24
963,ORD-1963,20260909,13,8,1,1,Returning,5,765.0,0.05,Low (1-5%),2,3825.0,191.25,3633.75
964,ORD-1964,20260614,15,8,1,3,New,2,1309.5,0.08,Medium (6-10%),3,2619.0,209.52,2409.48
965,ORD-1965,20260104,8,2,2,1,Returning,2,1620.0,0.05,Low (1-5%),2,3240.0,162.0,3078.0
966,ORD-1966,20260201,12,11,3,2,New,2,542.88,0.15,High (>10%),4,1085.76,162.86,922.9
967,ORD-1967,20261204,17,10,1,1,Returning,10,654.75,0.03,Low (1-5%),2,6547.5,196.42,6351.08
968,ORD-1968,20260319,17,4,1,3,New,3,702.0,0.15,High (>10%),4,2106.0,315.9,1790.1
969,ORD-1969,20261130,28,14,4,3,Returning,5,54.0,0.05,Low (1-5%),2,270.0,13.5,256.5
970,ORD-1970,20260706,25,14,4,3,Returning,5,299.52,0.15,High (>10%),4,1497.6,224.64,1272.96
971,ORD-1971,20260215,8,3,5,4,Returning,2,1684.8,0.2,High (>10%),4,3369.6,673.92,2695.68
972,ORD-1972,20260118,8,5,3,1,New,2,1620.0,0.05,Low (1-5%),2,3240.0,162.0,3078.0
973,ORD-1973,20260719,3,10,1,3,Returning,3,12.83,0.1,Medium (6-10%),3,38.49,3.86,34.63
974,ORD-1974,20260206,5,5,3,3,Returning,6,69.84,0.1,Medium (6-10%),3,419.04,41.9,377.14
975,ORD-1975,20260205,25,11,3,4,Returning,4,288.0,0.2,High (>10%),4,1152.0,230.4,921.6
976,ORD-1976,20260322,26,15,5,3,Returning,4,429.3,0.03,Low (1-5%),2,1717.2,51.52,1665.68
977,ORD-1977,20260120,6,8,1,4,New,3,42.93,0.15,High (>10%),4,128.79,19.32,109.47
978,ORD-1978,20260606,23,4,1,2,Returning,3,15.71,0.1,Medium (6-10%),3,47.13,4.7,42.43
979,ORD-1979,20260324,14,13,5,3,Returning,2,667.8,0.08,Medium (6-10%),3,1335.6,106.85,1228.75
980,ORD-1980,20260722,14,9,4,4,Returning,2,630.0,0.05,Low (1-5%),2,1260.0,63.0,1197.0
981,ORD-1981,20260619,12,9,4,1,Returning,5,532.44,0.08,Medium (6-10%),3,2662.2,212.98,2449.22
982,ORD-1982,20260106,15,4,1,3,Returning,3,1404.0,0.03,Low (1-5%),2,4212.0,126.36,4085.64
983,ORD-1983,20260524,3,7,2,4,Returning,7,13.5,0.0,No discount,1,94.5,0.0,94.5
984,ORD-1984,20260731,16,7,2,1,Returning,10,18.0,0.08,Medium (6-10%),3,180.0,14.4,165.6
985,ORD-1985,20260520,25,10,1,3,New,4,279.36,0.05,Low (1-5%),2,1117.44,55.87,1061.57
986,ORD-1986,20260625,21,1,3,1,Returning,10,22.5,0.08,Medium (6-10%),3,225.0,18.0,207.0
987,ORD-1987,20260212,2,7,2,3,Returning,7,32.49,0.05,Low (1-5%),2,227.43,11.37,216.06
988,ORD-1988,20260506,9,8,1,4,New,2,3780.0,0.15,High (>10%),4,7560.0,1134.0,6426.0
989,ORD-1989,20261126,19,4,1,3,New,2,252.0,0.03,Low (1-5%),2,504.0,15.12,488.88
990,ORD-1990,20260514,27,2,2,2,New,6,81.0,0.08,Medium (6-10%),3,486.0,38.88,447.12
991,ORD-1991,20261207,4,12,2,4,New,6,51.48,0.05,Low (1-5%),2,308.88,15.44,293.44
992,ORD-1992,20261010,12,1,3,4,New,4,522.0,0.03,Low (1-5%),2,2088.0,62.64,2025.36
993,ORD-1993,20261206,5,5,3,2,Returning,6,72.0,0.2,High (>10%),4,432.0,86.4,345.6
994,ORD-1994,20260520,15,11,3,1,New,2,1282.5,0.05,Low (1-5%),2,2565.0,128.25,2436.75
995,ORD-1995,20260525,11,5,3,3,Returning,2,2880.0,0.1,Medium (6-10%),3,5760.0,576.0,5184.0
996,ORD-1996,20261123,4,4,1,2,New,7,48.02,0.08,Medium (6-10%),3,336.14,26.92,309.22
997,ORD-1997,20260204,9,11,3,4,New,3,3780.0,0.1,Medium (6-10%),3,11340.0,1134.0,10206.0
998,ORD-1998,20260201,14,1,3,1,New,3,598.5,0.0,No discount,1,1795.5,0.0,1795.5
999,ORD-1999,20260914,5,15,5,4,New,3,73.44,0.03,Low (1-5%),2,220.32,6.61,213.71
1000,ORD-2000,20260304,24,7,2,3,Returning,9,6.84,0.0,No discount,1,61.56,0.0,61.56
1001,ORD-2001,20260204,2,1,3,3,New,9,34.2,0.0,No discount,1,307.8,0.0,307.8
1002,ORD-2002,20260406,3,3,5,3,Returning,7,13.77,0.15,High (>10%),4,96.39,14.46,81.93
1003,ORD-2003,20261209,15,4,1,3,Returning,3,1377.0,0.05,Low (1-5%),2,4131.0,206.55,3924.45
1004,ORD-2004,20260514,1,15,5,4,New,3,58.5,0.05,Low (1-5%),2,175.5,8.77,166.73
1005,ORD-2005,20260527,14,8,1,3,New,2,611.1,0.1,Medium (6-10%),3,1222.2,122.22,1099.98
1006,ORD-2006,20260413,23,6,4,2,New,2,17.17,0.05,Low (1-5%),2,34.34,1.71,32.63
1007,ORD-2007,20260701,26,6,4,1,Returning,14,413.1,0.15,High (>10%),4,5783.4,867.51,4915.89
1008,ORD-2008,20261230,3,9,4,1,New,12,14.04,0.15,High (>10%),4,168.48,25.27,143.21
1009,ORD-2009,20261026,27,5,3,4,Returning,4,84.24,0.05,Low (1-5%),2,336.96,16.85,320.11
1010,ORD-2010,20260413,20,7,2,2,New,2,31.5,0.05,Low (1-5%),2,63.0,3.15,59.85
1011,ORD-2011,20260419,26,6,4,4,Returning,3,392.85,0.08,Medium (6-10%),3,1178.55,94.28,1084.27
1012,ORD-2012,20261115,18,12,2,4,Returning,3,162.0,0.1,Medium (6-10%),3,486.0,48.6,437.4
1013,ORD-2013,20260420,2,7,2,2,Returning,6,34.2,0.03,Low (1-5%),2,205.2,6.16,199.04
1014,ORD-2014,20260328,3,7,2,3,New,4,14.31,0.0,No discount,1,57.24,0.0,57.24
1015,ORD-2015,20260331,28,15,5,3,New,4,51.3,0.03,Low (1-5%),2,205.2,6.16,199.04
1016,ORD-2016,20260407,9,12,2,3,New,2,3666.6,0.1,Medium (6-10%),3,7333.2,733.32,6599.88
1017,ORD-2017,20260120,27,4,1,3,Returning,4,81.0,0.0,No discount,1,324.0,0.0,324.0
1018,ORD-2018,20260504,24,10,1,3,Returning,7,7.34,0.05,Low (1-5%),2,51.38,2.54,48.84
1019,ORD-2019,20260124,17,5,3,1,Returning,8,702.0,0.03,Low (1-5%),2,5616.0,168.48,5447.52
1020,ORD-2020,20261120,7,2,2,4,Returning,4,2700.0,0.05,Low (1-5%),2,10800.0,540.0,10260.0
1021,ORD-2021,20261103,27,15,5,3,New,2,82.62,0.05,Low (1-5%),2,165.24,8.26,156.98
1022,ORD-2022,20261221,1,7,2,3,Returning,5,58.5,0.08,Medium (6-10%),3,292.5,23.4,269.1
1023,ORD-2023,20260920,4,14,4,3,New,4,49.5,0.05,Low (1-5%),2,198.0,9.9,188.1
1024,ORD-2024,20261129,27,2,2,3,Returning,2,78.57,0.0,No discount,1,157.14,0.0,157.14
1025,ORD-2025,20260601,18,4,1,3,Returning,2,165.24,0.08,Medium (6-10%),3,330.48,26.44,304.04
1026,ORD-2026,20260409,26,6,4,2,New,2,384.75,0.15,High (>10%),4,769.5,115.42,654.08
1027,ORD-2027,20261221,13,7,2,2,New,3,765.0,0.1,Medium (6-10%),3,2295.0,229.5,2065.5
1028,ORD-2028,20260102,9,12,2,3,Returning,2,3780.0,0.08,Medium (6-10%),3,7560.0,604.8,6955.2
1029,ORD-2029,20260416,14,14,4,4,Returning,2,630.0,0.03,Low (1-5%),2,1260.0,37.8,1222.2
1030,ORD-2030,20260212,7,4,1,1,Returning,2,2700.0,0.1,Medium (6-10%),3,5400.0,540.0,4860.0
1031,ORD-2031,20260605,20,11,3,3,Returning,9,31.5,0.1,Medium (6-10%),3,283.5,28.35,255.15
1032,ORD-2032,20260509,5,11,3,4,Returning,8,68.4,0.05,Low (1-5%),2,547.2,27.36,519.84
1033,ORD-2033,20260127,18,8,1,3,New,4,171.72,0.1,Medium (6-10%),3,686.88,68.69,618.19
1034,ORD-2034,20261223,8,13,5,2,Returning,3,1571.4,0.2,High (>10%),4,4714.2,942.84,3771.36
1035,ORD-2035,20261209,1,10,1,1,New,6,59.67,0.08,Medium (6-10%),3,358.02,28.64,329.38
1036,ORD-2036,20260309,7,13,5,3,Returning,2,2754.0,0.05,Low (1-5%),2,5508.0,275.4,5232.6
1037,ORD-2037,20260121,22,15,5,3,Returning,3,10.8,0.0,No discount,1,32.4,0.0,32.4
1038,ORD-2038,20261010,13,5,3,4,New,2,726.75,0.05,Low (1-5%),2,1453.5,72.67,1380.83
1039,ORD-2039,20260603,25,11,3,1,Returning,8,293.76,0.1,Medium (6-10%),3,2350.08,235.01,2115.07
1040,ORD-2040,20261127,27,11,3,3,Returning,4,82.62,0.05,Low (1-5%),2,330.48,16.52,313.96
1041,ORD-2041,20260225,9,13,5,4,Returning,2,3666.6,0.2,High (>10%),4,7333.2,1466.64,5866.56
1042,ORD-2042,20260223,23,6,4,3,Returning,5,16.85,0.0,No discount,1,84.25,0.01,84.24
1043,ORD-2043,20260729,8,8,1,4,Returning,2,1684.8,0.05,Low (1-5%),2,3369.6,168.48,3201.12
1044,ORD-2044,20260204,20,14,4,1,New,7,33.39,0.08,Medium (6-10%),3,233.73,18.7,215.03
1045,ORD-2045,20260725,5,3,5,2,Returning,8,68.4,0.0,No discount,1,547.2,0.0,547.2
1046,ORD-2046,20260223,6,14,4,3,Returning,3,40.5,0.03,Low (1-5%),2,121.5,3.64,117.86
1047,ORD-2047,20261113,16,4,1,3,Returning,2,18.72,0.1,Medium (6-10%),3,37.44,3.74,33.7
1048,ORD-2048,20260101,21,13,5,4,Returning,3,22.5,0.0,No discount,1,67.5,0.0,67.5
1049,ORD-2049,20260810,9,11,3,1,Returning,3,3780.0,0.15,High (>10%),4,11340.0,1701.0,9639.0
1050,ORD-2050,20260217,5,3,5,1,Returning,4,72.0,0.08,Medium (6-10%),3,288.0,23.04,264.96
1051,ORD-2051,20260320,20,10,1,1,Returning,7,31.5,0.0,No discount,1,220.5,0.0,220.5
1052,ORD-2052,20260813,14,14,4,3,Returning,5,630.0,0.05,Low (1-5%),2,3150.0,157.5,2992.5
1053,ORD-2053,20260616,27,15,5,2,Returning,4,81.0,0.0,No discount,1,324.0,0.0,324.0
1054,ORD-2054,20260616,21,2,2,1,New,8,21.83,0.05,Low (1-5%),2,174.64,8.77,165.87
1055,ORD-2055,20260308,24,1,3,4,Returning,2,7.2,0.05,Low (1-5%),2,14.4,0.72,13.68
1056,ORD-2056,20261105,12,8,1,3,Returning,3,522.0,0.1,Medium (6-10%),3,1566.0,156.6,1409.4
1057,ORD-2057,20261107,12,4,1,3,Returning,2,506.34,0.0,No discount,1,1012.68,0.0,1012.68
1058,ORD-2058,20260610,21,7,2,3,New,7,21.38,0.05,Low (1-5%),2,149.66,7.52,142.14
1059,ORD-2059,20261116,6,5,3,2,Returning,9,42.12,0.1,Medium (6-10%),3,379.08,37.91,341.17
1060,ORD-2060,20261104,5,2,2,3,Returning,6,72.0,0.2,High (>10%),4,432.0,86.4,345.6
1061,ORD-2061,20260907,25,12,2,3,New,4,288.0,0.1,Medium (6-10%),3,1152.0,115.2,1036.8
1062,ORD-2062,20260605,10,1,3,3,Returning,2,2250.0,0.05,Low (1-5%),2,4500.0,225.0,4275.0
1063,ORD-2063,20260220,13,2,2,3,New,3,780.3,0.15,High (>10%),4,2340.9,351.13,1989.77
1064,ORD-2064,20260430,27,4,1,4,New,4,81.0,0.05,Low (1-5%),2,324.0,16.2,307.8
1065,ORD-2065,20260502,13,5,3,3,New,2,795.6,0.08,Medium (6-10%),3,1591.2,127.3,1463.9
1066,ORD-2066,20260831,13,4,1,2,Returning,4,726.75,0.2,High (>10%),4,2907.0,581.4,2325.6
1067,ORD-2067,20261220,11,5,3,3,Returning,2,2880.0,0.08,Medium (6-10%),3,5760.0,460.8,5299.2
1068,ORD-2068,20261006,9,2,2,3,Returning,2,4006.8,0.15,High (>10%),4,8013.6,1202.04,6811.56
1069,ORD-2069,20260729,28,2,2,3,New,6,54.0,0.05,Low (1-5%),2,324.0,16.2,307.8
1070,ORD-2070,20260909,11,3,5,4,Returning,3,2937.6,0.1,Medium (6-10%),3,8812.8,881.28,7931.52
1071,ORD-2071,20260710,2,12,2,2,Returning,7,34.2,0.2,High (>10%),4,239.4,47.88,191.52
1072,ORD-2072,20260617,20,1,3,4,New,4,29.93,0.0,No discount,1,119.72,0.02,119.7
1073,ORD-2073,20260913,26,1,3,1,New,16,429.3,0.08,Medium (6-10%),3,6868.8,549.5,6319.3
1074,ORD-2074,20260324,6,4,1,1,Returning,10,40.5,0.03,Low (1-5%),2,405.0,12.15,392.85
1075,ORD-2075,20260227,6,10,1,3,Returning,9,40.5,0.03,Low (1-5%),2,364.5,10.93,353.57
1076,ORD-2076,20261110,28,10,1,2,New,8,51.3,0.05,Low (1-5%),2,410.4,20.52,389.88
1077,ORD-2077,20260309,10,5,3,1,New,2,2385.0,0.08,Medium (6-10%),3,4770.0,381.6,4388.4
1078,ORD-2078,20260607,5,13,5,2,Returning,2,73.44,0.08,Medium (6-10%),3,146.88,11.75,135.13
1079,ORD-2079,20260215,2,11,3,2,New,5,32.49,0.1,Medium (6-10%),3,162.45,16.24,146.21
1080,ORD-2080,20260915,22,1,3,1,New,6,10.8,0.05,Low (1-5%),2,64.8,3.24,61.56
1081,ORD-2081,20260503,10,2,2,4,Returning,5,2250.0,0.03,Low (1-5%),2,11250.0,337.5,10912.5
1082,ORD-2082,20260416,13,14,4,3,Returning,5,726.75,0.08,Medium (6-10%),3,3633.75,290.7,3343.05
1083,ORD-2083,20260707,28,10,1,4,Returning,3,54.0,0.2,High (>10%),4,162.0,32.4,129.6
1084,ORD-2084,20261126,2,9,4,4,New,7,32.49,0.08,Medium (6-10%),3,227.43,18.19,209.24
1085,ORD-2085,20260503,26,12,2,3,Returning,5,413.1,0.08,Medium (6-10%),3,2065.5,165.24,1900.26
1086,ORD-2086,20260316,16,14,4,1,New,7,18.0,0.03,Low (1-5%),2,126.0,3.78,122.22
1087,ORD-2087,20260620,10,2,2,4,Returning,3,2250.0,0.1,Medium (6-10%),3,6750.0,675.0,6075.0
1088,ORD-2088,20261009,19,5,3,2,New,3,262.08,0.05,Low (1-5%),2,786.24,39.31,746.93
1089,ORD-2089,20260106,13,11,3,3,New,2,765.0,0.05,Low (1-5%),2,1530.0,76.5,1453.5
1090,ORD-2090,20261012,9,4,1,3,New,2,3591.0,0.05,Low (1-5%),2,7182.0,359.1,6822.9
1091,ORD-2091,20260304,25,11,3,2,Returning,2,293.76,0.03,Low (1-5%),2,587.52,17.63,569.89
1092,ORD-2092,20260622,9,14,4,3,Returning,3,3780.0,0.03,Low (1-5%),2,11340.0,340.2,10999.8
1093,ORD-2093,20260530,23,5,3,1,Returning,8,16.85,0.05,Low (1-5%),2,134.8,6.76,128.04
1094,ORD-2094,20261019,2,5,3,2,New,4,34.88,0.0,No discount,1,139.52,-0.02,139.54
1095,ORD-2095,20261030,2,11,3,3,Returning,2,35.57,0.05,Low (1-5%),2,71.14,3.56,67.58
1096,ORD-2096,20261006,9,14,4,1,Returning,2,3780.0,0.1,Medium (6-10%),3,7560.0,756.0,6804.0
1097,ORD-2097,20260306,12,6,4,1,Returning,2,522.0,0.1,Medium (6-10%),3,1044.0,104.4,939.6
1098,ORD-2098,20260109,20,7,2,2,Returning,3,32.76,0.08,Medium (6-10%),3,98.28,7.86,90.42
1099,ORD-2099,20261130,7,2,2,3,Returning,2,2754.0,0.03,Low (1-5%),2,5508.0,165.24,5342.76
1100,ORD-2100,20260713,16,8,1,3,New,4,18.0,0.05,Low (1-5%),2,72.0,3.6,68.4
1101,ORD-2101,20260615,7,6,4,3,Returning,2,2754.0,0.05,Low (1-5%),2,5508.0,275.4,5232.6
1102,ORD-2102,20260110,2,2,2,3,New,4,34.2,0.05,Low (1-5%),2,136.8,6.84,129.96
1103,ORD-2103,20261018,3,3,5,3,New,4,13.5,0.03,Low (1-5%),2,54.0,1.62,52.38
1104,ORD-2104,20260515,24,15,5,3,Returning,2,7.63,0.03,Low (1-5%),2,15.26,0.45,14.81
1105,ORD-2105,20260324,19,3,5,2,Returning,7,257.04,0.1,Medium (6-10%),3,1799.28,179.93,1619.35
1106,ORD-2106,20260606,23,8,1,3,Returning,6,15.71,0.1,Medium (6-10%),3,94.26,9.4,84.86
1107,ORD-2107,20260818,9,10,1,3,Returning,3,3780.0,0.05,Low (1-5%),2,11340.0,567.0,10773.0
1108,ORD-2108,20260609,16,6,4,1,Returning,3,18.0,0.03,Low (1-5%),2,54.0,1.62,52.38
1109,ORD-2109,20260909,10,14,4,4,Returning,2,2250.0,0.03,Low (1-5%),2,4500.0,135.0,4365.0
1110,ORD-2110,20260824,28,3,5,2,Returning,3,56.16,0.08,Medium (6-10%),3,168.48,13.48,155.0
1111,ORD-2111,20261205,13,10,1,3,Returning,2,795.6,0.0,No discount,1,1591.2,0.0,1591.2
1112,ORD-2112,20261221,28,7,2,2,New,3,54.0,0.05,Low (1-5%),2,162.0,8.1,153.9
1113,ORD-2113,20260506,11,15,5,3,New,2,2880.0,0.08,Medium (6-10%),3,5760.0,460.8,5299.2
1114,ORD-2114,20260518,1,11,3,4,Returning,9,58.5,0.08,Medium (6-10%),3,526.5,42.12,484.38
1115,ORD-2115,20261125,13,3,5,1,Returning,5,795.6,0.05,Low (1-5%),2,3978.0,198.9,3779.1
1116,ORD-2116,20260922,5,8,1,2,Returning,2,74.88,0.05,Low (1-5%),2,149.76,7.49,142.27
1117,ORD-2117,20260430,5,7,2,2,New,5,73.44,0.1,Medium (6-10%),3,367.2,36.72,330.48
1118,ORD-2118,20261113,6,12,2,4,Returning,2,40.5,0.1,Medium (6-10%),3,81.0,8.1,72.9
1119,ORD-2119,20260824,3,14,4,3,Returning,5,14.31,0.2,High (>10%),4,71.55,14.31,57.24
1120,ORD-2120,20261029,1,4,1,4,Returning,3,62.01,0.15,High (>10%),4,186.03,27.9,158.13
1121,ORD-2121,20260623,22,8,1,3,New,3,11.45,0.1,Medium (6-10%),3,34.35,3.44,30.91
1122,ORD-2122,20261226,20,11,3,4,Returning,2,31.5,0.1,Medium (6-10%),3,63.0,6.3,56.7
1123,ORD-2123,20260201,14,13,5,4,Returning,4,611.1,0.2,High (>10%),4,2444.4,488.88,1955.52
1124,ORD-2124,20260723,4,13,5,1,Returning,6,47.03,0.05,Low (1-5%),2,282.18,14.14,268.04
1125,ORD-2125,20261210,11,9,4,2,Returning,2,2793.6,0.05,Low (1-5%),2,5587.2,279.36,5307.84
1126,ORD-2126,20260410,1,13,5,3,Returning,2,62.01,0.0,No discount,1,124.02,0.0,124.02
1127,ORD-2127,20260915,8,8,1,4,New,2,1717.2,0.05,Low (1-5%),2,3434.4,171.72,3262.68
1128,ORD-2128,20260820,2,5,3,3,Returning,5,34.88,0.03,Low (1-5%),2,174.4,5.21,169.19
1129,ORD-2129,20260321,10,6,4,1,Returning,2,2250.0,0.15,High (>10%),4,4500.0,675.0,3825.0
1130,ORD-2130,20260109,2,8,1,4,New,3,35.57,0.15,High (>10%),4,106.71,16.01,90.7
1131,ORD-2131,20260919,23,8,1,3,Returning,6,16.2,0.05,Low (1-5%),2,97.2,4.86,92.34
1132,ORD-2132,20260111,1,15,5,3,New,4,58.5,0.1,Medium (6-10%),3,234.0,23.4,210.6
1133,ORD-2133,20261209,3,12,2,4,Returning,5,13.5,0.05,Low (1-5%),2,67.5,3.37,64.13
1134,ORD-2134,20260406,19,4,1,4,New,3,239.4,0.08,Medium (6-10%),3,718.2,57.46,660.74
1135,ORD-2135,20260424,3,1,3,2,Returning,2,14.31,0.2,High (>10%),4,28.62,5.72,22.9
1136,ORD-2136,20260307,17,13,5,1,Returning,4,675.0,0.03,Low (1-5%),2,2700.0,81.0,2619.0
1137,ORD-2137,20261016,11,2,2,4,Returning,2,2880.0,0.05,Low (1-5%),2,5760.0,288.0,5472.0
1138,ORD-2138,20260318,4,7,2,4,New,5,48.02,0.05,Low (1-5%),2,240.1,12.03,228.07
1139,ORD-2139,20260326,9,13,5,1,Returning,2,3780.0,0.03,Low (1-5%),2,7560.0,226.8,7333.2
1140,ORD-2140,20261007,2,4,1,3,Returning,4,34.2,0.0,No discount,1,136.8,0.0,136.8
1141,ORD-2141,20261107,4,8,1,4,Returning,2,49.5,0.15,High (>10%),4,99.0,14.85,84.15
1142,ORD-2142,20260918,2,4,1,3,New,3,34.2,0.05,Low (1-5%),2,102.6,5.13,97.47
1143,ORD-2143,20260930,4,12,2,4,New,6,49.5,0.05,Low (1-5%),2,297.0,14.85,282.15
1144,ORD-2144,20260517,20,8,1,1,Returning,14,31.5,0.08,Medium (6-10%),3,441.0,35.28,405.72
1145,ORD-2145,20261005,14,6,4,3,Returning,3,655.2,0.0,No discount,1,1965.6,0.0,1965.6
1146,ORD-2146,20260114,26,6,4,2,Returning,2,405.0,0.1,Medium (6-10%),3,810.0,81.0,729.0
1147,ORD-2147,20260111,13,6,4,1,New,3,765.0,0.08,Medium (6-10%),3,2295.0,183.6,2111.4
1148,ORD-2148,20260802,12,1,3,1,Returning,3,542.88,0.15,High (>10%),4,1628.64,244.3,1384.34
1149,ORD-2149,20260420,7,2,2,3,New,2,2754.0,0.03,Low (1-5%),2,5508.0,165.24,5342.76
1150,ORD-2150,20260224,22,1,3,2,Returning,4,10.8,0.08,Medium (6-10%),3,43.2,3.46,39.74
1151,ORD-2151,20260419,21,7,2,1,Returning,11,22.5,0.0,No discount,1,247.5,0.0,247.5
1152,ORD-2152,20261109,25,8,1,3,Returning,3,288.0,0.03,Low (1-5%),2,864.0,25.92,838.08
1153,ORD-2153,20260522,17,8,1,3,Returning,4,654.75,0.05,Low (1-5%),2,2619.0,130.95,2488.05
1154,ORD-2154,20261127,4,2,2,2,Returning,8,47.03,0.15,High (>10%),4,376.24,56.47,319.77
1155,ORD-2155,20261016,6,14,4,3,New,4,39.29,0.08,Medium (6-10%),3,157.16,12.59,144.57
1156,ORD-2156,20260815,27,7,2,2,Returning,3,81.0,0.15,High (>10%),4,243.0,36.45,206.55
1157,ORD-2157,20261103,14,5,3,1,New,2,598.5,0.05,Low (1-5%),2,1197.0,59.85,1137.15
1158,ORD-2158,20260111,24,11,3,3,New,4,7.34,0.1,Medium (6-10%),3,29.36,2.92,26.44
1159,ORD-2159,20261019,25,4,1,2,Returning,2,288.0,0.03,Low (1-5%),2,576.0,17.28,558.72
1160,ORD-2160,20260731,16,4,1,1,Returning,13,18.36,0.1,Medium (6-10%),3,238.68,23.87,214.81
1161,ORD-2161,20260414,26,4,1,3,Returning,6,405.0,0.15,High (>10%),4,2430.0,364.5,2065.5
1162,ORD-2162,20261113,6,1,3,2,Returning,3,42.93,0.05,Low (1-5%),2,128.79,6.44,122.35
1163,ORD-2163,20260408,26,1,3,3,Returning,5,405.0,0.0,No discount,1,2025.0,0.0,2025.0
1164,ORD-2164,20261210,16,3,5,3,New,3,19.08,0.0,No discount,1,57.24,0.0,57.24
1165,ORD-2165,20260113,8,8,1,4,Returning,2,1571.4,0.1,Medium (6-10%),3,3142.8,314.28,2828.52
1166,ORD-2166,20260323,15,11,3,1,Returning,2,1377.0,0.15,High (>10%),4,2754.0,413.1,2340.9
1167,ORD-2167,20260508,5,2,2,3,Returning,6,72.0,0.08,Medium (6-10%),3,432.0,34.56,397.44
1168,ORD-2168,20260827,17,11,3,3,Returning,6,688.5,0.0,No discount,1,4131.0,0.0,4131.0
1169,ORD-2169,20260701,8,6,4,4,Returning,3,1539.0,0.05,Low (1-5%),2,4617.0,230.85,4386.15
1170,ORD-2170,20260128,24,11,3,4,Returning,2,7.2,0.0,No discount,1,14.4,0.0,14.4
1171,ORD-2171,20260302,24,5,3,4,Returning,2,7.63,0.08,Medium (6-10%),3,15.26,1.22,14.04
1172,ORD-2172,20260116,28,7,2,2,New,3,52.38,0.1,Medium (6-10%),3,157.14,15.71,141.43
1173,ORD-2173,20260803,26,12,2,2,New,3,421.2,0.08,Medium (6-10%),3,1263.6,101.09,1162.51
1174,ORD-2174,20260603,15,15,5,3,Returning,2,1350.0,0.05,Low (1-5%),2,2700.0,135.0,2565.0
1175,ORD-2175,20260830,25,4,1,1,Returning,3,288.0,0.08,Medium (6-10%),3,864.0,69.12,794.88
1176,ORD-2176,20261103,5,5,3,4,Returning,3,74.88,0.03,Low (1-5%),2,224.64,6.74,217.9
1177,ORD-2177,20260415,16,1,3,3,Returning,3,18.0,0.1,Medium (6-10%),3,54.0,5.4,48.6
1178,ORD-2178,20261015,12,13,5,1,New,2,532.44,0.0,No discount,1,1064.88,0.0,1064.88
1179,ORD-2179,20260802,25,4,1,2,New,3,293.76,0.05,Low (1-5%),2,881.28,44.06,837.22
1180,ORD-2180,20261217,13,5,3,2,Returning,3,765.0,0.05,Low (1-5%),2,2295.0,114.75,2180.25
1181,ORD-2181,20260520,5,13,5,4,Returning,4,73.44,0.08,Medium (6-10%),3,293.76,23.5,270.26
1182,ORD-2182,20260603,25,1,3,3,Returning,6,299.52,0.03,Low (1-5%),2,1797.12,53.91,1743.21
1183,ORD-2183,20260429,8,7,2,4,Returning,2,1539.0,0.08,Medium (6-10%),3,3078.0,246.24,2831.76
1184,ORD-2184,20260530,22,15,5,4,New,3,10.8,0.0,No discount,1,32.4,0.0,32.4
1185,ORD-2185,20260606,21,3,5,4,New,8,22.5,0.05,Low (1-5%),2,180.0,9.0,171.0
1186,ORD-2186,20260224,8,2,2,1,New,2,1652.4,0.0,No discount,1,3304.8,0.0,3304.8
1187,ORD-2187,20260725,11,13,5,4,Returning,2,3052.8,0.15,High (>10%),4,6105.6,915.84,5189.76
1188,ORD-2188,20260905,3,10,1,3,Returning,3,14.31,0.0,No discount,1,42.93,0.0,42.93
1189,ORD-2189,20260926,3,2,2,3,Returning,2,13.77,0.1,Medium (6-10%),3,27.54,2.75,24.79
1190,ORD-2190,20261114,8,7,2,4,Returning,2,1620.0,0.05,Low (1-5%),2,3240.0,162.0,3078.0
1191,ORD-2191,20261211,4,11,3,3,Returning,4,49.5,0.1,Medium (6-10%),3,198.0,19.8,178.2
1192,ORD-2192,20261227,7,13,5,4,Returning,2,2808.0,0.03,Low (1-5%),2,5616.0,168.48,5447.52
1193,ORD-2193,20261219,27,5,3,2,New,5,84.24,0.0,No discount,1,421.2,0.0,421.2
1194,ORD-2194,20261028,9,7,2,2,New,2,3591.0,0.03,Low (1-5%),2,7182.0,215.46,6966.54
1195,ORD-2195,20260412,15,14,4,4,New,4,1377.0,0.05,Low (1-5%),2,5508.0,275.4,5232.6
1196,ORD-2196,20260426,10,5,3,4,Returning,2,2250.0,0.15,High (>10%),4,4500.0,675.0,3825.0
1197,ORD-2197,20260513,12,15,5,1,New,2,532.44,0.08,Medium (6-10%),3,1064.88,85.19,979.69
1198,ORD-2198,20261005,9,5,3,1,Returning,3,3780.0,0.03,Low (1-5%),2,11340.0,340.2,10999.8
1199,ORD-2199,20261107,16,10,1,2,Returning,2,17.1,0.08,Medium (6-10%),3,34.2,2.74,31.46
1200,ORD-2200,20260918,26,9,4,4,New,2,405.0,0.08,Medium (6-10%),3,810.0,64.8,745.2
1201,ORD-2201,20260906,4,1,3,3,New,6,48.02,0.1,Medium (6-10%),3,288.12,28.84,259.28
1202,ORD-2202,20260308,1,9,4,3,Returning,2,58.5,0.03,Low (1-5%),2,117.0,3.51,113.49
1203,ORD-2203,20260812,2,8,1,4,Returning,8,34.2,0.15,High (>10%),4,273.6,41.04,232.56
1204,ORD-2204,20261114,5,2,2,2,New,4,74.88,0.15,High (>10%),4,299.52,44.93,254.59
1205,ORD-2205,20261023,8,10,1,3,Returning,2,1620.0,0.05,Low (1-5%),2,3240.0,162.0,3078.0
1206,ORD-2206,20260228,12,10,1,1,Returning,3,553.32,0.0,No discount,1,1659.96,0.0,1659.96
1207,ORD-2207,20261203,18,13,5,1,Returning,8,162.0,0.0,No discount,1,1296.0,0.0,1296.0
1208,ORD-2208,20260619,12,12,2,2,New,2,532.44,0.1,Medium (6-10%),3,1064.88,106.49,958.39
1209,ORD-2209,20260309,21,4,1,3,New,3,23.85,0.08,Medium (6-10%),3,71.55,5.72,65.83
1210,ORD-2210,20260712,10,13,5,3,Returning,2,2340.0,0.08,Medium (6-10%),3,4680.0,374.4,4305.6
1211,ORD-2211,20260828,11,5,3,4,Returning,2,2793.6,0.05,Low (1-5%),2,5587.2,279.36,5307.84
1212,ORD-2212,20260703,1,14,4,4,Returning,4,55.58,0.05,Low (1-5%),2,222.32,11.13,211.19
1213,ORD-2213,20260405,9,8,1,4,Returning,2,3931.2,0.0,No discount,1,7862.4,0.0,7862.4
1214,ORD-2214,20261003,13,9,4,1,Returning,2,765.0,0.03,Low (1-5%),2,1530.0,45.9,1484.1
1215,ORD-2215,20261109,21,12,2,3,New,5,21.38,0.0,No discount,1,106.9,0.02,106.88
1216,ORD-2216,20261217,24,11,3,3,New,6,7.34,0.2,High (>10%),4,44.04,8.79,35.25
1217,ORD-2217,20260916,22,5,3,3,New,4,11.02,0.1,Medium (6-10%),3,44.08,4.42,39.66
1218,ORD-2218,20261125,6,1,3,3,Returning,6,39.29,0.05,Low (1-5%),2,235.74,11.82,223.92
1219,ORD-2219,20260222,13,5,3,4,Returning,5,780.3,0.15,High (>10%),4,3901.5,585.22,3316.28
1220,ORD-2220,20261126,8,12,2,3,Returning,2,1620.0,0.15,High (>10%),4,3240.0,486.0,2754.0
1221,ORD-2221,20260210,24,9,4,2,Returning,6,6.98,0.0,No discount,1,41.88,-0.02,41.9
1222,ORD-2222,20260517,22,12,2,1,Returning,6,10.8,0.05,Low (1-5%),2,64.8,3.24,61.56
1223,ORD-2223,20260421,6,2,2,4,New,4,41.31,0.05,Low (1-5%),2,165.24,8.26,156.98
1224,ORD-2224,20260726,12,13,5,1,Returning,5,522.0,0.05,Low (1-5%),2,2610.0,130.5,2479.5
1225,ORD-2225,20261019,12,7,2,1,Returning,2,522.0,0.05,Low (1-5%),2,1044.0,52.2,991.8
1226,ORD-2226,20260127,24,15,5,4,Returning,5,7.34,0.0,No discount,1,36.7,-0.02,36.72
1227,ORD-2227,20260602,10,10,1,1,New,2,2137.5,0.05,Low (1-5%),2,4275.0,213.75,4061.25
1228,ORD-2228,20261002,22,1,3,3,Returning,6,11.23,0.05,Low (1-5%),2,67.38,3.36,64.02
1229,ORD-2229,20260501,16,2,2,4,New,8,18.0,0.05,Low (1-5%),2,144.0,7.2,136.8
1230,ORD-2230,20260106,23,6,4,4,New,4,16.2,0.1,Medium (6-10%),3,64.8,6.48,58.32
1231,ORD-2231,20260125,26,12,2,1,New,13,405.0,0.08,Medium (6-10%),3,5265.0,421.2,4843.8
1232,ORD-2232,20260607,18,10,1,3,Returning,4,162.0,0.03,Low (1-5%),2,648.0,19.44,628.56
1233,ORD-2233,20260425,18,1,3,2,Returning,2,162.0,0.2,High (>10%),4,324.0,64.8,259.2
1234,ORD-2234,20260406,26,5,3,2,New,3,405.0,0.08,Medium (6-10%),3,1215.0,97.2,1117.8
1235,ORD-2235,20260320,17,15,5,1,Returning,3,688.5,0.0,No discount,1,2065.5,0.0,2065.5
1236,ORD-2236,20260531,19,9,4,3,Returning,3,262.08,0.15,High (>10%),4,786.24,117.94,668.3
1237,ORD-2237,20260601,4,3,5,3,Returning,6,48.02,0.08,Medium (6-10%),3,288.12,23.08,265.04
1238,ORD-2238,20260508,5,2,2,3,New,4,68.4,0.0,No discount,1,273.6,0.0,273.6
1239,ORD-2239,20260505,6,4,1,1,New,11,42.12,0.0,No discount,1,463.32,0.0,463.32
1240,ORD-2240,20260210,18,7,2,3,Returning,5,162.0,0.05,Low (1-5%),2,810.0,40.5,769.5
1241,ORD-2241,20260416,13,12,2,3,Returning,3,810.9,0.05,Low (1-5%),2,2432.7,121.63,2311.07
1242,ORD-2242,20260424,20,11,3,2,Returning,3,29.93,0.05,Low (1-5%),2,89.79,4.5,85.29
1243,ORD-2243,20260623,3,8,1,2,Returning,2,13.77,0.08,Medium (6-10%),3,27.54,2.2,25.34
1244,ORD-2244,20260615,9,12,2,4,Returning,3,3780.0,0.05,Low (1-5%),2,11340.0,567.0,10773.0
1245,ORD-2245,20260919,27,1,3,2,Returning,3,84.24,0.05,Low (1-5%),2,252.72,12.64,240.08
1246,ORD-2246,20260403,18,12,2,4,Returning,2,153.9,0.05,Low (1-5%),2,307.8,15.39,292.41
1247,ORD-2247,20260930,27,7,2,3,Returning,3,81.0,0.1,Medium (6-10%),3,243.0,24.3,218.7
1248,ORD-2248,20261021,14,6,4,1,New,4,630.0,0.03,Low (1-5%),2,2520.0,75.6,2444.4
1249,ORD-2249,20260530,6,15,5,4,Returning,2,39.29,0.0,No discount,1,78.58,0.01,78.57
1250,ORD-2250,20260305,1,6,4,2,New,6,58.5,0.05,Low (1-5%),2,351.0,17.55,333.45
1251,ORD-2251,20260827,7,2,2,3,New,4,2700.0,0.0,No discount,1,10800.0,0.0,10800.0
1252,ORD-2252,20260220,28,14,4,4,Returning,8,54.0,0.08,Medium (6-10%),3,432.0,34.56,397.44
1253,ORD-2253,20260412,10,3,5,3,Returning,2,2137.5,0.2,High (>10%),4,4275.0,855.0,3420.0
1254,ORD-2254,20261219,15,12,2,4,New,6,1377.0,0.15,High (>10%),4,8262.0,1239.3,7022.7
1255,ORD-2255,20260320,17,14,4,4,New,3,688.5,0.08,Medium (6-10%),3,2065.5,165.24,1900.26
1256,ORD-2256,20260526,16,7,2,4,Returning,2,18.0,0.03,Low (1-5%),2,36.0,1.08,34.92
1257,ORD-2257,20260111,2,12,2,2,New,3,34.2,0.08,Medium (6-10%),3,102.6,8.21,94.39
1258,ORD-2258,20260425,5,3,5,1,New,10,68.4,0.0,No discount,1,684.0,0.0,684.0
1259,ORD-2259,20260316,28,6,4,3,Returning,6,55.08,0.1,Medium (6-10%),3,330.48,33.05,297.43
1260,ORD-2260,20261106,2,5,3,3,New,2,34.2,0.08,Medium (6-10%),3,68.4,5.47,62.93
1261,ORD-2261,20260222,1,4,1,2,Returning,2,56.75,0.03,Low (1-5%),2,113.5,3.41,110.09
1262,ORD-2262,20260326,28,1,3,3,New,2,52.38,0.05,Low (1-5%),2,104.76,5.24,99.52
1263,ORD-2263,20261109,25,4,1,3,New,2,279.36,0.08,Medium (6-10%),3,558.72,44.7,514.02
1264,ORD-2264,20260126,7,3,5,3,Returning,2,2700.0,0.03,Low (1-5%),2,5400.0,162.0,5238.0
1265,ORD-2265,20260608,18,12,2,1,Returning,8,162.0,0.0,No discount,1,1296.0,0.0,1296.0
1266,ORD-2266,20260429,26,12,2,2,Returning,2,405.0,0.05,Low (1-5%),2,810.0,40.5,769.5
1267,ORD-2267,20260321,25,4,1,3,Returning,3,299.52,0.05,Low (1-5%),2,898.56,44.93,853.63
1268,ORD-2268,20260721,11,4,1,1,New,2,2793.6,0.15,High (>10%),4,5587.2,838.08,4749.12
1269,ORD-2269,20260827,12,2,2,1,Returning,3,532.44,0.15,High (>10%),4,1597.32,239.6,1357.72
1270,ORD-2270,20260920,23,3,5,3,New,5,16.52,0.05,Low (1-5%),2,82.6,4.11,78.49
1271,ORD-2271,20260416,26,6,4,2,New,3,413.1,0.15,High (>10%),4,1239.3,185.89,1053.41
1272,ORD-2272,20261228,13,4,1,4,Returning,3,765.0,0.08,Medium (6-10%),3,2295.0,183.6,2111.4
1273,ORD-2273,20261126,11,14,4,2,Returning,3,2995.2,0.1,Medium (6-10%),3,8985.6,898.56,8087.04
1274,ORD-2274,20260331,2,1,3,3,Returning,2,34.2,0.05,Low (1-5%),2,68.4,3.42,64.98
1275,ORD-2275,20261128,27,7,2,3,Returning,8,84.24,0.03,Low (1-5%),2,673.92,20.22,653.7
1276,ORD-2276,20260131,25,11,3,2,Returning,4,288.0,0.08,Medium (6-10%),3,1152.0,92.16,1059.84
1277,ORD-2277,20260106,7,10,1,4,New,2,2808.0,0.1,Medium (6-10%),3,5616.0,561.6,5054.4
1278,ORD-2278,20260424,14,14,4,1,New,2,611.1,0.05,Low (1-5%),2,1222.2,61.11,1161.09
1279,ORD-2279,20261103,27,3,5,2,Returning,4,81.0,0.08,Medium (6-10%),3,324.0,25.92,298.08
1280,ORD-2280,20260929,17,5,3,3,Returning,6,675.0,0.03,Low (1-5%),2,4050.0,121.5,3928.5
1281,ORD-2281,20260106,2,9,4,2,Returning,4,33.17,0.08,Medium (6-10%),3,132.68,10.6,122.08
1282,ORD-2282,20260415,28,14,4,3,Returning,3,51.3,0.03,Low (1-5%),2,153.9,4.62,149.28
1283,ORD-2283,20260527,18,13,5,4,Returning,4,165.24,0.05,Low (1-5%),2,660.96,33.05,627.91
1284,ORD-2284,20260330,25,7,2,3,Returning,2,288.0,0.05,Low (1-5%),2,576.0,28.8,547.2
1285,ORD-2285,20260111,3,14,4,3,New,2,14.04,0.08,Medium (6-10%),3,28.08,2.25,25.83
1286,ORD-2286,20260613,2,2,2,4,Returning,3,36.25,0.1,Medium (6-10%),3,108.75,10.87,97.88
1287,ORD-2287,20260419,24,5,3,2,New,3,7.63,0.05,Low (1-5%),2,22.89,1.14,21.75
1288,ORD-2288,20260105,11,15,5,1,Returning,2,2880.0,0.1,Medium (6-10%),3,5760.0,576.0,5184.0
1289,ORD-2289,20260211,17,13,5,1,Returning,4,675.0,0.03,Low (1-5%),2,2700.0,81.0,2619.0
1290,ORD-2290,20260425,11,6,4,3,New,2,3052.8,0.0,No discount,1,6105.6,0.0,6105.6
1291,ORD-2291,20260913,1,15,5,4,New,5,56.75,0.1,Medium (6-10%),3,283.75,28.4,255.35
1292,ORD-2292,20260421,27,15,5,3,Returning,2,76.95,0.1,Medium (6-10%),3,153.9,15.39,138.51
1293,ORD-2293,20260512,26,7,2,3,Returning,4,405.0,0.1,Medium (6-10%),3,1620.0,162.0,1458.0
1294,ORD-2294,20260306,12,1,3,4,New,3,532.44,0.1,Medium (6-10%),3,1597.32,159.73,1437.59
1295,ORD-2295,20260727,16,11,3,3,Returning,4,18.0,0.05,Low (1-5%),2,72.0,3.6,68.4
1296,ORD-2296,20261125,6,7,2,3,New,3,40.5,0.08,Medium (6-10%),3,121.5,9.72,111.78
1297,ORD-2297,20260925,22,6,4,3,New,5,10.8,0.08,Medium (6-10%),3,54.0,4.32,49.68
1298,ORD-2298,20261122,13,11,3,4,New,2,765.0,0.0,No discount,1,1530.0,0.0,1530.0
1299,ORD-2299,20260603,8,4,1,3,Returning,5,1717.2,0.08,Medium (6-10%),3,8586.0,686.88,7899.12
1300,ORD-2300,20261216,22,12,2,3,Returning,4,10.48,0.15,High (>10%),4,41.92,6.3,35.62
1301,ORD-2301,20260828,13,11,3,3,New,2,742.05,0.0,No discount,1,1484.1,0.0,1484.1
1302,ORD-2302,20261224,6,4,1,3,Returning,3,39.29,0.05,Low (1-5%),2,117.87,5.91,111.96
1303,ORD-2303,20260221,18,15,5,1,New,3,162.0,0.0,No discount,1,486.0,0.0,486.0
1304,ORD-2304,20260629,27,12,2,4,New,5,78.57,0.03,Low (1-5%),2,392.85,11.79,381.06
1305,ORD-2305,20260613,11,1,3,4,Returning,2,2736.0,0.2,High (>10%),4,5472.0,1094.4,4377.6
1306,ORD-2306,20260924,1,7,2,2,New,5,58.5,0.15,High (>10%),4,292.5,43.87,248.63
1307,ORD-2307,20260119,13,8,1,4,Returning,2,726.75,0.0,No discount,1,1453.5,0.0,1453.5
1308,ORD-2308,20260616,25,12,2,3,Returning,5,293.76,0.05,Low (1-5%),2,1468.8,73.44,1395.36
1309,ORD-2309,20261208,23,7,2,3,New,3,16.85,0.03,Low (1-5%),2,50.55,1.52,49.03
1310,ORD-2310,20260504,25,9,4,3,Returning,3,273.6,0.15,High (>10%),4,820.8,123.12,697.68
1311,ORD-2311,20261103,22,2,2,2,New,6,10.8,0.05,Low (1-5%),2,64.8,3.24,61.56
1312,ORD-2312,20261117,7,2,2,4,Returning,3,2700.0,0.1,Medium (6-10%),3,8100.0,810.0,7290.0
1313,ORD-2313,20261107,14,13,5,1,Returning,3,630.0,0.1,Medium (6-10%),3,1890.0,189.0,1701.0
1314,ORD-2314,20260410,25,11,3,1,New,13,273.6,0.2,High (>10%),4,3556.8,711.36,2845.44
1315,ORD-2315,20260730,10,11,3,2,New,4,2182.5,0.03,Low (1-5%),2,8730.0,261.9,8468.1
1316,ORD-2316,20260401,4,1,3,2,Returning,3,48.02,0.05,Low (1-5%),2,144.06,7.22,136.84
1317,ORD-2317,20260120,14,6,4,4,New,3,598.5,0.2,High (>10%),4,1795.5,359.1,1436.4
1318,ORD-2318,20260105,21,6,4,4,Returning,5,23.4,0.08,Medium (6-10%),3,117.0,9.36,107.64
1319,ORD-2319,20261222,12,12,2,3,New,2,553.32,0.03,Low (1-5%),2,1106.64,33.2,1073.44
1320,ORD-2320,20261023,7,13,5,3,Returning,2,2862.0,0.03,Low (1-5%),2,5724.0,171.72,5552.28
1321,ORD-2321,20260711,12,2,2,3,Returning,2,553.32,0.05,Low (1-5%),2,1106.64,55.33,1051.31
1322,ORD-2322,20260913,11,4,1,4,Returning,2,3052.8,0.05,Low (1-5%),2,6105.6,305.28,5800.32
1323,ORD-2323,20260120,22,9,4,3,New,3,11.45,0.0,No discount,1,34.35,0.01,34.34
1324,ORD-2324,20261129,3,5,3,3,New,2,14.31,0.08,Medium (6-10%),3,28.62,2.29,26.33
1325,ORD-2325,20260412,19,1,3,3,Returning,4,267.12,0.15,High (>10%),4,1068.48,160.27,908.21
1326,ORD-2326,20260117,11,4,1,3,Returning,2,2880.0,0.08,Medium (6-10%),3,5760.0,460.8,5299.2
1327,ORD-2327,20260901,13,10,1,1,Returning,2,765.0,0.03,Low (1-5%),2,1530.0,45.9,1484.1
1328,ORD-2328,20260703,6,12,2,2,Returning,4,40.5,0.0,No discount,1,162.0,0.0,162.0
1329,ORD-2329,20260504,7,9,4,1,Returning,2,2565.0,0.1,Medium (6-10%),3,5130.0,513.0,4617.0
1330,ORD-2330,20261007,22,4,1,3,Returning,4,10.8,0.05,Low (1-5%),2,43.2,2.16,41.04
1331,ORD-2331,20260213,3,12,2,4,Returning,6,13.5,0.0,No discount,1,81.0,0.0,81.0
1332,ORD-2332,20260306,20,2,2,3,Returning,6,31.5,0.08,Medium (6-10%),3,189.0,15.12,173.88
1333,ORD-2333,20261101,18,10,1,3,Returning,4,171.72,0.15,High (>10%),4,686.88,103.03,583.85
1334,ORD-2334,20261216,25,12,2,1,Returning,9,288.0,0.05,Low (1-5%),2,2592.0,129.6,2462.4
1335,ORD-2335,20260106,21,9,4,4,Returning,3,22.95,0.05,Low (1-5%),2,68.85,3.44,65.41
1336,ORD-2336,20261130,23,9,4,2,Returning,3,17.17,0.15,High (>10%),4,51.51,7.72,43.79
1337,ORD-2337,20260818,14,8,1,4,Returning,2,642.6,0.05,Low (1-5%),2,1285.2,64.26,1220.94
1338,ORD-2338,20260720,2,15,5,3,New,3,34.2,0.15,High (>10%),4,102.6,15.39,87.21
1339,ORD-2339,20261208,28,4,1,3,New,4,54.0,0.08,Medium (6-10%),3,216.0,17.28,198.72
1340,ORD-2340,20261029,3,4,1,2,Returning,5,13.77,0.08,Medium (6-10%),3,68.85,5.51,63.34
1341,ORD-2341,20261119,1,2,2,3,Returning,4,58.5,0.1,Medium (6-10%),3,234.0,23.4,210.6
1342,ORD-2342,20260321,27,8,1,3,Returning,2,82.62,0.08,Medium (6-10%),3,165.24,13.22,152.02
1343,ORD-2343,20260213,2,10,1,2,New,3,36.25,0.2,High (>10%),4,108.75,21.75,87.0
1344,ORD-2344,20261117,9,12,2,3,New,2,3666.6,0.08,Medium (6-10%),3,7333.2,586.66,6746.54
1345,ORD-2345,20260403,20,14,4,2,New,4,30.56,0.05,Low (1-5%),2,122.24,6.13,116.11
1346,ORD-2346,20261222,6,2,2,3,Returning,8,41.31,0.1,Medium (6-10%),3,330.48,33.05,297.43
1347,ORD-2347,20260806,16,1,3,4,Returning,2,18.0,0.08,Medium (6-10%),3,36.0,2.88,33.12
1348,ORD-2348,20260610,25,8,1,2,New,4,279.36,0.08,Medium (6-10%),3,1117.44,89.4,1028.04
1349,ORD-2349,20260411,13,11,3,2,New,5,765.0,0.05,Low (1-5%),2,3825.0,191.25,3633.75
1350,ORD-2350,20261004,10,2,2,2,Returning,3,2182.5,0.05,Low (1-5%),2,6547.5,327.37,6220.13
1351,ORD-2351,20260624,2,10,1,2,Returning,7,34.2,0.08,Medium (6-10%),3,239.4,19.15,220.25
1352,ORD-2352,20260105,28,7,2,4,Returning,5,54.0,0.08,Medium (6-10%),3,270.0,21.6,248.4
1353,ORD-2353,20260609,10,8,1,3,New,3,2250.0,0.03,Low (1-5%),2,6750.0,202.5,6547.5
1354,ORD-2354,20261222,12,4,1,3,Returning,3,542.88,0.05,Low (1-5%),2,1628.64,81.43,1547.21
1355,ORD-2355,20260724,8,12,2,4,Returning,4,1652.4,0.03,Low (1-5%),2,6609.6,198.29,6411.31
1356,ORD-2356,20260328,6,12,2,4,Returning,3,42.12,0.1,Medium (6-10%),3,126.36,12.64,113.72
1357,ORD-2357,20260609,2,1,3,1,New,5,36.25,0.03,Low (1-5%),2,181.25,5.43,175.82
1358,ORD-2358,20260430,6,5,3,4,New,4,38.48,0.08,Medium (6-10%),3,153.92,12.33,141.59
1359,ORD-2359,20260318,1,12,2,4,New,2,56.75,0.0,No discount,1,113.5,0.01,113.49
1360,ORD-2360,20260725,10,12,2,1,Returning,3,2250.0,0.05,Low (1-5%),2,6750.0,337.5,6412.5
1361,ORD-2361,20261017,10,4,1,4,Returning,2,2137.5,0.1,Medium (6-10%),3,4275.0,427.5,3847.5
1362,ORD-2362,20261127,12,14,4,1,Returning,2,522.0,0.1,Medium (6-10%),3,1044.0,104.4,939.6
1363,ORD-2363,20260113,14,5,3,3,Returning,4,655.2,0.05,Low (1-5%),2,2620.8,131.04,2489.76
1364,ORD-2364,20261212,8,4,1,4,Returning,2,1684.8,0.15,High (>10%),4,3369.6,505.44,2864.16
1365,ORD-2365,20260711,4,1,3,2,Returning,3,51.48,0.08,Medium (6-10%),3,154.44,12.36,142.08
1366,ORD-2366,20260725,5,11,3,4,Returning,4,72.0,0.03,Low (1-5%),2,288.0,8.64,279.36
1367,ORD-2367,20260329,14,1,3,4,Returning,4,642.6,0.05,Low (1-5%),2,2570.4,128.52,2441.88
1368,ORD-2368,20260812,6,10,1,2,Returning,3,41.31,0.08,Medium (6-10%),3,123.93,9.91,114.02
1369,ORD-2369,20260311,14,7,2,3,Returning,2,611.1,0.05,Low (1-5%),2,1222.2,61.11,1161.09
1370,ORD-2370,20260403,1,5,3,1,New,3,59.67,0.05,Low (1-5%),2,179.01,8.95,170.06
1371,ORD-2371,20260620,14,9,4,3,Returning,2,667.8,0.08,Medium (6-10%),3,1335.6,106.85,1228.75
1372,ORD-2372,20261024,4,13,5,4,Returning,4,50.49,0.05,Low (1-5%),2,201.96,10.1,191.86
1373,ORD-2373,20260509,9,11,3,2,New,2,3780.0,0.05,Low (1-5%),2,7560.0,378.0,7182.0
1374,ORD-2374,20260319,15,11,3,1,Returning,2,1350.0,0.0,No discount,1,2700.0,0.0,2700.0
1375,ORD-2375,20260416,3,8,1,3,Returning,2,14.31,0.08,Medium (6-10%),3,28.62,2.29,26.33
1376,ORD-2376,20261208,15,10,1,2,New,3,1377.0,0.1,Medium (6-10%),3,4131.0,413.1,3717.9
1377,ORD-2377,20260822,11,9,4,4,Returning,2,2995.2,0.03,Low (1-5%),2,5990.4,179.71,5810.69
1378,ORD-2378,20260424,20,4,1,3,Returning,6,30.56,0.05,Low (1-5%),2,183.36,9.2,174.16
1379,ORD-2379,20260811,15,2,2,3,New,3,1404.0,0.08,Medium (6-10%),3,4212.0,336.96,3875.04
1380,ORD-2380,20260804,2,11,3,4,Returning,3,32.49,0.1,Medium (6-10%),3,97.47,9.75,87.72
1381,ORD-2381,20260106,14,14,4,3,New,3,655.2,0.08,Medium (6-10%),3,1965.6,157.25,1808.35
1382,ORD-2382,20260420,12,4,1,3,Returning,2,506.34,0.1,Medium (6-10%),3,1012.68,101.27,911.41
1383,ORD-2383,20260314,22,12,2,3,Returning,2,10.26,0.0,No discount,1,20.52,0.0,20.52
1384,ORD-2384,20260427,7,6,4,1,Returning,2,2619.0,0.15,High (>10%),4,5238.0,785.7,4452.3
1385,ORD-2385,20260219,17,1,3,3,New,6,702.0,0.05,Low (1-5%),2,4212.0,210.6,4001.4
1386,ORD-2386,20260820,4,10,1,3,Returning,2,49.5,0.1,Medium (6-10%),3,99.0,9.9,89.1
1387,ORD-2387,20260220,10,5,3,3,Returning,3,2385.0,0.05,Low (1-5%),2,7155.0,357.75,6797.25
1388,ORD-2388,20260521,8,13,5,4,Returning,2,1652.4,0.05,Low (1-5%),2,3304.8,165.24,3139.56
1389,ORD-2389,20260303,17,1,3,2,New,5,675.0,0.05,Low (1-5%),2,3375.0,168.75,3206.25
1390,ORD-2390,20260919,16,1,3,4,Returning,7,18.0,0.08,Medium (6-10%),3,126.0,10.08,115.92
1391,ORD-2391,20260703,23,6,4,3,Returning,6,16.2,0.05,Low (1-5%),2,97.2,4.86,92.34
1392,ORD-2392,20261028,18,9,4,3,New,8,165.24,0.08,Medium (6-10%),3,1321.92,105.75,1216.17
1393,ORD-2393,20260328,15,10,1,2,Returning,2,1350.0,0.03,Low (1-5%),2,2700.0,81.0,2619.0
1394,ORD-2394,20260831,6,6,4,3,New,5,41.31,0.1,Medium (6-10%),3,206.55,20.65,185.9
1395,ORD-2395,20260405,2,7,2,2,Returning,4,34.2,0.15,High (>10%),4,136.8,20.52,116.28
1396,ORD-2396,20260820,3,11,3,1,Returning,8,13.5,0.1,Medium (6-10%),3,108.0,10.8,97.2
1397,ORD-2397,20260104,14,14,4,4,Returning,5,667.8,0.08,Medium (6-10%),3,3339.0,267.12,3071.88
1398,ORD-2398,20261227,26,2,2,4,New,4,405.0,0.1,Medium (6-10%),3,1620.0,162.0,1458.0
1399,ORD-2399,20260417,6,1,3,3,Returning,2,42.12,0.0,No discount,1,84.24,0.0,84.24
1400,ORD-2400,20260729,16,7,2,4,Returning,4,17.1,0.08,Medium (6-10%),3,68.4,5.47,62.93
1401,ORD-2401,20261009,8,13,5,2,Returning,2,1620.0,0.03,Low (1-5%),2,3240.0,97.2,3142.8
1402,ORD-2402,20261106,3,3,5,2,New,2,13.5,0.05,Low (1-5%),2,27.0,1.35,25.65
1403,ORD-2403,20260629,20,7,2,1,Returning,16,31.5,0.1,Medium (6-10%),3,504.0,50.4,453.6
1404,ORD-2404,20260501,2,4,1,2,New,2,34.2,0.05,Low (1-5%),2,68.4,3.42,64.98
1405,ORD-2405,20260727,28,15,5,4,New,3,52.38,0.0,No discount,1,157.14,0.0,157.14
1406,ORD-2406,20260706,19,7,2,3,New,2,244.44,0.05,Low (1-5%),2,488.88,24.44,464.44
1407,ORD-2407,20261118,8,5,3,2,Returning,3,1684.8,0.08,Medium (6-10%),3,5054.4,404.35,4650.05
1408,ORD-2408,20261013,26,1,3,3,Returning,6,405.0,0.15,High (>10%),4,2430.0,364.5,2065.5
1409,ORD-2409,20260815,4,9,4,1,New,3,49.5,0.05,Low (1-5%),2,148.5,7.42,141.08
1410,ORD-2410,20261221,9,9,4,1,New,2,3666.6,0.03,Low (1-5%),2,7333.2,220.0,7113.2
1411,ORD-2411,20260408,15,7,2,4,Returning,3,1309.5,0.0,No discount,1,3928.5,0.0,3928.5
1412,ORD-2412,20261005,2,12,2,4,New,5,34.2,0.1,Medium (6-10%),3,171.0,17.1,153.9
1413,ORD-2413,20260428,2,6,4,3,Returning,3,34.2,0.0,No discount,1,102.6,0.0,102.6
1414,ORD-2414,20260523,12,1,3,3,Returning,2,532.44,0.2,High (>10%),4,1064.88,212.98,851.9
1415,ORD-2415,20260405,2,5,3,3,Returning,6,34.2,0.05,Low (1-5%),2,205.2,10.26,194.94
1416,ORD-2416,20260312,28,4,1,4,Returning,2,54.0,0.08,Medium (6-10%),3,108.0,8.64,99.36
1417,ORD-2417,20260529,6,12,2,1,New,14,39.29,0.08,Medium (6-10%),3,550.06,44.07,505.99
1418,ORD-2418,20260211,5,7,2,3,Returning,2,72.0,0.03,Low (1-5%),2,144.0,4.32,139.68
1419,ORD-2419,20261223,3,10,1,4,New,2,13.5,0.2,High (>10%),4,27.0,5.4,21.6
1420,ORD-2420,20260714,22,11,3,4,New,4,11.45,0.0,No discount,1,45.8,0.01,45.79
1421,ORD-2421,20260813,7,11,3,4,New,4,2808.0,0.03,Low (1-5%),2,11232.0,336.96,10895.04
1422,ORD-2422,20260829,12,5,3,4,Returning,3,542.88,0.1,Medium (6-10%),3,1628.64,162.86,1465.78
1423,ORD-2423,20260602,11,10,1,4,Returning,5,2880.0,0.1,Medium (6-10%),3,14400.0,1440.0,12960.0
1424,ORD-2424,20260113,13,11,3,3,Returning,4,742.05,0.0,No discount,1,2968.2,0.0,2968.2
1425,ORD-2425,20260515,16,1,3,1,Returning,7,18.72,0.08,Medium (6-10%),3,131.04,10.48,120.56
1426,ORD-2426,20260706,3,8,1,3,Returning,3,13.5,0.2,High (>10%),4,40.5,8.1,32.4
1427,ORD-2427,20260101,23,2,2,3,Returning,2,16.2,0.0,No discount,1,32.4,0.0,32.4
1428,ORD-2428,20260903,21,1,3,1,Returning,6,23.85,0.1,Medium (6-10%),3,143.1,14.31,128.79
1429,ORD-2429,20260328,1,14,4,4,Returning,7,62.01,0.0,No discount,1,434.07,0.0,434.07
1430,ORD-2430,20260913,19,5,3,2,Returning,5,252.0,0.08,Medium (6-10%),3,1260.0,100.8,1159.2
1431,ORD-2431,20260228,5,15,5,1,Returning,6,69.84,0.05,Low (1-5%),2,419.04,20.95,398.09
1432,ORD-2432,20261022,17,4,1,2,Returning,8,715.5,0.0,No discount,1,5724.0,0.0,5724.0
1433,ORD-2433,20260523,13,3,5,4,New,3,742.05,0.08,Medium (6-10%),3,2226.15,178.09,2048.06
1434,ORD-2434,20260426,24,14,4,3,Returning,2,7.34,0.05,Low (1-5%),2,14.68,0.73,13.95
1435,ORD-2435,20261111,2,11,3,3,Returning,2,36.25,0.2,High (>10%),4,72.5,14.5,58.0
1436,ORD-2436,20260409,4,12,2,3,Returning,4,51.48,0.1,Medium (6-10%),3,205.92,20.59,185.33
1437,ORD-2437,20260918,6,2,2,3,Returning,3,38.48,0.15,High (>10%),4,115.44,17.33,98.11
1438,ORD-2438,20260902,1,13,5,2,Returning,2,56.75,0.05,Low (1-5%),2,113.5,5.68,107.82
1439,ORD-2439,20260721,1,4,1,3,Returning,7,55.58,0.05,Low (1-5%),2,389.06,19.49,369.57
1440,ORD-2440,20261029,16,6,4,3,Returning,3,17.1,0.05,Low (1-5%),2,51.3,2.56,48.74
1441,ORD-2441,20261018,26,15,5,3,New,2,405.0,0.1,Medium (6-10%),3,810.0,81.0,729.0
1442,ORD-2442,20261024,6,11,3,2,New,2,42.93,0.03,Low (1-5%),2,85.86,2.58,83.28
1443,ORD-2443,20261024,9,11,3,4,Returning,2,3780.0,0.1,Medium (6-10%),3,7560.0,756.0,6804.0
1444,ORD-2444,20260106,23,11,3,3,New,2,15.71,0.03,Low (1-5%),2,31.42,0.93,30.49
1445,ORD-2445,20260403,28,7,2,1,New,5,57.24,0.2,High (>10%),4,286.2,57.24,228.96
1446,ORD-2446,20260709,20,10,1,4,Returning,3,32.13,0.03,Low (1-5%),2,96.39,2.89,93.5
1447,ORD-2447,20261127,12,11,3,4,Returning,4,506.34,0.03,Low (1-5%),2,2025.36,60.76,1964.6
1448,ORD-2448,20260323,7,12,2,2,Returning,2,2700.0,0.03,Low (1-5%),2,5400.0,162.0,5238.0
1449,ORD-2449,20260811,22,8,1,4,Returning,3,10.48,0.08,Medium (6-10%),3,31.44,2.53,28.91
1450,ORD-2450,20260418,22,5,3,3,Returning,6,10.8,0.03,Low (1-5%),2,64.8,1.94,62.86
1451,ORD-2451,20260502,15,3,5,3,Returning,2,1431.0,0.03,Low (1-5%),2,2862.0,85.86,2776.14
1452,ORD-2452,20260125,3,5,3,3,Returning,2,12.83,0.0,No discount,1,25.66,0.01,25.65
1453,ORD-2453,20261119,23,5,3,1,Returning,3,16.52,0.1,Medium (6-10%),3,49.56,4.95,44.61
1454,ORD-2454,20260501,28,4,1,3,Returning,3,54.0,0.0,No discount,1,162.0,0.0,162.0
1455,ORD-2455,20260819,25,7,2,3,Returning,6,288.0,0.03,Low (1-5%),2,1728.0,51.84,1676.16
1456,ORD-2456,20261110,5,14,4,3,Returning,2,68.4,0.03,Low (1-5%),2,136.8,4.1,132.7
1457,ORD-2457,20260521,14,14,4,3,Returning,3,655.2,0.03,Low (1-5%),2,1965.6,58.97,1906.63
1458,ORD-2458,20261117,10,11,3,3,Returning,3,2340.0,0.08,Medium (6-10%),3,7020.0,561.6,6458.4
1459,ORD-2459,20260208,27,9,4,3,Returning,5,82.62,0.0,No discount,1,413.1,0.0,413.1
1460,ORD-2460,20261031,2,8,1,2,New,7,32.49,0.15,High (>10%),4,227.43,34.11,193.32
1461,ORD-2461,20260411,3,10,1,2,Returning,8,13.5,0.1,Medium (6-10%),3,108.0,10.8,97.2
1462,ORD-2462,20261216,25,10,1,3,New,3,279.36,0.05,Low (1-5%),2,838.08,41.9,796.18
1463,ORD-2463,20260123,15,6,4,1,Returning,2,1404.0,0.0,No discount,1,2808.0,0.0,2808.0
1464,ORD-2464,20260510,8,6,4,1,Returning,2,1620.0,0.15,High (>10%),4,3240.0,486.0,2754.0
1465,ORD-2465,20260421,26,9,4,3,Returning,3,405.0,0.03,Low (1-5%),2,1215.0,36.45,1178.55
1466,ORD-2466,20260518,19,3,5,3,Returning,3,244.44,0.03,Low (1-5%),2,733.32,22.0,711.32
1467,ORD-2467,20261117,22,7,2,2,Returning,3,10.48,0.08,Medium (6-10%),3,31.44,2.53,28.91
1468,ORD-2468,20260727,12,4,1,3,Returning,2,532.44,0.08,Medium (6-10%),3,1064.88,85.19,979.69
1469,ORD-2469,20261012,28,1,3,2,New,6,54.0,0.05,Low (1-5%),2,324.0,16.2,307.8
1470,ORD-2470,20260411,6,14,4,3,New,4,42.93,0.1,Medium (6-10%),3,171.72,17.17,154.55
1471,ORD-2471,20260720,27,4,1,3,New,2,81.0,0.05,Low (1-5%),2,162.0,8.1,153.9
1472,ORD-2472,20260114,18,10,1,1,Returning,16,165.24,0.0,No discount,1,2643.84,0.0,2643.84
1473,ORD-2473,20261125,1,12,2,2,Returning,6,58.5,0.2,High (>10%),4,351.0,70.2,280.8
1474,ORD-2474,20261108,12,13,5,3,New,3,522.0,0.03,Low (1-5%),2,1566.0,46.98,1519.02
1475,ORD-2475,20260909,18,3,5,2,Returning,7,153.9,0.1,Medium (6-10%),3,1077.3,107.73,969.57
1476,ORD-2476,20260526,26,14,4,2,New,2,405.0,0.05,Low (1-5%),2,810.0,40.5,769.5
1477,ORD-2477,20260616,17,14,4,3,New,6,675.0,0.03,Low (1-5%),2,4050.0,121.5,3928.5
1478,ORD-2478,20260817,11,5,3,3,New,2,2793.6,0.0,No discount,1,5587.2,0.0,5587.2
1479,ORD-2479,20261011,2,1,3,4,Returning,5,32.49,0.05,Low (1-5%),2,162.45,8.12,154.33
1480,ORD-2480,20261214,26,12,2,1,New,7,405.0,0.15,High (>10%),4,2835.0,425.25,2409.75
1481,ORD-2481,20261228,7,8,1,4,New,3,2619.0,0.15,High (>10%),4,7857.0,1178.55,6678.45
1482,ORD-2482,20260315,17,1,3,2,New,7,675.0,0.05,Low (1-5%),2,4725.0,236.25,4488.75
1483,ORD-2483,20260607,13,2,2,3,Returning,6,765.0,0.1,Medium (6-10%),3,4590.0,459.0,4131.0
1484,ORD-2484,20260210,27,5,3,3,Returning,3,81.0,0.03,Low (1-5%),2,243.0,7.29,235.71
1485,ORD-2485,20261224,2,8,1,3,New,2,33.17,0.1,Medium (6-10%),3,66.34,6.63,59.71
1486,ORD-2486,20260109,12,12,2,3,Returning,2,522.0,0.03,Low (1-5%),2,1044.0,31.32,1012.68
1487,ORD-2487,20260915,24,8,1,4,New,5,7.49,0.05,Low (1-5%),2,37.45,1.88,35.57
1488,ORD-2488,20261122,27,9,4,4,Returning,7,78.57,0.05,Low (1-5%),2,549.99,27.5,522.49
1489,ORD-2489,20261019,6,6,4,2,New,2,40.5,0.08,Medium (6-10%),3,81.0,6.48,74.52
1490,ORD-2490,20260826,1,8,1,3,New,3,58.5,0.0,No discount,1,175.5,0.0,175.5
1491,ORD-2491,20260618,5,8,1,3,Returning,2,76.32,0.1,Medium (6-10%),3,152.64,15.26,137.38
1492,ORD-2492,20261029,10,1,3,4,Returning,2,2250.0,0.08,Medium (6-10%),3,4500.0,360.0,4140.0
1493,ORD-2493,20260929,28,10,1,3,Returning,7,51.3,0.2,High (>10%),4,359.1,71.82,287.28
1494,ORD-2494,20260502,1,10,1,4,Returning,4,60.84,0.05,Low (1-5%),2,243.36,12.17,231.19
1495,ORD-2495,20260322,9,9,4,1,Returning,4,3666.6,0.03,Low (1-5%),2,14666.4,439.99,14226.41
1496,ORD-2496,20260714,28,1,3,2,Returning,9,55.08,0.1,Medium (6-10%),3,495.72,49.57,446.15
1497,ORD-2497,20261125,20,14,4,4,New,4,31.5,0.0,No discount,1,126.0,0.0,126.0
1498,ORD-2498,20260611,23,12,2,3,New,7,16.85,0.08,Medium (6-10%),3,117.95,9.45,108.5
1499,ORD-2499,20260225,5,14,4,3,New,6,73.44,0.1,Medium (6-10%),3,440.64,44.06,396.58
1500,ORD-2500,20260301,3,6,4,3,Returning,6,13.1,0.03,Low (1-5%),2,78.6,2.39,76.21
1501,ORD-2501,20260606,18,10,1,4,Returning,2,162.0,0.08,Medium (6-10%),3,324.0,25.92,298.08
1502,ORD-2502,20260104,11,8,1,4,Returning,3,3052.8,0.08,Medium (6-10%),3,9158.4,732.67,8425.73
1503,ORD-2503,20260920,27,11,3,3,Returning,7,85.86,0.15,High (>10%),4,601.02,90.15,510.87
1504,ORD-2504,20260830,15,2,2,1,New,6,1309.5,0.03,Low (1-5%),2,7857.0,235.71,7621.29
1505,ORD-2505,20260430,17,1,3,2,New,7,688.5,0.05,Low (1-5%),2,4819.5,240.97,4578.53
1506,ORD-2506,20260307,19,12,2,3,Returning,4,244.44,0.0,No discount,1,977.76,0.0,977.76
1507,ORD-2507,20260314,4,1,3,4,Returning,3,50.49,0.03,Low (1-5%),2,151.47,4.54,146.93
1508,ORD-2508,20260222,25,2,2,3,Returning,2,293.76,0.15,High (>10%),4,587.52,88.13,499.39
1509,ORD-2509,20260727,1,5,3,3,Returning,6,58.5,0.05,Low (1-5%),2,351.0,17.55,333.45
1510,ORD-2510,20260502,13,4,1,1,Returning,2,742.05,0.03,Low (1-5%),2,1484.1,44.52,1439.58
1511,ORD-2511,20261129,28,10,1,4,New,2,56.16,0.08,Medium (6-10%),3,112.32,8.99,103.33
1512,ORD-2512,20261126,13,15,5,4,New,4,765.0,0.15,High (>10%),4,3060.0,459.0,2601.0
1513,ORD-2513,20261107,12,9,4,3,Returning,4,553.32,0.08,Medium (6-10%),3,2213.28,177.06,2036.22
1514,ORD-2514,20260913,27,15,5,2,Returning,2,85.86,0.05,Low (1-5%),2,171.72,8.59,163.13
1515,ORD-2515,20260111,1,9,4,3,Returning,2,58.5,0.05,Low (1-5%),2,117.0,5.85,111.15
1516,ORD-2516,20260313,9,15,5,1,New,2,3666.6,0.05,Low (1-5%),2,7333.2,366.66,6966.54
1517,ORD-2517,20261017,28,15,5,2,New,8,56.16,0.1,Medium (6-10%),3,449.28,44.93,404.35
1518,ORD-2518,20260818,28,15,5,3,Returning,8,51.3,0.0,No discount,1,410.4,0.0,410.4
1519,ORD-2519,20261126,27,11,3,4,Returning,4,81.0,0.05,Low (1-5%),2,324.0,16.2,307.8
1520,ORD-2520,20260420,26,9,4,1,Returning,6,405.0,0.08,Medium (6-10%),3,2430.0,194.4,2235.6
1521,ORD-2521,20260626,1,3,5,3,Returning,7,58.5,0.08,Medium (6-10%),3,409.5,32.76,376.74
1522,ORD-2522,20260618,15,15,5,1,New,4,1404.0,0.2,High (>10%),4,5616.0,1123.2,4492.8
1523,ORD-2523,20260922,10,4,1,4,Returning,2,2340.0,0.08,Medium (6-10%),3,4680.0,374.4,4305.6
1524,ORD-2524,20260511,24,9,4,4,Returning,5,7.34,0.0,No discount,1,36.7,-0.02,36.72
1525,ORD-2525,20260321,20,10,1,3,Returning,3,32.76,0.08,Medium (6-10%),3,98.28,7.86,90.42
1526,ORD-2526,20260206,15,5,3,3,New,2,1377.0,0.05,Low (1-5%),2,2754.0,137.7,2616.3
1527,ORD-2527,20260619,25,9,4,3,Returning,4,288.0,0.03,Low (1-5%),2,1152.0,34.56,1117.44
1528,ORD-2528,20261028,22,14,4,4,Returning,3,10.48,0.0,No discount,1,31.44,0.01,31.43
1529,ORD-2529,20260930,18,14,4,4,New,7,162.0,0.03,Low (1-5%),2,1134.0,34.02,1099.98
1530,ORD-2530,20260612,7,9,4,4,Returning,2,2754.0,0.15,High (>10%),4,5508.0,826.2,4681.8
1531,ORD-2531,20260223,15,14,4,3,Returning,5,1404.0,0.05,Low (1-5%),2,7020.0,351.0,6669.0
1532,ORD-2532,20260825,10,7,2,1,Returning,2,2250.0,0.0,No discount,1,4500.0,0.0,4500.0
1533,ORD-2533,20261127,14,7,2,2,New,2,630.0,0.08,Medium (6-10%),3,1260.0,100.8,1159.2
1534,ORD-2534,20260805,2,6,4,3,Returning,3,33.17,0.05,Low (1-5%),2,99.51,4.96,94.55
1535,ORD-2535,20260711,18,11,3,1,Returning,10,171.72,0.2,High (>10%),4,1717.2,343.44,1373.76
1536,ORD-2536,20260414,25,12,2,3,New,3,279.36,0.08,Medium (6-10%),3,838.08,67.05,771.03
1537,ORD-2537,20261201,18,1,3,4,Returning,4,153.9,0.1,Medium (6-10%),3,615.6,61.56,554.04
1538,ORD-2538,20261201,20,1,3,2,Returning,2,32.76,0.03,Low (1-5%),2,65.52,1.97,63.55
1539,ORD-2539,20260830,7,8,1,4,New,3,2808.0,0.05,Low (1-5%),2,8424.0,421.2,8002.8
1540,ORD-2540,20260428,8,1,3,4,New,3,1652.4,0.03,Low (1-5%),2,4957.2,148.72,4808.48
1541,ORD-2541,20261111,15,8,1,2,New,5,1309.5,0.15,High (>10%),4,6547.5,982.12,5565.38
1542,ORD-2542,20260112,2,11,3,2,Returning,4,34.88,0.1,Medium (6-10%),3,139.52,13.94,125.58
1543,ORD-2543,20260801,20,1,3,2,Returning,2,32.13,0.0,No discount,1,64.26,0.0,64.26
1544,ORD-2544,20260617,6,5,3,4,Returning,3,40.5,0.15,High (>10%),4,121.5,18.22,103.28
1545,ORD-2545,20260813,13,2,2,2,Returning,2,795.6,0.08,Medium (6-10%),3,1591.2,127.3,1463.9
1546,ORD-2546,20261009,7,15,5,3,New,4,2700.0,0.03,Low (1-5%),2,10800.0,324.0,10476.0
1547,ORD-2547,20260726,10,10,1,1,Returning,3,2250.0,0.03,Low (1-5%),2,6750.0,202.5,6547.5
1548,ORD-2548,20260327,3,3,5,4,Returning,7,12.83,0.05,Low (1-5%),2,89.81,4.52,85.29
1549,ORD-2549,20260604,14,1,3,4,New,3,655.2,0.0,No discount,1,1965.6,0.0,1965.6
1550,ORD-2550,20260603,20,10,1,4,New,3,31.5,0.03,Low (1-5%),2,94.5,2.83,91.67
1551,ORD-2551,20261112,23,5,3,3,Returning,7,16.85,0.08,Medium (6-10%),3,117.95,9.45,108.5
1552,ORD-2552,20260202,4,12,2,3,Returning,2,49.5,0.08,Medium (6-10%),3,99.0,7.92,91.08
1553,ORD-2553,20260623,19,13,5,2,Returning,2,257.04,0.03,Low (1-5%),2,514.08,15.42,498.66
1554,ORD-2554,20260712,28,13,5,2,Returning,4,52.38,0.05,Low (1-5%),2,209.52,10.48,199.04
1555,ORD-2555,20260329,7,1,3,1,Returning,2,2700.0,0.2,High (>10%),4,5400.0,1080.0,4320.0
1556,ORD-2556,20260616,13,13,5,4,Returning,2,795.6,0.2,High (>10%),4,1591.2,318.24,1272.96
1557,ORD-2557,20260528,26,9,4,2,Returning,7,405.0,0.08,Medium (6-10%),3,2835.0,226.8,2608.2
1558,ORD-2558,20260606,7,7,2,4,New,3,2862.0,0.2,High (>10%),4,8586.0,1717.2,6868.8
1559,ORD-2559,20260216,17,15,5,2,New,2,675.0,0.15,High (>10%),4,1350.0,202.5,1147.5
1560,ORD-2560,20261202,13,9,4,1,Returning,4,726.75,0.05,Low (1-5%),2,2907.0,145.35,2761.65
1561,ORD-2561,20260726,14,10,1,2,Returning,3,642.6,0.1,Medium (6-10%),3,1927.8,192.78,1735.02
1562,ORD-2562,20261209,12,3,5,3,New,2,495.9,0.0,No discount,1,991.8,0.0,991.8
1563,ORD-2563,20260413,26,15,5,2,Returning,2,429.3,0.15,High (>10%),4,858.6,128.79,729.81
1564,ORD-2564,20261228,1,13,5,2,Returning,5,58.5,0.1,Medium (6-10%),3,292.5,29.25,263.25
1565,ORD-2565,20261022,25,11,3,3,Returning,4,273.6,0.03,Low (1-5%),2,1094.4,32.83,1061.57
1566,ORD-2566,20260816,12,5,3,1,Returning,2,522.0,0.08,Medium (6-10%),3,1044.0,83.52,960.48
1567,ORD-2567,20260703,18,11,3,2,Returning,5,171.72,0.03,Low (1-5%),2,858.6,25.76,832.84
1568,ORD-2568,20260824,1,3,5,3,Returning,2,55.58,0.08,Medium (6-10%),3,111.16,8.9,102.26
1569,ORD-2569,20261102,17,3,5,2,Returning,2,675.0,0.08,Medium (6-10%),3,1350.0,108.0,1242.0
1570,ORD-2570,20260706,16,12,2,1,Returning,5,17.46,0.15,High (>10%),4,87.3,13.09,74.21
1571,ORD-2571,20261002,15,11,3,4,Returning,3,1282.5,0.03,Low (1-5%),2,3847.5,115.42,3732.08
1572,ORD-2572,20261003,2,14,4,3,Returning,5,34.88,0.1,Medium (6-10%),3,174.4,17.42,156.98
1573,ORD-2573,20261124,28,15,5,2,New,5,54.0,0.1,Medium (6-10%),3,270.0,27.0,243.0
1574,ORD-2574,20260810,8,4,1,3,New,2,1652.4,0.03,Low (1-5%),2,3304.8,99.14,3205.66
1575,ORD-2575,20260103,1,6,4,3,Returning,7,62.01,0.05,Low (1-5%),2,434.07,21.7,412.37
1576,ORD-2576,20260816,12,1,3,4,New,3,553.32,0.15,High (>10%),4,1659.96,248.99,1410.97
1577,ORD-2577,20260619,3,11,3,3,New,3,13.1,0.05,Low (1-5%),2,39.3,1.98,37.32
1578,ORD-2578,20261122,21,3,5,3,Returning,2,22.5,0.0,No discount,1,45.0,0.0,45.0
1579,ORD-2579,20261213,14,10,1,4,Returning,3,630.0,0.08,Medium (6-10%),3,1890.0,151.2,1738.8
1580,ORD-2580,20261209,9,6,4,4,New,2,3666.6,0.1,Medium (6-10%),3,7333.2,733.32,6599.88
1581,ORD-2581,20260406,26,5,3,3,New,2,384.75,0.15,High (>10%),4,769.5,115.42,654.08
1582,ORD-2582,20261018,18,11,3,4,New,3,162.0,0.0,No discount,1,486.0,0.0,486.0
1583,ORD-2583,20260726,12,15,5,3,New,3,532.44,0.05,Low (1-5%),2,1597.32,79.87,1517.45
1584,ORD-2584,20260714,6,7,2,3,Returning,6,38.48,0.03,Low (1-5%),2,230.88,6.96,223.92
1585,ORD-2585,20261216,26,9,4,2,New,4,384.75,0.05,Low (1-5%),2,1539.0,76.95,1462.05
1586,ORD-2586,20261122,11,14,4,4,Returning,2,2880.0,0.0,No discount,1,5760.0,0.0,5760.0
1587,ORD-2587,20261226,23,8,1,3,Returning,6,16.2,0.15,High (>10%),4,97.2,14.58,82.62
1588,ORD-2588,20260311,4,6,4,3,New,2,47.03,0.2,High (>10%),4,94.06,18.82,75.24
1589,ORD-2589,20260406,26,6,4,3,Returning,3,384.75,0.08,Medium (6-10%),3,1154.25,92.34,1061.91
1590,ORD-2590,20260902,7,5,3,1,New,3,2619.0,0.08,Medium (6-10%),3,7857.0,628.56,7228.44
1591,ORD-2591,20261121,26,13,5,4,New,5,413.1,0.0,No discount,1,2065.5,0.0,2065.5
1592,ORD-2592,20260208,23,4,1,3,Returning,4,17.17,0.08,Medium (6-10%),3,68.68,5.49,63.19
1593,ORD-2593,20260615,15,15,5,2,Returning,2,1309.5,0.08,Medium (6-10%),3,2619.0,209.52,2409.48
1594,ORD-2594,20260316,1,14,4,3,Returning,5,58.5,0.05,Low (1-5%),2,292.5,14.62,277.88
1595,ORD-2595,20261031,12,2,2,4,New,4,553.32,0.0,No discount,1,2213.28,0.0,2213.28
1596,ORD-2596,20260314,6,4,1,2,New,6,42.93,0.08,Medium (6-10%),3,257.58,20.61,236.97
1597,ORD-2597,20260214,3,5,3,3,Returning,2,13.5,0.15,High (>10%),4,27.0,4.05,22.95
1598,ORD-2598,20261226,27,1,3,3,Returning,7,81.0,0.03,Low (1-5%),2,567.0,17.01,549.99
1599,ORD-2599,20261224,7,10,1,4,Returning,3,2565.0,0.15,High (>10%),4,7695.0,1154.25,6540.75
1600,ORD-2600,20261229,2,9,4,4,New,4,34.2,0.08,Medium (6-10%),3,136.8,10.94,125.86
1601,ORD-2601,20260530,6,11,3,3,Returning,3,42.12,0.05,Low (1-5%),2,126.36,6.32,120.04
1602,ORD-2602,20260611,12,8,1,4,New,5,506.34,0.08,Medium (6-10%),3,2531.7,202.54,2329.16
1603,ORD-2603,20260919,13,9,4,3,Returning,3,810.9,0.05,Low (1-5%),2,2432.7,121.63,2311.07
1604,ORD-2604,20261216,11,13,5,3,New,4,2880.0,0.03,Low (1-5%),2,11520.0,345.6,11174.4
1605,ORD-2605,20261206,9,7,2,4,Returning,2,3780.0,0.15,High (>10%),4,7560.0,1134.0,6426.0
1606,ORD-2606,20261108,14,13,5,3,Returning,2,630.0,0.0,No discount,1,1260.0,0.0,1260.0
1607,ORD-2607,20261223,15,3,5,2,Returning,2,1404.0,0.08,Medium (6-10%),3,2808.0,224.64,2583.36
1608,ORD-2608,20260315,2,5,3,4,New,6,34.2,0.03,Low (1-5%),2,205.2,6.16,199.04
1609,ORD-2609,20260107,7,7,2,4,Returning,2,2808.0,0.05,Low (1-5%),2,5616.0,280.8,5335.2
1610,ORD-2610,20260114,18,11,3,3,Returning,3,157.14,0.08,Medium (6-10%),3,471.42,37.71,433.71
1611,ORD-2611,20260302,25,5,3,2,Returning,4,293.76,0.2,High (>10%),4,1175.04,235.01,940.03
1612,ORD-2612,20261127,9,4,1,1,New,2,3591.0,0.2,High (>10%),4,7182.0,1436.4,5745.6
1613,ORD-2613,20261112,21,2,2,3,New,3,22.5,0.2,High (>10%),4,67.5,13.5,54.0
1614,ORD-2614,20260907,1,1,3,3,New,3,58.5,0.08,Medium (6-10%),3,175.5,14.04,161.46
1615,ORD-2615,20260306,19,7,2,1,Returning,10,252.0,0.1,Medium (6-10%),3,2520.0,252.0,2268.0
1616,ORD-2616,20261021,4,1,3,4,Returning,6,52.47,0.0,No discount,1,314.82,0.0,314.82
1617,ORD-2617,20260902,2,6,4,2,New,7,34.2,0.08,Medium (6-10%),3,239.4,19.15,220.25
1618,ORD-2618,20260720,27,13,5,4,Returning,3,85.86,0.05,Low (1-5%),2,257.58,12.88,244.7
1619,ORD-2619,20260529,19,10,1,3,Returning,2,244.44,0.0,No discount,1,488.88,0.0,488.88
1620,ORD-2620,20260209,9,4,1,1,Returning,2,3591.0,0.0,No discount,1,7182.0,0.0,7182.0
1621,ORD-2621,20260624,23,5,3,2,Returning,3,16.2,0.05,Low (1-5%),2,48.6,2.43,46.17
1622,ORD-2622,20260409,4,7,2,3,Returning,2,47.03,0.08,Medium (6-10%),3,94.06,7.53,86.53
1623,ORD-2623,20260826,2,1,3,4,Returning,9,35.57,0.08,Medium (6-10%),3,320.13,25.63,294.5
1624,ORD-2624,20261024,8,8,1,4,Returning,2,1684.8,0.0,No discount,1,3369.6,0.0,3369.6
1625,ORD-2625,20260528,18,14,4,1,New,11,162.0,0.2,High (>10%),4,1782.0,356.4,1425.6
1626,ORD-2626,20261026,20,7,2,4,New,6,32.76,0.08,Medium (6-10%),3,196.56,15.72,180.84
1627,ORD-2627,20260314,28,9,4,3,New,7,54.0,0.0,No discount,1,378.0,0.0,378.0
1628,ORD-2628,20260628,18,5,3,3,New,8,168.48,0.08,Medium (6-10%),3,1347.84,107.83,1240.01
1629,ORD-2629,20260613,6,11,3,3,New,3,40.5,0.2,High (>10%),4,121.5,24.3,97.2
1630,ORD-2630,20260528,14,7,2,2,Returning,2,598.5,0.15,High (>10%),4,1197.0,179.55,1017.45
1631,ORD-2631,20260116,13,7,2,2,Returning,4,765.0,0.03,Low (1-5%),2,3060.0,91.8,2968.2
1632,ORD-2632,20261211,23,2,2,1,New,16,16.2,0.08,Medium (6-10%),3,259.2,20.74,238.46
1633,ORD-2633,20261121,19,8,1,3,Returning,4,252.0,0.05,Low (1-5%),2,1008.0,50.4,957.6
1634,ORD-2634,20260514,21,9,4,4,Returning,4,23.85,0.2,High (>10%),4,95.4,19.08,76.32
1635,ORD-2635,20260903,25,8,1,3,New,6,293.76,0.03,Low (1-5%),2,1762.56,52.88,1709.68
1636,ORD-2636,20260122,4,4,1,3,Returning,5,50.49,0.15,High (>10%),4,252.45,37.87,214.58
1637,ORD-2637,20260702,24,11,3,1,Returning,10,7.63,0.08,Medium (6-10%),3,76.3,6.09,70.21
1638,ORD-2638,20260629,10,13,5,1,New,2,2385.0,0.05,Low (1-5%),2,4770.0,238.5,4531.5
1639,ORD-2639,20260722,26,11,3,3,Returning,4,392.85,0.05,Low (1-5%),2,1571.4,78.57,1492.83
1640,ORD-2640,20260911,25,14,4,4,New,5,293.76,0.08,Medium (6-10%),3,1468.8,117.5,1351.3
1641,ORD-2641,20260429,3,1,3,2,Returning,4,13.1,0.1,Medium (6-10%),3,52.4,5.26,47.14
1642,ORD-2642,20260617,1,6,4,2,Returning,3,58.5,0.2,High (>10%),4,175.5,35.1,140.4
1643,ORD-2643,20260414,21,5,3,4,Returning,4,23.85,0.03,Low (1-5%),2,95.4,2.86,92.54
1644,ORD-2644,20260410,20,5,3,1,Returning,9,31.5,0.03,Low (1-5%),2,283.5,8.5,275.0
1645,ORD-2645,20260617,7,12,2,3,Returning,5,2808.0,0.08,Medium (6-10%),3,14040.0,1123.2,12916.8
1646,ORD-2646,20261125,7,3,5,3,Returning,3,2700.0,0.03,Low (1-5%),2,8100.0,243.0,7857.0
1647,ORD-2647,20260909,27,14,4,3,New,2,81.0,0.0,No discount,1,162.0,0.0,162.0
1648,ORD-2648,20261121,11,5,3,4,Returning,5,2880.0,0.2,High (>10%),4,14400.0,2880.0,11520.0
1649,ORD-2649,20260107,13,14,4,2,Returning,3,726.75,0.08,Medium (6-10%),3,2180.25,174.42,2005.83
1650,ORD-2650,20260403,6,1,3,3,New,2,38.48,0.05,Low (1-5%),2,76.96,3.86,73.1
1651,ORD-2651,20260406,14,1,3,3,Returning,2,655.2,0.08,Medium (6-10%),3,1310.4,104.83,1205.57
1652,ORD-2652,20260313,5,10,1,3,Returning,7,72.0,0.08,Medium (6-10%),3,504.0,40.32,463.68
1653,ORD-2653,20261219,7,7,2,3,Returning,2,2700.0,0.05,Low (1-5%),2,5400.0,270.0,5130.0
1654,ORD-2654,20260522,26,4,1,3,New,6,429.3,0.03,Low (1-5%),2,2575.8,77.27,2498.53
1655,ORD-2655,20260127,27,4,1,2,Returning,3,78.57,0.15,High (>10%),4,235.71,35.36,200.35
1656,ORD-2656,20260629,3,15,5,4,New,7,14.04,0.05,Low (1-5%),2,98.28,4.91,93.37
1657,ORD-2657,20260923,4,10,1,2,New,2,50.49,0.08,Medium (6-10%),3,100.98,8.08,92.9
1658,ORD-2658,20260420,22,7,2,4,New,3,11.23,0.0,No discount,1,33.69,-0.01,33.7
1659,ORD-2659,20260318,9,13,5,4,Returning,2,3591.0,0.05,Low (1-5%),2,7182.0,359.1,6822.9
1660,ORD-2660,20260729,27,13,5,3,Returning,3,78.57,0.05,Low (1-5%),2,235.71,11.79,223.92
1661,ORD-2661,20261206,7,12,2,3,Returning,2,2700.0,0.2,High (>10%),4,5400.0,1080.0,4320.0
1662,ORD-2662,20260623,25,13,5,3,Returning,2,299.52,0.2,High (>10%),4,599.04,119.81,479.23
1663,ORD-2663,20261125,6,4,1,2,Returning,3,42.93,0.08,Medium (6-10%),3,128.79,10.3,118.49
1664,ORD-2664,20260615,14,9,4,3,Returning,4,630.0,0.03,Low (1-5%),2,2520.0,75.6,2444.4
1665,ORD-2665,20261121,13,7,2,3,Returning,2,795.6,0.03,Low (1-5%),2,1591.2,47.74,1543.46
1666,ORD-2666,20261112,28,7,2,3,New,3,55.08,0.03,Low (1-5%),2,165.24,4.96,160.28
1667,ORD-2667,20261005,7,14,4,2,New,2,2700.0,0.08,Medium (6-10%),3,5400.0,432.0,4968.0
1668,ORD-2668,20261211,19,7,2,3,Returning,4,244.44,0.05,Low (1-5%),2,977.76,48.89,928.87
1669,ORD-2669,20261114,20,9,4,3,New,9,33.39,0.08,Medium (6-10%),3,300.51,24.04,276.47
1670,ORD-2670,20260829,7,3,5,1,New,2,2700.0,0.05,Low (1-5%),2,5400.0,270.0,5130.0
1671,ORD-2671,20260504,15,8,1,3,Returning,2,1282.5,0.0,No discount,1,2565.0,0.0,2565.0
1672,ORD-2672,20261221,26,15,5,2,New,6,405.0,0.15,High (>10%),4,2430.0,364.5,2065.5
1673,ORD-2673,20261222,20,1,3,3,New,8,31.5,0.15,High (>10%),4,252.0,37.8,214.2
1674,ORD-2674,20260119,24,1,3,3,Returning,5,7.34,0.0,No discount,1,36.7,-0.02,36.72
1675,ORD-2675,20260423,15,10,1,1,Returning,3,1377.0,0.03,Low (1-5%),2,4131.0,123.93,4007.07
1676,ORD-2676,20260319,4,2,2,4,Returning,2,50.49,0.03,Low (1-5%),2,100.98,3.03,97.95
1677,ORD-2677,20261014,25,10,1,3,Returning,2,305.28,0.03,Low (1-5%),2,610.56,18.32,592.24
1678,ORD-2678,20260225,2,3,5,3,New,2,35.57,0.0,No discount,1,71.14,0.0,71.14
1679,ORD-2679,20260711,13,10,1,1,Returning,4,780.3,0.03,Low (1-5%),2,3121.2,93.64,3027.56
1680,ORD-2680,20260128,13,6,4,4,New,6,765.0,0.2,High (>10%),4,4590.0,918.0,3672.0
1681,ORD-2681,20261217,23,11,3,3,New,3,16.2,0.03,Low (1-5%),2,48.6,1.46,47.14
1682,ORD-2682,20260205,2,2,2,4,New,4,36.25,0.03,Low (1-5%),2,145.0,4.34,140.66
1683,ORD-2683,20260612,15,5,3,3,Returning,2,1377.0,0.08,Medium (6-10%),3,2754.0,220.32,2533.68
1684,ORD-2684,20260105,6,3,5,4,Returning,3,39.29,0.05,Low (1-5%),2,117.87,5.91,111.96
1685,ORD-2685,20260222,18,5,3,3,New,5,153.9,0.0,No discount,1,769.5,0.0,769.5
1686,ORD-2686,20260123,20,15,5,2,New,5,30.56,0.2,High (>10%),4,152.8,30.58,122.22
1687,ORD-2687,20260609,12,7,2,3,Returning,2,495.9,0.05,Low (1-5%),2,991.8,49.59,942.21
1688,ORD-2688,20260312,16,6,4,3,Returning,3,18.0,0.15,High (>10%),4,54.0,8.1,45.9
1689,ORD-2689,20261001,10,1,3,2,New,2,2250.0,0.08,Medium (6-10%),3,4500.0,360.0,4140.0
1690,ORD-2690,20260919,26,13,5,1,Returning,3,384.75,0.05,Low (1-5%),2,1154.25,57.71,1096.54
1691,ORD-2691,20261008,12,15,5,3,Returning,2,522.0,0.15,High (>10%),4,1044.0,156.6,887.4
1692,ORD-2692,20260617,2,2,2,2,New,8,33.17,0.2,High (>10%),4,265.36,53.05,212.31
1693,ORD-2693,20261120,25,4,1,2,New,5,293.76,0.05,Low (1-5%),2,1468.8,73.44,1395.36
1694,ORD-2694,20260305,19,5,3,4,Returning,3,239.4,0.05,Low (1-5%),2,718.2,35.91,682.29
1695,ORD-2695,20260118,22,14,4,4,New,4,11.45,0.08,Medium (6-10%),3,45.8,3.67,42.13
1696,ORD-2696,20260709,15,3,5,4,New,2,1350.0,0.03,Low (1-5%),2,2700.0,81.0,2619.0
1697,ORD-2697,20260528,2,8,1,3,New,2,32.49,0.0,No discount,1,64.98,0.0,64.98
1698,ORD-2698,20260505,13,10,1,3,New,3,726.75,0.08,Medium (6-10%),3,2180.25,174.42,2005.83
1699,ORD-2699,20260509,6,1,3,3,New,4,38.48,0.05,Low (1-5%),2,153.92,7.71,146.21
1700,ORD-2700,20260211,14,14,4,3,Returning,2,630.0,0.03,Low (1-5%),2,1260.0,37.8,1222.2
1701,ORD-2701,20260213,3,2,2,1,Returning,14,13.77,0.15,High (>10%),4,192.78,28.92,163.86
1702,ORD-2702,20260529,13,8,1,4,Returning,2,742.05,0.1,Medium (6-10%),3,1484.1,148.41,1335.69
1703,ORD-2703,20260513,25,1,3,2,New,7,273.6,0.03,Low (1-5%),2,1915.2,57.46,1857.74
1704,ORD-2704,20260605,5,11,3,4,Returning,2,72.0,0.05,Low (1-5%),2,144.0,7.2,136.8
1705,ORD-2705,20261127,9,5,3,1,Returning,2,3780.0,0.15,High (>10%),4,7560.0,1134.0,6426.0
1706,ORD-2706,20260309,14,6,4,2,Returning,3,598.5,0.08,Medium (6-10%),3,1795.5,143.64,1651.86
1707,ORD-2707,20260402,12,2,2,3,Returning,3,532.44,0.05,Low (1-5%),2,1597.32,79.87,1517.45
1708,ORD-2708,20260323,2,5,3,4,New,3,34.2,0.08,Medium (6-10%),3,102.6,8.21,94.39
1709,ORD-2709,20260708,5,1,3,2,Returning,7,76.32,0.15,High (>10%),4,534.24,80.14,454.1
1710,ORD-2710,20260529,13,9,4,3,New,2,810.9,0.0,No discount,1,1621.8,0.0,1621.8
1711,ORD-2711,20261003,10,2,2,4,Returning,2,2137.5,0.03,Low (1-5%),2,4275.0,128.25,4146.75
1712,ORD-2712,20261221,12,1,3,3,Returning,2,506.34,0.2,High (>10%),4,1012.68,202.54,810.14
1713,ORD-2713,20260823,26,11,3,3,New,2,405.0,0.0,No discount,1,810.0,0.0,810.0
1714,ORD-2714,20260423,27,15,5,3,New,6,82.62,0.0,No discount,1,495.72,0.0,495.72
1715,ORD-2715,20260423,14,1,3,2,Returning,4,642.6,0.05,Low (1-5%),2,2570.4,128.52,2441.88
1716,ORD-2716,20260322,14,10,1,3,Returning,2,667.8,0.05,Low (1-5%),2,1335.6,66.78,1268.82
1717,ORD-2717,20260218,26,5,3,1,Returning,10,421.2,0.15,High (>10%),4,4212.0,631.8,3580.2
1718,ORD-2718,20261001,3,6,4,4,Returning,2,13.5,0.1,Medium (6-10%),3,27.0,2.7,24.3
1719,ORD-2719,20260424,10,12,2,3,Returning,3,2182.5,0.03,Low (1-5%),2,6547.5,196.42,6351.08
1720,ORD-2720,20260106,9,12,2,3,Returning,2,3931.2,0.15,High (>10%),4,7862.4,1179.36,6683.04
1721,ORD-2721,20260623,20,6,4,3,Returning,2,32.13,0.1,Medium (6-10%),3,64.26,6.43,57.83
1722,ORD-2722,20260204,25,2,2,4,Returning,4,288.0,0.05,Low (1-5%),2,1152.0,57.6,1094.4
1723,ORD-2723,20260913,9,1,3,3,Returning,2,3666.6,0.2,High (>10%),4,7333.2,1466.64,5866.56
1724,ORD-2724,20260314,16,13,5,2,Returning,5,18.0,0.0,No discount,1,90.0,0.0,90.0
1725,ORD-2725,20261121,19,8,1,3,Returning,2,262.08,0.05,Low (1-5%),2,524.16,26.21,497.95
1726,ORD-2726,20261223,10,5,3,4,Returning,3,2295.0,0.15,High (>10%),4,6885.0,1032.75,5852.25
1727,ORD-2727,20261012,11,8,1,2,New,2,2937.6,0.05,Low (1-5%),2,5875.2,293.76,5581.44
1728,ORD-2728,20261231,2,10,1,2,New,3,36.25,0.08,Medium (6-10%),3,108.75,8.69,100.06
1729,ORD-2729,20260428,15,7,2,1,Returning,2,1431.0,0.05,Low (1-5%),2,2862.0,143.1,2718.9
1730,ORD-2730,20260924,16,8,1,3,Returning,3,18.0,0.03,Low (1-5%),2,54.0,1.62,52.38
1731,ORD-2731,20260828,23,14,4,4,Returning,3,15.71,0.15,High (>10%),4,47.13,7.06,40.07
1732,ORD-2732,20261102,2,14,4,3,Returning,4,34.2,0.1,Medium (6-10%),3,136.8,13.68,123.12
1733,ORD-2733,20261020,15,11,3,1,Returning,2,1431.0,0.15,High (>10%),4,2862.0,429.3,2432.7
1734,ORD-2734,20260128,26,8,1,3,Returning,2,405.0,0.0,No discount,1,810.0,0.0,810.0
1735,ORD-2735,20260122,10,8,1,1,Returning,3,2340.0,0.05,Low (1-5%),2,7020.0,351.0,6669.0
1736,ORD-2736,20260711,4,15,5,3,Returning,2,49.5,0.2,High (>10%),4,99.0,19.8,79.2
1737,ORD-2737,20260121,22,13,5,3,Returning,7,10.8,0.0,No discount,1,75.6,0.0,75.6
1738,ORD-2738,20260307,3,10,1,4,New,5,13.5,0.0,No discount,1,67.5,0.0,67.5
1739,ORD-2739,20260911,12,9,4,1,Returning,2,553.32,0.2,High (>10%),4,1106.64,221.33,885.31
1740,ORD-2740,20261222,22,11,3,4,Returning,7,10.8,0.08,Medium (6-10%),3,75.6,6.05,69.55
1741,ORD-2741,20260813,2,13,5,4,New,4,32.49,0.0,No discount,1,129.96,0.0,129.96
1742,ORD-2742,20260927,2,11,3,4,Returning,4,34.88,0.08,Medium (6-10%),3,139.52,11.15,128.37
1743,ORD-2743,20260130,2,11,3,2,New,3,34.2,0.1,Medium (6-10%),3,102.6,10.26,92.34
1744,ORD-2744,20260102,25,12,2,3,Returning,4,299.52,0.08,Medium (6-10%),3,1198.08,95.85,1102.23
1745,ORD-2745,20260607,28,10,1,3,New,4,54.0,0.03,Low (1-5%),2,216.0,6.48,209.52
1746,ORD-2746,20260121,20,1,3,1,Returning,10,31.5,0.2,High (>10%),4,315.0,63.0,252.0
1747,ORD-2747,20261128,3,13,5,3,New,2,14.31,0.1,Medium (6-10%),3,28.62,2.86,25.76
1748,ORD-2748,20260608,25,1,3,3,Returning,2,293.76,0.03,Low (1-5%),2,587.52,17.63,569.89
1749,ORD-2749,20261202,4,8,1,4,New,4,47.03,0.03,Low (1-5%),2,188.12,5.66,182.46
1750,ORD-2750,20260410,6,3,5,2,Returning,2,39.29,0.03,Low (1-5%),2,78.58,2.37,76.21
1751,ORD-2751,20260221,24,8,1,2,Returning,5,7.2,0.2,High (>10%),4,36.0,7.2,28.8
1752,ORD-2752,20260927,15,3,5,2,Returning,2,1404.0,0.05,Low (1-5%),2,2808.0,140.4,2667.6
1753,ORD-2753,20260702,17,10,1,2,Returning,7,675.0,0.08,Medium (6-10%),3,4725.0,378.0,4347.0
1754,ORD-2754,20260220,17,6,4,2,New,2,675.0,0.2,High (>10%),4,1350.0,270.0,1080.0
1755,ORD-2755,20260601,3,10,1,4,Returning,7,12.83,0.03,Low (1-5%),2,89.81,2.73,87.08
1756,ORD-2756,20261016,6,8,1,3,Returning,3,40.5,0.1,Medium (6-10%),3,121.5,12.15,109.35
1757,ORD-2757,20260802,15,11,3,1,New,3,1309.5,0.05,Low (1-5%),2,3928.5,196.42,3732.08
1758,ORD-2758,20260311,2,1,3,4,Returning,2,35.57,0.15,High (>10%),4,71.14,10.67,60.47
1759,ORD-2759,20260913,2,5,3,1,Returning,8,34.2,0.1,Medium (6-10%),3,273.6,27.36,246.24
1760,ORD-2760,20261209,3,5,3,2,New,3,13.77,0.05,Low (1-5%),2,41.31,2.07,39.24
1761,ORD-2761,20260312,14,2,2,3,Returning,2,667.8,0.05,Low (1-5%),2,1335.6,66.78,1268.82
1762,ORD-2762,20261126,6,11,3,3,Returning,4,39.29,0.1,Medium (6-10%),3,157.16,15.73,141.43
1763,ORD-2763,20260222,14,1,3,3,Returning,2,655.2,0.05,Low (1-5%),2,1310.4,65.52,1244.88
1764,ORD-2764,20260619,14,4,1,4,New,2,630.0,0.1,Medium (6-10%),3,1260.0,126.0,1134.0
1765,ORD-2765,20260221,7,14,4,1,Returning,2,2862.0,0.05,Low (1-5%),2,5724.0,286.2,5437.8
1766,ORD-2766,20261130,20,1,3,4,Returning,2,31.5,0.03,Low (1-5%),2,63.0,1.89,61.11
1767,ORD-2767,20260705,15,11,3,4,Returning,2,1350.0,0.0,No discount,1,2700.0,0.0,2700.0
1768,ORD-2768,20260302,20,6,4,3,New,4,31.5,0.05,Low (1-5%),2,126.0,6.3,119.7
1769,ORD-2769,20260623,15,1,3,3,Returning,3,1350.0,0.15,High (>10%),4,4050.0,607.5,3442.5
1770,ORD-2770,20260619,18,7,2,4,New,3,162.0,0.05,Low (1-5%),2,486.0,24.3,461.7
1771,ORD-2771,20260912,10,8,1,3,Returning,2,2385.0,0.1,Medium (6-10%),3,4770.0,477.0,4293.0
1772,ORD-2772,20261219,3,12,2,3,Returning,2,13.77,0.1,Medium (6-10%),3,27.54,2.75,24.79
1773,ORD-2773,20260205,2,3,5,4,Returning,2,33.17,0.0,No discount,1,66.34,-0.01,66.35
1774,ORD-2774,20260914,28,9,4,2,Returning,3,56.16,0.05,Low (1-5%),2,168.48,8.42,160.06
1775,ORD-2775,20261006,16,4,1,1,Returning,6,18.0,0.05,Low (1-5%),2,108.0,5.4,102.6
1776,ORD-2776,20261010,13,12,2,4,Returning,2,765.0,0.05,Low (1-5%),2,1530.0,76.5,1453.5
1777,ORD-2777,20260908,25,10,1,3,Returning,2,288.0,0.08,Medium (6-10%),3,576.0,46.08,529.92
1778,ORD-2778,20260620,15,15,5,1,New,2,1309.5,0.03,Low (1-5%),2,2619.0,78.57,2540.43
1779,ORD-2779,20261225,4,7,2,3,Returning,3,47.03,0.05,Low (1-5%),2,141.09,7.07,134.02
1780,ORD-2780,20261005,13,3,5,1,Returning,2,765.0,0.0,No discount,1,1530.0,0.0,1530.0
1781,ORD-2781,20260414,22,10,1,4,New,6,10.26,0.0,No discount,1,61.56,0.0,61.56
1782,ORD-2782,20260411,14,11,3,3,Returning,3,642.6,0.1,Medium (6-10%),3,1927.8,192.78,1735.02
1783,ORD-2783,20261105,14,15,5,2,Returning,5,611.1,0.08,Medium (6-10%),3,3055.5,244.44,2811.06
1784,ORD-2784,20261204,10,7,2,3,Returning,2,2182.5,0.15,High (>10%),4,4365.0,654.75,3710.25
1785,ORD-2785,20260529,10,1,3,2,New,3,2137.5,0.03,Low (1-5%),2,6412.5,192.37,6220.13
1786,ORD-2786,20260904,9,9,4,1,New,2,3931.2,0.1,Medium (6-10%),3,7862.4,786.24,7076.16
1787,ORD-2787,20260627,16,7,2,3,Returning,4,18.0,0.05,Low (1-5%),2,72.0,3.6,68.4
1788,ORD-2788,20260512,18,4,1,1,Returning,4,162.0,0.05,Low (1-5%),2,648.0,32.4,615.6
1789,ORD-2789,20260427,28,9,4,3,Returning,2,51.3,0.1,Medium (6-10%),3,102.6,10.26,92.34
1790,ORD-2790,20261214,25,14,4,3,Returning,2,288.0,0.08,Medium (6-10%),3,576.0,46.08,529.92
1791,ORD-2791,20260808,12,11,3,3,New,2,522.0,0.0,No discount,1,1044.0,0.0,1044.0
1792,ORD-2792,20260903,4,6,4,4,Returning,3,52.47,0.1,Medium (6-10%),3,157.41,15.74,141.67
1793,ORD-2793,20260511,22,15,5,4,New,2,10.26,0.1,Medium (6-10%),3,20.52,2.05,18.47
1794,ORD-2794,20260131,15,8,1,2,Returning,2,1431.0,0.0,No discount,1,2862.0,0.0,2862.0
1795,ORD-2795,20260926,5,11,3,3,New,2,68.4,0.08,Medium (6-10%),3,136.8,10.94,125.86
1796,ORD-2796,20260509,23,9,4,2,New,4,16.2,0.08,Medium (6-10%),3,64.8,5.18,59.62
1797,ORD-2797,20260410,15,10,1,4,Returning,2,1404.0,0.1,Medium (6-10%),3,2808.0,280.8,2527.2
1798,ORD-2798,20260612,14,4,1,3,New,4,630.0,0.08,Medium (6-10%),3,2520.0,201.6,2318.4
1799,ORD-2799,20260528,5,8,1,3,New,3,73.44,0.08,Medium (6-10%),3,220.32,17.63,202.69
1800,ORD-2800,20260930,13,12,2,1,Returning,3,810.9,0.2,High (>10%),4,2432.7,486.54,1946.16
1801,ORD-2801,20260302,19,5,3,3,Returning,5,252.0,0.2,High (>10%),4,1260.0,252.0,1008.0
1802,ORD-2802,20260630,19,3,5,3,Returning,6,267.12,0.15,High (>10%),4,1602.72,240.41,1362.31
1803,ORD-2803,20260204,7,8,1,2,Returning,2,2700.0,0.03,Low (1-5%),2,5400.0,162.0,5238.0
1804,ORD-2804,20261029,4,13,5,4,New,5,51.48,0.0,No discount,1,257.4,0.0,257.4
1805,ORD-2805,20260606,1,1,3,2,New,5,60.84,0.1,Medium (6-10%),3,304.2,30.42,273.78
1806,ORD-2806,20260821,26,6,4,2,Returning,2,405.0,0.05,Low (1-5%),2,810.0,40.5,769.5
1807,ORD-2807,20260629,15,4,1,3,Returning,2,1282.5,0.0,No discount,1,2565.0,0.0,2565.0
1808,ORD-2808,20261201,7,2,2,3,Returning,2,2754.0,0.08,Medium (6-10%),3,5508.0,440.64,5067.36
1809,ORD-2809,20260423,5,8,1,4,Returning,3,73.44,0.03,Low (1-5%),2,220.32,6.61,213.71
1810,ORD-2810,20261216,12,9,4,3,Returning,2,542.88,0.08,Medium (6-10%),3,1085.76,86.86,998.9
1811,ORD-2811,20260226,25,2,2,3,Returning,4,288.0,0.0,No discount,1,1152.0,0.0,1152.0
1812,ORD-2812,20261231,15,10,1,4,New,2,1404.0,0.05,Low (1-5%),2,2808.0,140.4,2667.6
1813,ORD-2813,20260509,1,13,5,3,Returning,3,55.58,0.0,No discount,1,166.74,0.01,166.73
1814,ORD-2814,20260417,11,11,3,1,New,2,2880.0,0.1,Medium (6-10%),3,5760.0,576.0,5184.0
1815,ORD-2815,20260119,3,12,2,2,Returning,2,13.1,0.03,Low (1-5%),2,26.2,0.8,25.4
1816,ORD-2816,20261210,2,13,5,4,Returning,6,34.2,0.05,Low (1-5%),2,205.2,10.26,194.94
1817,ORD-2817,20260713,2,6,4,3,Returning,4,34.2,0.0,No discount,1,136.8,0.0,136.8
1818,ORD-2818,20261225,22,11,3,2,New,3,11.45,0.08,Medium (6-10%),3,34.35,2.75,31.6
1819,ORD-2819,20261117,14,6,4,1,Returning,3,630.0,0.03,Low (1-5%),2,1890.0,56.7,1833.3
1820,ORD-2820,20260710,27,14,4,3,Returning,2,81.0,0.03,Low (1-5%),2,162.0,4.86,157.14
1821,ORD-2821,20260305,6,5,3,3,New,5,40.5,0.15,High (>10%),4,202.5,30.37,172.13
1822,ORD-2822,20261023,14,10,1,3,Returning,3,630.0,0.05,Low (1-5%),2,1890.0,94.5,1795.5
1823,ORD-2823,20260323,9,5,3,1,New,2,3931.2,0.1,Medium (6-10%),3,7862.4,786.24,7076.16
1824,ORD-2824,20260103,2,11,3,3,New,4,34.2,0.0,No discount,1,136.8,0.0,136.8
1825,ORD-2825,20260121,22,11,3,2,New,7,10.26,0.08,Medium (6-10%),3,71.82,5.75,66.07
1826,ORD-2826,20261227,26,8,1,3,Returning,3,384.75,0.08,Medium (6-10%),3,1154.25,92.34,1061.91
1827,ORD-2827,20260315,5,3,5,2,Returning,7,72.0,0.08,Medium (6-10%),3,504.0,40.32,463.68
1828,ORD-2828,20260929,19,10,1,3,Returning,4,257.04,0.15,High (>10%),4,1028.16,154.22,873.94
1829,ORD-2829,20261225,4,4,1,4,Returning,8,49.5,0.03,Low (1-5%),2,396.0,11.88,384.12
1830,ORD-2830,20260322,25,7,2,3,Returning,5,279.36,0.1,Medium (6-10%),3,1396.8,139.68,1257.12
1831,ORD-2831,20261212,24,10,1,4,Returning,3,7.63,0.2,High (>10%),4,22.89,4.57,18.32
1832,ORD-2832,20260112,6,9,4,2,Returning,5,42.12,0.1,Medium (6-10%),3,210.6,21.06,189.54
1833,ORD-2833,20260321,28,8,1,4,New,5,54.0,0.05,Low (1-5%),2,270.0,13.5,256.5
1834,ORD-2834,20260831,5,14,4,4,Returning,4,74.88,0.05,Low (1-5%),2,299.52,14.98,284.54
1835,ORD-2835,20261007,3,9,4,4,Returning,5,13.5,0.05,Low (1-5%),2,67.5,3.37,64.13
1836,ORD-2836,20261213,11,7,2,1,Returning,2,2880.0,0.05,Low (1-5%),2,5760.0,288.0,5472.0
1837,ORD-2837,20260719,27,4,1,3,New,5,76.95,0.08,Medium (6-10%),3,384.75,30.78,353.97
1838,ORD-2838,20260820,27,11,3,3,Returning,4,84.24,0.2,High (>10%),4,336.96,67.39,269.57
1839,ORD-2839,20261019,14,7,2,4,Returning,3,630.0,0.05,Low (1-5%),2,1890.0,94.5,1795.5
1840,ORD-2840,20260520,17,8,1,3,New,2,675.0,0.05,Low (1-5%),2,1350.0,67.5,1282.5
1841,ORD-2841,20261117,12,4,1,3,Returning,2,542.88,0.1,Medium (6-10%),3,1085.76,108.58,977.18
1842,ORD-2842,20261104,14,11,3,4,Returning,2,598.5,0.0,No discount,1,1197.0,0.0,1197.0
1843,ORD-2843,20260503,12,10,1,3,Returning,4,495.9,0.0,No discount,1,1983.6,0.0,1983.6
1844,ORD-2844,20261211,17,7,2,1,New,6,641.25,0.05,Low (1-5%),2,3847.5,192.37,3655.13
1845,ORD-2845,20260720,21,12,2,4,Returning,3,22.95,0.15,High (>10%),4,68.85,10.33,58.52
1846,ORD-2846,20260331,6,2,2,3,New,5,41.31,0.08,Medium (6-10%),3,206.55,16.52,190.03
1847,ORD-2847,20260228,16,13,5,3,New,3,18.72,0.05,Low (1-5%),2,56.16,2.81,53.35
1848,ORD-2848,20260315,9,10,1,1,Returning,2,3591.0,0.08,Medium (6-10%),3,7182.0,574.56,6607.44
1849,ORD-2849,20261221,26,1,3,4,Returning,2,384.75,0.15,High (>10%),4,769.5,115.42,654.08
1850,ORD-2850,20260523,8,1,3,3,Returning,2,1620.0,0.15,High (>10%),4,3240.0,486.0,2754.0
1851,ORD-2851,20260722,8,14,4,4,Returning,2,1620.0,0.0,No discount,1,3240.0,0.0,3240.0
1852,ORD-2852,20260510,9,11,3,2,Returning,2,3780.0,0.05,Low (1-5%),2,7560.0,378.0,7182.0
1853,ORD-2853,20260328,3,1,3,4,New,3,13.5,0.0,No discount,1,40.5,0.0,40.5
1854,ORD-2854,20260529,7,14,4,4,Returning,2,2700.0,0.03,Low (1-5%),2,5400.0,162.0,5238.0
1855,ORD-2855,20261127,22,11,3,3,New,3,10.8,0.05,Low (1-5%),2,32.4,1.62,30.78
1856,ORD-2856,20260327,10,4,1,4,New,4,2250.0,0.15,High (>10%),4,9000.0,1350.0,7650.0
1857,ORD-2857,20261225,27,7,2,2,Returning,2,85.86,0.15,High (>10%),4,171.72,25.76,145.96
1858,ORD-2858,20260924,28,14,4,3,New,2,54.0,0.08,Medium (6-10%),3,108.0,8.64,99.36
1859,ORD-2859,20261209,5,1,3,2,New,3,73.44,0.08,Medium (6-10%),3,220.32,17.63,202.69
1860,ORD-2860,20261101,7,8,1,4,Returning,2,2619.0,0.05,Low (1-5%),2,5238.0,261.9,4976.1
1861,ORD-2861,20260625,5,6,4,3,Returning,2,72.0,0.15,High (>10%),4,144.0,21.6,122.4
1862,ORD-2862,20260219,2,9,4,2,Returning,2,34.2,0.03,Low (1-5%),2,68.4,2.05,66.35
1863,ORD-2863,20260807,21,5,3,4,Returning,2,22.5,0.08,Medium (6-10%),3,45.0,3.6,41.4
1864,ORD-2864,20261214,24,10,1,4,Returning,3,6.98,0.03,Low (1-5%),2,20.94,0.62,20.32
1865,ORD-2865,20260106,28,6,4,4,New,2,54.0,0.1,Medium (6-10%),3,108.0,10.8,97.2
1866,ORD-2866,20260522,24,11,3,3,New,2,6.84,0.05,Low (1-5%),2,13.68,0.68,13.0
1867,ORD-2867,20260522,14,7,2,3,Returning,3,667.8,0.15,High (>10%),4,2003.4,300.51,1702.89
1868,ORD-2868,20261119,22,8,1,2,New,7,10.8,0.1,Medium (6-10%),3,75.6,7.56,68.04
1869,ORD-2869,20260429,21,6,4,4,Returning,2,21.83,0.08,Medium (6-10%),3,43.66,3.5,40.16
1870,ORD-2870,20260619,28,5,3,2,Returning,2,54.0,0.03,Low (1-5%),2,108.0,3.24,104.76
1871,ORD-2871,20260617,7,9,4,3,Returning,2,2700.0,0.2,High (>10%),4,5400.0,1080.0,4320.0
1872,ORD-2872,20260815,23,7,2,4,Returning,4,16.52,0.08,Medium (6-10%),3,66.08,5.27,60.81
1873,ORD-2873,20260217,4,13,5,2,New,5,52.47,0.08,Medium (6-10%),3,262.35,20.99,241.36
1874,ORD-2874,20261127,5,1,3,3,Returning,7,76.32,0.08,Medium (6-10%),3,534.24,42.74,491.5
1875,ORD-2875,20261017,20,14,4,2,Returning,3,31.5,0.1,Medium (6-10%),3,94.5,9.45,85.05
1876,ORD-2876,20260713,6,8,1,3,New,4,40.5,0.03,Low (1-5%),2,162.0,4.86,157.14
1877,ORD-2877,20260411,19,15,5,4,Returning,8,252.0,0.05,Low (1-5%),2,2016.0,100.8,1915.2
1878,ORD-2878,20260111,17,3,5,4,Returning,3,654.75,0.1,Medium (6-10%),3,1964.25,196.42,1767.83
1879,ORD-2879,20260518,2,10,1,2,Returning,4,33.17,0.1,Medium (6-10%),3,132.68,13.25,119.43
1880,ORD-2880,20260725,3,11,3,1,Returning,5,13.77,0.1,Medium (6-10%),3,68.85,6.88,61.97
1881,ORD-2881,20260410,5,1,3,3,Returning,6,72.0,0.2,High (>10%),4,432.0,86.4,345.6
1882,ORD-2882,20260228,6,9,4,3,Returning,6,41.31,0.1,Medium (6-10%),3,247.86,24.79,223.07
1883,ORD-2883,20260209,4,9,4,3,New,3,49.5,0.15,High (>10%),4,148.5,22.27,126.23
1884,ORD-2884,20261017,19,7,2,3,Returning,5,252.0,0.05,Low (1-5%),2,1260.0,63.0,1197.0
1885,ORD-2885,20260806,28,1,3,3,Returning,8,55.08,0.2,High (>10%),4,440.64,88.13,352.51
1886,ORD-2886,20260221,27,4,1,4,New,2,84.24,0.05,Low (1-5%),2,168.48,8.42,160.06
1887,ORD-2887,20260526,7,4,1,3,New,2,2565.0,0.1,Medium (6-10%),3,5130.0,513.0,4617.0
1888,ORD-2888,20260606,9,2,2,2,Returning,2,3931.2,0.2,High (>10%),4,7862.4,1572.48,6289.92
1889,ORD-2889,20260303,27,9,4,3,New,2,78.57,0.0,No discount,1,157.14,0.0,157.14
1890,ORD-2890,20261106,20,3,5,3,Returning,6,32.76,0.0,No discount,1,196.56,0.0,196.56
1891,ORD-2891,20260212,13,11,3,4,New,2,726.75,0.08,Medium (6-10%),3,1453.5,116.28,1337.22
1892,ORD-2892,20260630,2,4,1,2,New,2,36.25,0.15,High (>10%),4,72.5,10.87,61.63
1893,ORD-2893,20260826,27,5,3,3,Returning,3,85.86,0.08,Medium (6-10%),3,257.58,20.61,236.97
1894,ORD-2894,20261121,5,8,1,2,Returning,7,72.0,0.08,Medium (6-10%),3,504.0,40.32,463.68
1895,ORD-2895,20261125,20,8,1,3,Returning,2,33.39,0.08,Medium (6-10%),3,66.78,5.34,61.44
1896,ORD-2896,20260704,19,1,3,2,Returning,5,244.44,0.15,High (>10%),4,1222.2,183.33,1038.87
1897,ORD-2897,20261025,12,10,1,3,Returning,2,553.32,0.05,Low (1-5%),2,1106.64,55.33,1051.31
1898,ORD-2898,20261031,9,12,2,1,New,2,4006.8,0.05,Low (1-5%),2,8013.6,400.68,7612.92
1899,ORD-2899,20260920,5,11,3,2,Returning,8,74.88,0.03,Low (1-5%),2,599.04,17.97,581.07
1900,ORD-2900,20261206,3,14,4,3,New,6,13.5,0.05,Low (1-5%),2,81.0,4.05,76.95
1901,ORD-2901,20260824,8,3,5,4,New,2,1571.4,0.08,Medium (6-10%),3,3142.8,251.42,2891.38
1902,ORD-2902,20260927,1,13,5,3,New,2,56.75,0.05,Low (1-5%),2,113.5,5.68,107.82
1903,ORD-2903,20260531,14,3,5,3,Returning,3,598.5,0.1,Medium (6-10%),3,1795.5,179.55,1615.95
1904,ORD-2904,20260313,1,8,1,2,Returning,2,59.67,0.08,Medium (6-10%),3,119.34,9.55,109.79
1905,ORD-2905,20260610,25,9,4,3,Returning,3,288.0,0.0,No discount,1,864.0,0.0,864.0
1906,ORD-2906,20260701,11,6,4,4,New,2,3052.8,0.05,Low (1-5%),2,6105.6,305.28,5800.32
1907,ORD-2907,20260609,2,5,3,2,Returning,3,34.2,0.15,High (>10%),4,102.6,15.39,87.21
1908,ORD-2908,20260219,2,14,4,4,Returning,3,36.25,0.03,Low (1-5%),2,108.75,3.26,105.49
1909,ORD-2909,20260802,4,11,3,2,Returning,4,49.5,0.0,No discount,1,198.0,0.0,198.0
1910,ORD-2910,20260609,11,1,3,3,Returning,3,3052.8,0.08,Medium (6-10%),3,9158.4,732.67,8425.73
1911,ORD-2911,20260403,16,11,3,2,New,6,18.72,0.2,High (>10%),4,112.32,22.46,89.86
1912,ORD-2912,20260818,2,4,1,2,Returning,2,34.2,0.0,No discount,1,68.4,0.0,68.4
1913,ORD-2913,20261125,2,14,4,2,Returning,2,34.2,0.08,Medium (6-10%),3,68.4,5.47,62.93
1914,ORD-2914,20260705,19,8,1,3,New,3,252.0,0.1,Medium (6-10%),3,756.0,75.6,680.4
1915,ORD-2915,20261113,28,2,2,3,New,2,55.08,0.2,High (>10%),4,110.16,22.03,88.13
1916,ORD-2916,20260621,3,7,2,2,Returning,3,13.5,0.05,Low (1-5%),2,40.5,2.02,38.48
1917,ORD-2917,20260518,3,9,4,4,New,3,13.1,0.15,High (>10%),4,39.3,5.91,33.39
1918,ORD-2918,20260312,16,5,3,4,Returning,3,18.72,0.08,Medium (6-10%),3,56.16,4.49,51.67
1919,ORD-2919,20260509,5,5,3,3,New,3,72.0,0.0,No discount,1,216.0,0.0,216.0
1920,ORD-2920,20261015,12,4,1,4,New,2,553.32,0.1,Medium (6-10%),3,1106.64,110.66,995.98
1921,ORD-2921,20261002,22,11,3,4,Returning,4,11.23,0.1,Medium (6-10%),3,44.92,4.48,40.44
1922,ORD-2922,20261126,15,14,4,3,Returning,5,1431.0,0.0,No discount,1,7155.0,0.0,7155.0
1923,ORD-2923,20260219,3,4,1,4,New,2,12.83,0.2,High (>10%),4,25.66,5.14,20.52
1924,ORD-2924,20261016,8,15,5,1,Returning,3,1539.0,0.1,Medium (6-10%),3,4617.0,461.7,4155.3
1925,ORD-2925,20260101,27,12,2,3,Returning,2,85.86,0.0,No discount,1,171.72,0.0,171.72
1926,ORD-2926,20260117,11,12,2,1,Returning,3,2995.2,0.0,No discount,1,8985.6,0.0,8985.6
1927,ORD-2927,20260625,25,13,5,3,New,5,305.28,0.1,Medium (6-10%),3,1526.4,152.64,1373.76
1928,ORD-2928,20261219,15,15,5,1,Returning,3,1350.0,0.15,High (>10%),4,4050.0,607.5,3442.5
1929,ORD-2929,20261228,11,10,1,4,Returning,2,2736.0,0.1,Medium (6-10%),3,5472.0,547.2,4924.8
1930,ORD-2930,20260722,22,11,3,4,Returning,2,11.45,0.0,No discount,1,22.9,0.0,22.9
1931,ORD-2931,20260522,10,7,2,1,Returning,2,2250.0,0.0,No discount,1,4500.0,0.0,4500.0
1932,ORD-2932,20260428,28,3,5,3,New,3,56.16,0.05,Low (1-5%),2,168.48,8.42,160.06
1933,ORD-2933,20261220,4,12,2,3,Returning,3,51.48,0.1,Medium (6-10%),3,154.44,15.44,139.0
1934,ORD-2934,20260501,7,14,4,1,New,2,2619.0,0.03,Low (1-5%),2,5238.0,157.14,5080.86
1935,ORD-2935,20260917,4,12,2,2,New,2,49.5,0.05,Low (1-5%),2,99.0,4.95,94.05
1936,ORD-2936,20260723,17,14,4,3,New,3,702.0,0.15,High (>10%),4,2106.0,315.9,1790.1
1937,ORD-2937,20260515,5,5,3,3,New,4,72.0,0.03,Low (1-5%),2,288.0,8.64,279.36
1938,ORD-2938,20260214,16,8,1,4,Returning,3,17.1,0.15,High (>10%),4,51.3,7.69,43.61
1939,ORD-2939,20260202,9,11,3,4,New,2,3591.0,0.0,No discount,1,7182.0,0.0,7182.0
1940,ORD-2940,20260715,17,5,3,3,Returning,4,675.0,0.2,High (>10%),4,2700.0,540.0,2160.0
1941,ORD-2941,20261206,16,1,3,3,Returning,4,17.1,0.08,Medium (6-10%),3,68.4,5.47,62.93
1942,ORD-2942,20260327,9,15,5,1,Returning,5,3591.0,0.05,Low (1-5%),2,17955.0,897.75,17057.25
1943,ORD-2943,20261115,11,14,4,3,Returning,2,2793.6,0.05,Low (1-5%),2,5587.2,279.36,5307.84
1944,ORD-2944,20260524,23,3,5,4,New,3,16.2,0.03,Low (1-5%),2,48.6,1.46,47.14
1945,ORD-2945,20260214,3,12,2,3,New,6,13.5,0.08,Medium (6-10%),3,81.0,6.48,74.52
1946,ORD-2946,20260106,8,2,2,2,Returning,4,1684.8,0.15,High (>10%),4,6739.2,1010.88,5728.32
1947,ORD-2947,20261231,7,10,1,2,Returning,2,2862.0,0.15,High (>10%),4,5724.0,858.6,4865.4
1948,ORD-2948,20260415,28,4,1,1,Returning,3,51.3,0.2,High (>10%),4,153.9,30.78,123.12
1949,ORD-2949,20261011,1,2,2,4,New,6,59.67,0.15,High (>10%),4,358.02,53.7,304.32
1950,ORD-2950,20260124,11,6,4,1,Returning,2,2880.0,0.1,Medium (6-10%),3,5760.0,576.0,5184.0
1951,ORD-2951,20261120,13,3,5,3,New,5,726.75,0.1,Medium (6-10%),3,3633.75,363.37,3270.38
1952,ORD-2952,20261121,27,4,1,1,New,8,81.0,0.03,Low (1-5%),2,648.0,19.44,628.56
1953,ORD-2953,20260106,7,4,1,4,New,2,2700.0,0.15,High (>10%),4,5400.0,810.0,4590.0
1954,ORD-2954,20261017,4,2,2,4,Returning,3,51.48,0.1,Medium (6-10%),3,154.44,15.44,139.0
1955,ORD-2955,20261127,20,11,3,3,New,2,31.5,0.15,High (>10%),4,63.0,9.45,53.55
1956,ORD-2956,20260611,5,6,4,3,Returning,2,74.88,0.2,High (>10%),4,149.76,29.95,119.81
1957,ORD-2957,20260323,17,15,5,2,Returning,2,675.0,0.1,Medium (6-10%),3,1350.0,135.0,1215.0
1958,ORD-2958,20260818,6,8,1,4,Returning,2,40.5,0.0,No discount,1,81.0,0.0,81.0
1959,ORD-2959,20261216,12,4,1,3,Returning,3,553.32,0.08,Medium (6-10%),3,1659.96,132.8,1527.16
1960,ORD-2960,20260410,8,10,1,1,Returning,3,1539.0,0.05,Low (1-5%),2,4617.0,230.85,4386.15
1961,ORD-2961,20260928,21,8,1,4,Returning,2,21.83,0.2,High (>10%),4,43.66,8.74,34.92
1962,ORD-2962,20260317,5,11,3,3,Returning,4,76.32,0.0,No discount,1,305.28,0.0,305.28
1963,ORD-2963,20261020,19,15,5,1,Returning,3,262.08,0.1,Medium (6-10%),3,786.24,78.62,707.62
1964,ORD-2964,20261016,27,10,1,3,Returning,3,81.0,0.1,Medium (6-10%),3,243.0,24.3,218.7
1965,ORD-2965,20261103,12,4,1,3,Returning,2,495.9,0.03,Low (1-5%),2,991.8,29.75,962.05
1966,ORD-2966,20260923,19,2,2,1,Returning,5,239.4,0.05,Low (1-5%),2,1197.0,59.85,1137.15
1967,ORD-2967,20260325,6,1,3,2,Returning,4,42.12,0.1,Medium (6-10%),3,168.48,16.85,151.63
1968,ORD-2968,20260825,9,9,4,3,Returning,2,3591.0,0.05,Low (1-5%),2,7182.0,359.1,6822.9
1969,ORD-2969,20260514,16,12,2,3,Returning,2,18.0,0.0,No discount,1,36.0,0.0,36.0
1970,ORD-2970,20261129,12,9,4,3,New,2,522.0,0.0,No discount,1,1044.0,0.0,1044.0
1971,ORD-2971,20260907,26,8,1,3,Returning,4,405.0,0.03,Low (1-5%),2,1620.0,48.6,1571.4
1972,ORD-2972,20260807,11,11,3,3,New,2,2736.0,0.0,No discount,1,5472.0,0.0,5472.0
1973,ORD-2973,20260302,27,14,4,1,Returning,7,81.0,0.1,Medium (6-10%),3,567.0,56.7,510.3
1974,ORD-2974,20260930,6,2,2,3,New,2,41.31,0.0,No discount,1,82.62,0.0,82.62
1975,ORD-2975,20261214,24,6,4,2,Returning,6,7.49,0.03,Low (1-5%),2,44.94,1.36,43.58
1976,ORD-2976,20261104,11,14,4,1,Returning,4,3052.8,0.05,Low (1-5%),2,12211.2,610.56,11600.64
1977,ORD-2977,20260219,8,14,4,4,Returning,2,1620.0,0.15,High (>10%),4,3240.0,486.0,2754.0
1978,ORD-2978,20261026,2,2,2,3,Returning,3,34.2,0.1,Medium (6-10%),3,102.6,10.26,92.34
1979,ORD-2979,20261014,6,13,5,4,New,3,38.48,0.0,No discount,1,115.44,0.01,115.43
1980,ORD-2980,20261206,13,14,4,3,Returning,3,810.9,0.0,No discount,1,2432.7,0.0,2432.7
1981,ORD-2981,20261007,20,8,1,4,Returning,6,30.56,0.05,Low (1-5%),2,183.36,9.2,174.16
1982,ORD-2982,20260922,9,11,3,3,Returning,5,3931.2,0.15,High (>10%),4,19656.0,2948.4,16707.6
1983,ORD-2983,20260727,6,14,4,3,Returning,4,42.93,0.05,Low (1-5%),2,171.72,8.59,163.13
1984,ORD-2984,20260331,3,1,3,2,New,3,14.04,0.1,Medium (6-10%),3,42.12,4.21,37.91
1985,ORD-2985,20260708,12,8,1,4,Returning,4,542.88,0.08,Medium (6-10%),3,2171.52,173.72,1997.8
1986,ORD-2986,20260730,3,2,2,4,Returning,5,13.77,0.1,Medium (6-10%),3,68.85,6.88,61.97
1987,ORD-2987,20260126,23,1,3,4,Returning,4,16.2,0.1,Medium (6-10%),3,64.8,6.48,58.32
1988,ORD-2988,20260815,3,2,2,3,New,3,13.77,0.0,No discount,1,41.31,0.0,41.31
1989,ORD-2989,20260729,11,2,2,1,New,2,2736.0,0.1,Medium (6-10%),3,5472.0,547.2,4924.8
1990,ORD-2990,20260603,3,12,2,2,Returning,2,13.5,0.1,Medium (6-10%),3,27.0,2.7,24.3
1991,ORD-2991,20260512,15,2,2,3,New,2,1431.0,0.03,Low (1-5%),2,2862.0,85.86,2776.14
1992,ORD-2992,20260602,12,5,3,3,Returning,2,522.0,0.05,Low (1-5%),2,1044.0,52.2,991.8
1993,ORD-2993,20260207,19,14,4,2,Returning,4,252.0,0.15,High (>10%),4,1008.0,151.2,856.8
1994,ORD-2994,20260601,21,15,5,2,Returning,9,21.83,0.15,High (>10%),4,196.47,29.51,166.96
1995,ORD-2995,20260909,6,12,2,3,Returning,3,42.93,0.15,High (>10%),4,128.79,19.32,109.47
1996,ORD-2996,20261226,21,8,1,4,New,5,22.95,0.2,High (>10%),4,114.75,22.95,91.8
1997,ORD-2997,20260708,23,1,3,2,New,6,16.2,0.15,High (>10%),4,97.2,14.58,82.62
1998,ORD-2998,20260903,13,8,1,4,New,3,726.75,0.08,Medium (6-10%),3,2180.25,174.42,2005.83
1999,ORD-2999,20260604,16,10,1,4,Returning,5,17.46,0.03,Low (1-5%),2,87.3,2.62,84.68
2000,ORD-3000,20260315,12,3,5,2,Returning,4,522.0,0.0,No discount,1,2088.0,0.0,2088.0
